prob_diabetic_retinopathy,prob_macular_edema,prob_scar,prob_nevus,prob_amd,prob_vascular_occlusion,prob_hypertensive_retinopathy,prob_drusens,prob_hemorrhage,prob_myopic_fundus,prob_increased_cup_disc,file
0.9889066,0.5899145,0.026980931,8.3058396e-05,0.00015578125,0.2181347,0.26547027,0.0072104125,0.0005744192,0.0049211374,0.14738014,1.1.jpg
0.8771874,0.1596746,0.0012683414,1.4430797e-05,0.00082482316,0.20263724,0.0765817,0.013903961,2.7042419e-05,0.0025358736,0.47779942,1.2.jpg
0.99924266,0.6489332,0.26481298,0.0020144773,0.00015905501,0.1978377,0.34690058,0.05544367,0.002185959,0.0010860225,0.3857376,1.3.jpg
0.8367396,0.051479038,0.027739478,0.00032099342,0.0040478543,0.38480672,0.27733493,0.016678274,0.00034592004,0.056358643,0.3868995,1.4.jpg
0.07973044,0.004098259,0.0058852434,0.016054068,0.0012135076,0.00024968132,0.114855245,0.10173638,0.00037635813,0.51706624,0.43284988,10.1.jpg
0.003087155,0.00037428946,0.0015214072,0.011479765,0.00028574478,0.00010515487,0.008172126,0.20645471,0.00021324266,0.30347013,0.32385638,10.2.jpg
0.2563725,0.0055120257,0.03463313,0.017971857,0.0007451632,0.0020973764,0.11416706,0.106026135,0.002570181,0.46753687,0.8087576,10.3.jpg
0.013847901,0.0019317395,0.089704074,0.014697336,0.01758637,0.0006517122,0.049150668,0.10008668,0.0009853438,0.5515023,0.5967895,10.4.jpg
0.47518617,0.0011242367,0.01384982,0.0038331207,0.0001370464,0.0034432982,0.7150241,0.078417316,0.006083222,0.0052017327,0.17208664,100.1.jpg
0.033328857,0.003890498,0.04352816,0.08025584,0.033904195,0.015257689,0.23165041,0.08745584,0.074506454,0.23335722,0.16229944,100.2.jpg
0.105797544,0.0033049672,0.0011595092,0.0040742937,0.00018389484,8.782459e-05,0.15702555,0.40881538,0.0008069463,0.039631136,0.5273575,100.3.jpg
0.0041631134,0.00024830562,0.1215051,0.016162774,0.006041561,0.0013453683,0.02992159,0.1347236,0.0018143315,0.49072418,0.70661706,100.4.jpg
0.078902334,0.011168159,0.10706547,0.0035912215,0.0013934287,0.00067452184,0.028208848,0.6026355,0.0013022362,0.0029527307,0.43295285,1000.1.jpg
0.031765323,0.0047194804,0.18494911,0.015760142,0.009626203,0.0014751595,0.026322586,0.34635115,0.0005975569,0.014708636,0.901535,1000.2.jpg
0.0032596241,0.0003067343,0.022235207,0.0009518521,0.00018517525,3.8311744e-05,0.0018332544,0.11094394,3.3343233e-05,0.007668352,0.69583136,1000.3.jpg
0.004067904,0.0008711647,0.40721342,0.02087884,0.012095234,0.00021445114,0.0056575336,0.15275766,0.0020022392,0.023609161,0.5012964,1000.4.jpg
0.9887476,0.9944212,0.0014805722,0.0008108844,2.392237e-05,0.0016384894,0.015742384,0.058612213,3.2736757e-06,5.5594013e-05,0.97048116,1001.1.jpg
0.011863306,0.00056232547,0.00016592548,0.00013430278,1.0489372e-05,1.7399245e-05,0.013176098,0.1614609,1.455397e-06,0.0014998113,0.9987092,1001.2.jpg
0.20309708,0.034978103,0.0061142095,0.0015146999,0.000116617375,0.0018502374,0.056925964,0.16534655,6.195914e-05,0.03421537,0.9961301,1001.3.jpg
0.22187544,0.15943523,0.06644487,0.011264789,0.0007213156,0.009823755,0.045595665,0.1402143,0.00011174704,0.05179201,0.98853403,1001.4.jpg
0.1585112,0.010704539,0.07010539,0.11108929,0.02091256,0.110456556,0.053337596,0.055881202,0.015434144,0.74153006,0.53054744,1002.1.jpg
0.03684416,0.0009779255,0.08309233,0.120016634,0.04365938,0.1447518,0.108125344,0.12181659,0.004135554,0.443378,0.8374434,1002.2.jpg
0.0048454283,0.00015920826,0.00044578282,0.00089663983,0.0021066885,0.0003475258,0.008114018,0.016920187,0.00010064842,0.80870867,0.332776,1002.3.jpg
0.034781802,0.001695892,0.010716821,0.0031054723,0.010110454,0.035349242,0.05140224,0.026110036,0.0023639346,0.787799,0.18850726,1002.4.jpg
0.075676054,0.0036791347,0.013244253,0.08781784,0.00467075,0.001352588,0.0074687446,0.069907166,0.00061725505,0.8094551,0.8143728,1003.1.jpg
0.0026216728,0.00039519544,0.002172792,0.078907706,0.003455733,0.00030149636,0.0026138544,0.045551717,7.880856e-05,0.89205265,0.8858725,1003.2.jpg
0.021211797,0.003949207,0.04282452,0.10585032,0.09786208,0.0125739565,0.04631568,0.25085995,0.0023890587,0.40167692,0.7663331,1003.3.jpg
0.037717447,0.013570101,0.12653731,0.11978502,0.22024105,0.015597926,0.10716993,0.110642955,0.01346635,0.4393683,0.414183,1003.4.jpg
0.04287337,0.0015169935,0.07145358,0.18481141,0.013169249,0.0376078,0.22107147,0.12168955,0.001740615,0.29666024,0.9820758,1004.1.jpg
0.0016374774,0.00010663743,0.0071289917,0.023065308,0.0018945347,0.00047577382,0.06448484,0.035132874,0.00015362653,0.24595338,0.9542379,1004.2.jpg
0.03388395,0.010247058,0.04146191,0.07293342,0.0012374859,0.0025736208,0.05612117,0.063582174,0.00043761716,0.029450031,0.90464896,1004.3.jpg
0.0017877579,0.00022123805,0.0018357454,0.003984245,0.00014742487,2.6394868e-05,0.0030895586,0.050409026,2.5618889e-05,0.03804808,0.97408265,1004.4.jpg
0.41269407,0.24074991,0.019334903,0.0076852543,0.0023493804,0.01845347,0.57249117,0.69744736,0.00039421208,0.008371428,0.96034503,1005.1.jpg
0.17725293,0.10208395,0.01600057,0.028434282,0.0008865298,0.0010929445,0.04729145,0.029652407,0.0002589804,0.041518413,0.3805823,1005.2.jpg
0.29411653,0.0150978,0.043804213,0.011672798,0.00042157006,0.009567841,0.46039173,0.267846,0.00014129409,0.00946979,0.9321993,1005.3.jpg
0.26633632,0.023864591,0.15206784,0.01652056,0.02065202,0.028140746,0.7713061,0.47049975,0.003728619,0.04837448,0.89833623,1005.4.jpg
0.8975956,0.04241145,0.0062065953,0.019124538,0.000852077,0.005436325,0.36871913,0.097880885,0.0063249436,0.026187215,0.3601436,1006.1.jpg
0.37139642,0.015032225,0.017900378,0.10746631,0.0958727,0.024541615,0.05541419,0.32270148,0.07196833,0.21864401,0.24809623,1006.2.jpg
0.37836623,0.022621986,0.05213989,0.06220534,0.004674986,0.022645278,0.19404112,0.05476363,0.0009340927,0.12438078,0.79237795,1006.3.jpg
0.10129322,0.0024999066,0.016923979,0.08233927,0.0025752382,0.0021372084,0.018261548,0.16306546,0.005618235,0.30912143,0.8353165,1006.4.jpg
0.0105136875,0.005388049,0.0057340483,0.012689796,0.0003697075,0.0007493986,0.021418897,0.16172841,4.323225e-05,0.072134875,0.98940897,1007.1.jpg
0.00039665308,0.000108965054,0.06373472,0.0070451978,0.0018156733,0.0002895581,0.051703334,0.040898766,1.4057058e-05,0.014691557,0.8860174,1007.2.jpg
0.092152685,0.015617833,0.03136796,0.011205677,0.00028765269,0.0038477422,0.25053865,0.09128003,1.552375e-05,0.11746408,0.986296,1007.3.jpg
0.003418921,0.0012851757,0.016110899,0.0073127197,0.0005320036,0.0003262491,0.082433455,0.2885989,1.556726e-05,0.050552245,0.9922351,1007.4.jpg
0.106409766,0.037391268,0.004339,0.012405504,0.00028364474,0.0017538663,0.038039934,0.07127482,8.584432e-05,0.01951252,0.9583233,1008.1.jpg
0.32719314,0.339523,0.024688033,0.02402032,0.0008147567,0.010322082,0.19943745,0.07964177,0.0006089485,0.073090814,0.931659,1008.2.jpg
0.3433888,0.5207664,0.005046635,0.008300885,0.0034144854,0.0024409823,0.16294476,0.513981,0.00028667063,0.04286579,0.73910856,1008.3.jpg
0.54390395,0.8157805,0.00037069162,0.00045344647,3.1824424e-05,0.00019196796,0.007163406,0.012539297,2.0670266e-05,0.00011844898,0.07758907,1008.4.jpg
0.9915099,0.9893624,0.23163682,0.07100515,0.001508404,0.075394236,0.15167856,0.06756673,0.0053803585,0.0028666148,0.74461305,1009.1.jpg
0.62285095,0.04346316,0.5424665,0.06784164,0.00086707174,0.013576407,0.11525378,0.42425254,0.0019795953,0.029868718,0.9519206,1009.2.jpg
0.9290533,0.21559313,0.21070226,0.012538856,0.00330125,0.049717873,0.09370558,0.018038908,0.014430074,0.04176627,0.4671924,1009.3.jpg
0.10244591,0.0050772657,0.16176069,0.043344982,0.02247691,0.042039163,0.11887557,0.15378095,0.009116139,0.780195,0.9024091,1009.4.jpg
0.041996438,0.007105845,0.014993134,0.023788836,0.0013266981,0.0047038184,0.053588815,0.12599726,0.00027856693,0.45112777,0.9727538,101.1.jpg
0.01594618,0.0022641788,0.019387139,0.044492297,0.0031909007,0.013514565,0.077581294,0.1696386,0.0006059085,0.6923715,0.9876794,101.2.jpg
0.20347978,0.010557336,0.024987608,0.009472429,0.005693768,0.058537602,0.16103525,0.08868732,0.000367914,0.76922137,0.9941791,101.3.jpg
0.16774513,0.0062120515,0.044268217,0.0037356098,0.0014117277,0.029353824,0.09716974,0.09148097,0.00037962064,0.5159854,0.9919069,101.4.jpg
0.00082461216,0.00033581274,0.00052894105,0.0011602141,0.000158894,1.1463343e-05,0.0006926057,0.03921708,2.6562018e-06,0.01756099,0.98904884,1010.1.jpg
0.010722585,0.00057693466,0.011866404,0.0014689792,0.0014991144,1.8998746e-05,0.0038261206,0.37363502,1.0508075e-05,0.0039039669,0.9629245,1010.2.jpg
0.23413548,0.00514034,0.0014643505,4.9040395e-05,2.593919e-05,0.0010150307,0.17247075,0.073982716,5.2536016e-06,0.00095667754,0.90806824,1010.3.jpg
0.3287349,0.17149073,0.49944583,0.006234068,0.0049373223,0.018112907,0.3434882,0.21151656,0.001048769,0.02390138,0.9445044,1010.4.jpg
0.94344914,0.116671756,0.07431922,0.005459101,0.0025830423,0.034277447,0.27942988,0.07127942,0.03894145,0.014085356,0.2597581,1011.1.jpg
0.11986616,0.0058312193,0.059027743,0.01766048,0.09608163,0.055596586,0.2771087,0.08982181,0.038522262,0.38459453,0.19159912,1011.2.jpg
0.63827014,0.056857586,0.23754701,0.022885315,0.0214385,0.06443443,0.13056894,0.3503158,0.04973633,0.026710145,0.5613984,1011.3.jpg
0.029755853,0.0007806944,0.08157343,0.023797497,0.032208256,0.0054185335,0.080431715,0.21933708,0.002086408,0.32730427,0.58519083,1011.4.jpg
0.061966762,0.0017086334,0.22545503,0.008025534,0.0028265319,0.068059914,0.3937175,0.43784347,0.0021471402,0.19752355,0.8947122,1012.1.jpg
0.17637707,0.0125381,0.05843433,0.008686823,0.008141988,0.14387307,0.5498043,0.611414,0.016451186,0.30405527,0.8538153,1012.2.jpg
0.57866347,0.036593992,0.05402026,0.018394638,0.0031916804,0.03177923,0.7181483,0.21075596,0.028700253,0.023665821,0.54828537,1012.3.jpg
0.045337625,0.00067164446,0.04082897,0.0031034756,0.00046631438,0.0074654613,0.41025725,0.03331402,0.005496482,0.12646605,0.71720564,1012.4.jpg
0.33312687,0.022217812,0.07013399,0.041070182,0.011936699,0.15354769,0.73790216,0.22601286,0.060789503,0.18879426,0.45254874,1013.1.jpg
0.02702767,0.009001043,0.059869748,0.12689751,0.35134563,0.04579979,0.20466717,0.6683014,0.020812914,0.66074455,0.38881686,1013.2.jpg
0.06632211,0.002739188,0.029989028,0.023419471,0.00088743446,0.014656119,0.38223,0.2918829,0.0010349542,0.43140846,0.981811,1013.3.jpg
0.18996842,0.018571865,0.24004218,0.19901052,0.019078847,0.03725811,0.18453634,0.49285495,0.039804116,0.30658156,0.8320214,1013.4.jpg
0.84428245,0.47292897,0.09958107,0.054658376,0.046540342,0.016301133,0.61370814,0.58611953,0.024709703,0.03776506,0.89858395,1014.1.jpg
0.808581,0.33075303,0.046221722,0.055685386,0.08382282,0.010810511,0.30486774,0.7499475,0.015439252,0.0039373552,0.6640706,1014.2.jpg
0.89708024,0.5183903,0.31519955,0.049486052,0.0028258679,0.18658388,0.38645738,0.05745314,0.023832705,0.0077868667,0.8690874,1014.3.jpg
0.8566201,0.4162486,0.599017,0.42821497,0.07121711,0.29014307,0.4002762,0.4659142,0.6045824,0.022613881,0.5286925,1014.4.jpg
0.007811969,0.0012158846,0.0014294317,0.0010468699,0.0033775286,0.0017345399,0.11315418,0.05100056,0.0026316138,0.9869223,0.18968123,1015.1.jpg
0.014095995,0.0018820401,0.0019739263,0.0008087916,0.012472151,0.005919722,0.062388595,0.06018351,0.0064817998,0.99186265,0.11473949,1015.2.jpg
0.46807823,0.12194758,0.19029944,0.028174367,0.026132386,0.00882284,0.35885856,0.1741361,0.024831733,0.03843339,0.14675808,1015.3.jpg
0.30072913,0.06635225,0.15034088,0.02954434,0.07795308,0.0059421617,0.31419864,0.37291628,0.08433154,0.09974267,0.29800922,1015.4.jpg
0.13981597,0.026522396,0.05738356,0.10136591,0.010811307,0.0010199919,0.07707936,0.2598026,0.0013937856,0.049617898,0.978066,1016.1.jpg
0.09707303,0.044361494,0.02618912,0.046005256,0.023885094,0.00027362772,0.022892853,0.5261065,0.0008729338,0.021696422,0.8635054,1016.2.jpg
0.07210777,0.046365876,0.14928217,0.0364717,0.020047506,0.00150576,0.049342945,0.11854003,0.0047594127,0.054909967,0.86196077,1016.3.jpg
0.06329137,0.010128343,0.45722368,0.057027884,0.027928168,0.0031316322,0.09650023,0.5700232,0.03459968,0.010870565,0.40878722,1016.4.jpg
0.012966487,0.00017887696,0.04183351,0.0011114018,0.008885155,0.0042918883,0.16913316,0.10133181,0.00047738245,0.39937833,0.6025991,1017.1.jpg
0.14362906,0.0040076845,0.0063349768,0.0011185793,0.0026428215,0.020352531,0.31519958,0.30980185,0.0006699028,0.7310886,0.49586448,1017.2.jpg
0.19528499,0.04991981,0.12956883,0.010201261,0.0011363119,0.007139547,0.13396591,0.16321126,0.007488402,0.022202864,0.29820108,1017.3.jpg
0.5572897,0.03662616,0.08587241,0.01275095,0.0027529593,0.047015596,0.28882515,0.2212293,0.003132597,0.24682237,0.90336096,1017.4.jpg
0.091730975,0.005977176,0.015363819,0.005504659,0.008267597,0.023630744,0.018534161,0.0072795735,0.0028000257,0.9135612,0.410925,1018.1.jpg
0.0010138357,8.695243e-05,0.0017007816,0.00018035805,0.07533091,0.045802586,0.0104458695,0.019603498,7.501565e-05,0.7211074,0.3854783,1018.2.jpg
0.00146962,0.00096722133,0.0025402037,0.018389214,0.00065783295,0.00016477532,0.013087748,0.0033781517,0.00010667861,0.71854776,0.24349366,1018.3.jpg
0.0013230231,4.221423e-05,9.2298535e-05,2.7869564e-05,0.001072266,0.002627807,0.0037068427,0.009433269,3.6533472e-06,0.68713796,0.15909545,1018.4.jpg
3.9386585e-05,1.7809236e-06,0.0006060954,0.00080781034,0.000119207354,1.71332e-06,0.00033336427,0.103394054,1.1780003e-05,0.019285183,0.5574501,1019.1.jpg
0.000680832,5.208104e-05,0.013021759,0.0060605663,0.00034684813,0.00015926428,0.0047657816,0.036585674,0.0008300807,0.36949006,0.6330519,1019.2.jpg
0.0028501428,0.00013233378,0.0011353571,0.0015861455,0.0005666769,3.1184125e-05,0.0652105,0.29703942,1.749353e-05,0.023131885,0.3194831,1019.3.jpg
0.071294345,0.018078577,0.027453946,0.24027517,0.0021240565,0.0016349326,0.16982983,0.05594143,0.004481912,0.34732226,0.13571252,1019.4.jpg
0.03944188,0.012859965,0.094755165,0.03774377,0.05511682,0.0033661148,0.35811764,0.4970249,0.034029547,0.011586271,0.14739037,1020.1.jpg
0.0038517613,0.0008191375,0.46933866,0.07886474,0.0055363798,6.3324e-05,0.03402224,0.29038763,0.0027554464,0.006564452,0.09691148,1020.2.jpg
0.0053757057,0.0017403516,0.005272081,0.0059347902,0.00036663777,0.00023264825,0.36146998,0.10494519,5.4451866e-05,0.0027477306,0.4396392,1020.3.jpg
0.06415808,0.0083134,0.01841805,0.0060595144,0.002754561,0.0013300907,0.36709422,0.30243415,0.0011884476,0.0025465458,0.4235672,1020.4.jpg
0.16588767,0.0111547755,0.4939327,0.014528962,0.0007034031,0.0012903756,0.20382902,0.6370174,0.0016750833,0.010588817,0.5334237,1021.1.jpg
0.45346513,0.015715985,0.053682566,0.0032216774,0.00053903786,0.0069432594,0.37909913,0.46921748,0.0010475208,0.031857997,0.7416027,1021.2.jpg
0.008563883,0.0005451958,0.019100284,0.41787124,0.0019383894,7.5182936e-05,0.009544227,0.18765627,6.301028e-05,0.0055798087,0.8893871,1021.3.jpg
0.07264384,0.0016551156,0.038243636,0.019326529,0.0020417238,0.0003215864,0.06702662,0.40731028,0.00015716269,0.008901749,0.96858495,1021.4.jpg
0.0021998754,0.0010751288,0.0039525772,0.0051452294,0.00092280994,1.0772838e-05,0.042848118,0.14459004,0.0013401251,0.0007156582,0.2513824,1022.1.jpg
0.004237627,0.00018539891,0.021716952,0.014555258,0.0008808828,0.00016407325,0.03660695,0.49370286,0.00041222596,0.0070086657,0.46361396,1022.2.jpg
0.031085635,0.0003704655,0.0022070894,0.0013964355,2.5032721e-05,8.839753e-05,0.042399015,0.22926033,0.002354093,0.0005532225,0.16815202,1022.3.jpg
0.011370379,0.000415216,0.001960022,0.00081754907,2.6378764e-05,7.408401e-05,0.018232755,0.12837115,7.78207e-05,0.0069072163,0.16047135,1022.4.jpg
0.030799313,0.0014820223,0.004621474,0.0025630167,0.005975253,0.004000926,0.013702882,0.030824417,0.0007569448,0.56591237,0.6217203,1023.1.jpg
0.0007113527,5.6461795e-05,0.00026209536,0.00011517583,0.022406,0.0012296687,0.0076581924,0.023902453,1.35984565e-05,0.96595955,0.71406144,1023.2.jpg
0.16518877,0.0077311182,0.025658568,0.003653512,0.0017429995,0.08165129,0.02779608,0.08315131,0.0032803188,0.8473974,0.87048227,1023.3.jpg
0.0047864253,0.00033761744,0.0043259654,0.0013918921,0.02124471,0.0010649455,0.012734986,0.06301601,0.00034893444,0.8420669,0.8616184,1023.4.jpg
0.88879716,0.09641848,0.029555075,0.030504491,0.033448625,0.0010169201,0.3947205,0.9188813,0.0016790672,0.0063553536,0.94427216,1024.1.jpg
0.07270443,0.0034628557,0.19051224,0.05355132,0.03518245,0.0007716075,0.22110148,0.9921193,0.00067516236,0.019755695,0.9392537,1024.2.jpg
0.46327114,0.04802494,0.08522659,0.00607055,0.0055610184,0.0064697852,0.38739607,0.8492193,0.00077002274,0.0027288715,0.960998,1024.3.jpg
0.08103512,0.012536283,0.024314167,0.053579677,0.14973456,0.00700155,0.036173087,0.6166609,0.003976638,0.083978176,0.9930288,1024.4.jpg
0.9946337,0.9790373,0.015915971,0.024332196,0.0016200792,0.008811459,0.13906161,0.43746808,0.0061225523,0.0014228027,0.4528573,1025.1.jpg
0.9020112,0.22615539,0.06759796,0.06857765,0.007351576,0.033234578,0.41080332,0.45424876,0.036409907,0.009129803,0.30017576,1025.2.jpg
0.99143374,0.99758196,0.014391235,0.01877552,9.614165e-05,0.007224216,0.0315707,0.038297687,0.0001293276,0.00064292445,0.6996057,1025.3.jpg
0.9077256,0.38830698,0.03632946,0.034554698,0.0038975503,0.0008394319,0.09924306,0.61825424,0.0023073414,0.0509974,0.8351015,1025.4.jpg
0.31543484,0.0065306583,0.044666607,0.0011086018,0.0004802588,0.002585184,0.079598434,0.09820247,0.000114748625,0.34948236,0.5452317,1026.1.jpg
0.051023472,0.010267846,0.039739758,0.0073153535,0.0033305,0.020289907,0.1883152,0.3769299,0.00047597638,0.8402873,0.9637228,1026.2.jpg
0.2538918,0.010265075,0.00039443196,1.0022864e-05,7.55071e-06,0.00053527113,0.056014985,0.04737123,1.7720309e-06,0.00027188772,0.8058676,1026.3.jpg
0.052634273,0.009668815,0.014725037,0.001778638,0.00080566236,0.010054997,0.21763058,0.36302352,0.00023930095,0.16003892,0.9793249,1026.4.jpg
0.01262964,0.0012174817,0.06592132,0.04387611,0.010931248,0.0014495377,0.046429843,0.043898873,0.010825385,0.5670662,0.49258313,1027.1.jpg
0.21603294,0.019112125,0.14212091,0.046711825,0.07618604,0.088317096,0.23020658,0.20199794,0.0952915,0.89413357,0.6079148,1027.2.jpg
0.6980339,0.19065036,0.13829374,0.0082760975,0.0047165644,0.014976012,0.34831077,0.12295431,0.005830072,0.05881932,0.28568837,1027.3.jpg
0.1447504,0.008872453,0.0453654,0.014211865,0.016080672,0.020445094,0.27175963,0.26825318,0.0035051,0.5196476,0.36832315,1027.4.jpg
0.061001983,0.010018502,0.14760572,0.004254258,0.0019881006,0.0056084353,0.44465402,0.16764376,0.004208644,0.024530742,0.8695371,1028.1.jpg
0.043358054,0.005343111,0.4358395,0.13870108,0.006587587,0.043896914,0.3145628,0.10840696,0.014298766,0.5254677,0.9725103,1028.2.jpg
0.092813574,0.0012315947,0.019856492,0.046340775,0.001619554,0.026799947,0.3555359,0.1047683,0.00039355984,0.17814715,0.9960758,1028.3.jpg
0.4353343,0.08934344,0.05756034,0.122064635,0.028558038,0.010254205,0.081563786,0.18749438,0.0029053243,0.1787046,0.9924069,1028.4.jpg
0.5076099,0.33099094,0.08565296,0.009725799,0.066411786,0.6593654,0.41025078,0.1970252,0.013465474,0.5833797,0.46910223,1029.1.jpg
0.11582034,0.01446067,0.023550294,0.00030922506,0.0031161592,0.51462024,0.28958517,0.11545048,0.00073376263,0.32793155,0.79077923,1029.2.jpg
0.86489874,0.08450427,0.08235486,0.031020625,0.03996644,0.6700396,0.9080812,0.26457104,0.27290288,0.018751843,0.75606805,1029.3.jpg
0.57422996,0.022819899,0.06961268,0.031296365,0.026282793,0.19906914,0.60299414,0.29677328,0.2626458,0.07261273,0.9060111,1029.4.jpg
0.6091054,0.05616409,0.0033977167,0.0012041337,4.3619326e-05,0.00037309766,0.014337429,0.04782007,0.00010834877,0.06489185,0.55040056,103.1.jpg
0.029250082,0.0032590958,0.004391688,0.002740616,0.00025089885,0.0008484359,0.007917783,0.046198077,0.0007123676,0.406247,0.6670266,103.2.jpg
0.042739276,0.00075015274,0.030250529,0.002092264,0.0009621076,0.010012795,0.05090588,0.036914814,0.0018168689,0.22239675,0.5336551,103.3.jpg
0.22443615,0.009746215,0.066920176,0.03628708,0.005285584,0.010111423,0.022734713,0.086794764,0.010590755,0.8247253,0.72260916,103.4.jpg
0.092331395,0.011398182,0.037890416,0.045699008,0.060663253,0.0112080015,0.18167342,0.08440154,0.031136587,0.29467234,0.7184243,1030.1.jpg
0.046750337,0.0052063246,0.20401344,0.16244903,0.032901008,0.0066551827,0.12063444,0.18201114,0.011364033,0.6037062,0.78283906,1030.2.jpg
0.30642727,0.012639776,0.036468346,0.033368763,0.0009742518,0.0008535059,0.34151483,0.10738531,0.0031291638,0.026956646,0.18817897,1030.3.jpg
0.018905796,0.00039975674,0.016724696,0.020287726,0.0011100337,0.0004180484,0.13009632,0.09449704,0.00022809766,0.42606822,0.37727138,1030.4.jpg
0.78410685,0.7852214,0.039385103,0.016590375,0.002269488,0.000110863446,0.009000587,0.082385205,0.0005131562,0.00052338745,0.05422709,1031.1.jpg
0.1157168,0.04439755,0.0077667325,0.015672967,0.033804983,1.8231123e-05,0.035731457,0.61880577,0.0009146729,0.0001930699,0.0048819715,1031.2.jpg
0.9993736,0.99918836,0.00057418935,0.00056836894,0.0007490202,0.00025667757,0.077572584,0.03984554,0.00016670459,4.494376e-06,0.01713311,1031.3.jpg
0.9810291,0.93219244,0.06255073,0.040769715,0.0027482952,0.0039165383,0.24612577,0.23186076,0.0060923654,0.00035611598,0.008236631,1031.4.jpg
0.04943313,0.0037532842,0.0018040034,0.00041472408,0.00024521467,0.0011509237,0.021897392,0.013812476,0.0011113447,0.50290793,0.14637668,1032.1.jpg
0.0024057135,0.0001924527,0.00032725217,3.607967e-05,0.06266388,0.014976095,0.028185003,0.013817264,4.6735106e-05,0.8677293,0.06859479,1032.2.jpg
0.071535654,0.0064612487,0.03582533,0.006472431,0.011418457,0.025071805,0.11448171,0.010874242,0.0022162187,0.9681425,0.18571012,1032.3.jpg
0.008387661,0.0008473025,0.0041761636,0.002323156,0.20074661,0.027916523,0.07365899,0.023177302,0.001119799,0.97067326,0.18536672,1032.4.jpg
0.7689563,0.10069276,0.056541413,0.0032346917,0.0054089925,0.27440804,0.5385406,0.6776406,0.0016166099,0.01977334,0.89946234,1034.1.jpg
0.015150937,0.004044161,0.01290961,0.0069094608,0.030281244,0.0049086283,0.012526381,0.038250517,0.0006564964,0.6686306,0.30315217,1034.2.jpg
0.7380271,0.12270496,0.001819124,0.0006039707,0.00010231156,0.010309429,0.37761414,0.082479,4.481819e-05,0.0047387993,0.8088321,1034.3.jpg
0.31509775,0.05173528,0.012863548,0.011091736,0.0077449535,0.07649203,0.2814863,0.07873665,0.001729429,0.7191077,0.91346204,1034.4.jpg
0.016972337,0.009153714,0.007854812,0.00973884,0.00044225535,4.4775596e-05,0.010553487,0.019722553,0.00013622716,0.023793908,0.119644515,1035.1.jpg
0.05936006,0.008631606,0.010943163,0.014434204,0.0001766966,0.000698442,0.01810482,0.073866755,0.00021885075,0.46672645,0.18099655,1035.2.jpg
0.044932436,0.008665251,0.060207237,0.04083971,0.0016323025,0.0005612449,0.047702495,0.048645962,0.0015337925,0.09960482,0.25913447,1035.3.jpg
0.025026161,0.0025969048,0.033598352,0.048456863,0.0013486268,7.7929944e-05,0.009309832,0.09277923,0.0016918627,0.22575836,0.22870296,1035.4.jpg
0.8551286,0.18974884,0.035616793,0.04867722,0.016134022,0.15842739,0.524927,0.6129502,0.017177867,0.05367328,0.9012697,1036.1.jpg
0.15859123,0.015654542,0.050296567,0.11202278,0.0068408516,0.09970692,0.15987405,0.4255568,0.0024537072,0.3733753,0.9489883,1036.2.jpg
0.9775669,0.730605,0.029889707,0.031946238,0.034400955,0.046064097,0.8040563,0.6037032,0.029590057,0.013327906,0.523088,1036.3.jpg
0.6038736,0.1762936,0.102110304,0.1536865,0.025194677,0.03321599,0.22155201,0.7271266,0.011413201,0.19694273,0.9319252,1036.4.jpg
0.61924183,0.0854022,0.017514292,0.028769067,0.0013322085,0.0014808958,0.65263,0.45865214,0.0027232934,0.007664536,0.3308934,1037.1.jpg
0.011495223,0.0008877749,0.027373161,0.005641609,0.00095706043,0.00027929212,0.25273538,0.2496433,0.00040779213,0.0019623693,0.086764865,1037.2.jpg
0.07147299,0.004235071,0.053589292,0.023391522,0.002459894,0.000873997,0.12336416,0.09807962,0.0047180513,0.05896836,0.0927248,1037.3.jpg
0.001705189,0.00021759067,0.0037994536,0.0024360942,0.00025916786,0.0001291292,0.004567701,0.031735025,0.00011889291,0.0040459344,0.06537414,1037.4.jpg
0.037125193,0.0008500062,0.0011372676,0.0004052447,0.0075088325,0.0220031,0.04355327,0.010225113,0.000264416,0.89549696,0.07339195,1038.1.jpg
0.0045563346,9.212644e-05,1.2543603e-05,7.900239e-06,0.0014706791,0.00075101934,0.018534534,0.010766224,7.2447992e-06,0.65183604,0.011685655,1038.2.jpg
0.05463558,0.00057459937,0.00040900797,0.00019943531,0.051804755,0.05676978,0.12378318,0.014476193,0.00066201756,0.7435645,0.042297687,1038.3.jpg
0.058853798,0.0148633355,0.0038016418,0.0011583611,0.018627519,0.09331343,0.21206589,0.02701035,0.0015442132,0.67875797,0.15851814,1038.4.jpg
0.001464407,0.00037735846,0.007876904,0.003490932,0.023866184,0.0038665617,0.20897926,0.25160795,0.00022557049,0.92296374,0.65236604,1039.1.jpg
0.008433221,0.0019151532,0.0050577708,0.002968573,0.0881382,0.07331752,0.12424517,0.1736436,0.0038177732,0.98361164,0.43647763,1039.2.jpg
0.011374298,0.0013318686,0.00815518,0.001518655,0.0026795438,0.005894295,0.027177796,0.03134481,0.00012661914,0.8252009,0.4017685,1039.3.jpg
0.0049664755,0.0012439147,0.0013499735,0.00034191902,0.041419793,0.03313793,0.047128662,0.037399895,9.863312e-05,0.9711547,0.19612516,1039.4.jpg
0.99898976,0.8351713,0.10657386,0.0018766383,0.001199726,0.67580503,0.7342153,0.042991284,0.015441428,0.00093193824,0.668125,104.1.jpg
0.35418677,0.024955519,0.07805607,0.062765695,0.020561224,0.03947176,0.6155955,0.2954213,0.01444572,0.26696047,0.9867539,104.2.jpg
0.017699527,0.0006642105,0.0646097,0.010391595,0.0024911975,0.004184699,0.22122625,0.17089315,0.00023299565,0.32866845,0.9892702,104.3.jpg
0.17823002,0.009605011,0.11996517,0.016302394,0.006147271,0.06481595,0.56085235,0.23135279,0.009732023,0.1327113,0.98455423,104.4.jpg
0.7180503,0.6868584,0.09620416,0.064274095,0.12964761,0.020911569,0.4088096,0.9585263,0.03913677,0.0063313153,0.9021423,1040.1.jpg
0.06314989,0.04707668,0.42945322,0.03019834,0.13011448,0.021390582,0.33465737,0.65472376,0.008147897,0.08523738,0.90948147,1040.2.jpg
0.6685061,0.21398364,0.098851904,0.016611582,0.020490708,0.02346581,0.46910736,0.85341597,0.018829504,0.021051822,0.532782,1040.3.jpg
0.077578284,0.005860761,0.13953482,0.009496593,0.0064890133,0.0020205046,0.4648245,0.9394384,0.0057136007,0.00028945407,0.68869495,1040.4.jpg
0.40686452,0.056122534,0.01717476,0.049145907,0.00051713415,0.0052256654,0.22147463,0.18395595,0.0007162897,0.0832241,0.9859043,1041.1.jpg
0.04590402,0.00632787,0.0164355,0.1669625,0.0018441114,0.0012994752,0.07385932,0.3425415,0.0003907765,0.1952823,0.98585576,1041.2.jpg
0.08335779,0.028714763,0.059474614,0.2559599,0.0030679654,0.006514415,0.31378782,0.10971043,0.0005847146,0.13043505,0.9601231,1041.3.jpg
0.4107057,0.024982987,0.012989716,0.00759043,0.0015029057,0.0013964355,0.27739942,0.21553822,3.9444843e-05,0.00802793,0.9576754,1041.4.jpg
0.10263061,0.007946985,0.15895338,0.010787177,0.0020034383,0.030078404,0.5742507,0.46795213,0.0010189435,0.1295253,0.91382307,1042.1.jpg
0.019252568,0.0015532181,0.053319667,0.096850574,0.0056370096,0.011119796,0.15163663,0.21511789,0.00041843252,0.3275736,0.9886508,1042.2.jpg
0.08676998,0.0021868546,0.050308004,0.0044603054,0.000791951,0.0109807,0.19372527,0.2239613,0.00021347254,0.027118523,0.93838876,1042.3.jpg
0.027447427,0.0035446838,0.36890048,0.042622242,0.0041593416,0.10487572,0.25074083,0.30869684,0.0005567945,0.20978893,0.9632359,1042.4.jpg
0.28326112,0.07909819,0.39261472,0.199942,0.02176972,0.01873858,0.21443364,0.73389155,0.019249436,0.05179924,0.9589497,1043.1.jpg
0.0036205258,0.0010300557,0.36142352,0.11828197,0.02865152,0.0019367759,0.049263548,0.6342028,0.008680453,0.04289186,0.8812359,1043.2.jpg
0.10478138,0.10302347,0.7110336,0.40226793,0.32865262,0.0061537125,0.12127762,0.43023947,0.12447083,0.15788917,0.488207,1043.3.jpg
0.0023108765,0.00034315683,0.24570297,0.12359998,0.017649662,0.0001476342,0.044848464,0.107517265,0.004856823,0.050315414,0.41866666,1043.4.jpg
0.008450995,0.00036135173,0.013164904,0.0067632324,0.0012652786,0.0031800477,0.10887674,0.7692033,0.00013774444,0.030830964,0.95858324,1044.1.jpg
0.0042483574,0.0010935231,0.1239913,0.0054463185,0.09618946,0.090136744,0.1504376,0.8247877,0.0009700365,0.51558346,0.94481045,1044.2.jpg
0.014236143,0.0004387215,0.016956815,0.0037787652,0.00023528295,0.004356597,0.108280376,0.122235276,5.9481605e-05,0.008092731,0.8247725,1044.3.jpg
0.003337107,0.00023114342,0.10841518,0.0017658031,0.001071718,0.0017616458,0.057534713,0.115513794,1.4007986e-05,0.0051433844,0.4197184,1044.4.jpg
0.0651201,0.013507244,0.0626047,0.045442875,0.006526579,0.0044576004,0.079618484,0.33301005,0.01069005,0.24832737,0.90407974,1045.1.jpg
0.123748004,0.010272543,0.18052672,0.021891903,0.002980956,0.0024607389,0.22270267,0.19996125,0.02361013,0.27474132,0.3674364,1045.2.jpg
0.7278234,0.08469873,0.029113758,0.013423549,0.000490855,0.009765406,0.20395061,0.33393028,0.012898841,0.018821433,0.8789641,1045.3.jpg
0.08267595,0.0012576369,0.021896796,0.010932852,9.637369e-05,0.00054656446,0.05749023,0.16862704,0.0013440569,0.0081524,0.77965194,1045.4.jpg
0.022885922,0.00051243225,0.001033299,0.00019794455,0.020973694,0.14231592,0.12805526,0.047266547,0.0012748362,0.68047374,0.34218416,1047.1.jpg
0.28946874,0.0015777376,0.0069338856,0.0011796644,0.030326094,0.52864397,0.1413118,0.11887518,0.007261918,0.90655774,0.57846695,1047.2.jpg
0.072468415,0.0015009629,0.01470304,0.0044070766,0.01576199,0.13756312,0.48794585,0.02945341,0.0024622667,0.6581735,0.82872325,1047.3.jpg
0.002489435,0.0001593337,0.00035897165,0.00019617329,0.014408363,0.05767,0.047069352,0.07672076,5.295738e-05,0.8788872,0.5481416,1047.4.jpg
0.80563194,0.26213753,0.14750592,0.094857305,0.00044675017,0.5442762,0.3634989,0.06063254,0.008765998,0.018329412,0.9711548,1048.1.jpg
0.04788379,0.013985696,0.084139474,0.21650234,0.0048209084,0.020409746,0.32377607,0.20567252,0.004786041,0.3471487,0.9897854,1048.2.jpg
0.21077235,0.0019748143,0.14949544,0.0236794,0.0021743618,0.4044451,0.18337972,0.024718096,0.005362543,0.04146073,0.92328364,1048.3.jpg
0.22979665,0.00883763,0.282325,0.23497477,0.0017494323,0.11907729,0.369417,0.41884258,0.0010931268,0.034925934,0.98624146,1048.4.jpg
0.03649552,0.0063415323,0.0076016015,0.029728388,0.0009304159,0.011979404,0.21219495,0.08919611,6.979971e-05,0.026640614,0.99831474,1049.1.jpg
0.07130067,0.014034652,0.01651376,0.008261321,0.0030680178,0.012231534,0.174876,0.28968135,9.67514e-05,0.020634124,0.99792576,1049.2.jpg
0.18110527,0.053140167,0.022969631,0.012808564,0.0009483385,0.023298567,0.289415,0.11694708,0.0001352244,0.0500381,0.9924493,1049.3.jpg
0.046114013,0.012373454,0.05386094,0.022655802,0.0030037374,0.010650832,0.10762128,0.18092233,0.0001895536,0.03857598,0.9946391,1049.4.jpg
0.12352258,0.032084815,0.03866058,0.12809454,0.023782762,0.07797193,0.615431,0.15140647,0.0033560614,0.27071378,0.9880046,105.1.jpg
0.010474748,0.012046689,0.22173093,0.14006017,0.029148988,0.011454258,0.1301242,0.07523147,0.007170436,0.18877782,0.97625333,105.2.jpg
0.07580631,0.093931705,0.075176135,0.063462675,0.003729879,0.007869284,0.31392103,0.35287482,0.0006228782,0.027701063,0.9539038,105.3.jpg
0.009897447,0.005211701,0.1599923,0.14954565,0.013867834,0.02212818,0.09049816,0.101067066,0.0006442269,0.06988481,0.9914477,105.4.jpg
0.2594496,0.09521581,0.18476078,0.11884513,0.008581902,0.05724564,0.27429986,0.13319883,0.00056295726,0.08597879,0.902418,1050.1.jpg
0.6343765,0.12761442,0.020829955,0.06755773,0.0014166448,0.0010875501,0.20552064,0.10704981,3.636257e-05,0.0064396737,0.9250631,1050.2.jpg
0.37174746,0.08113065,0.024011312,0.0025039846,0.10299838,0.782195,0.12965727,0.031090103,0.026275275,0.92739505,0.72856236,1050.3.jpg
0.777115,0.09528581,0.008380869,0.0011579258,0.007822237,0.1006995,0.057431478,0.067207895,0.00062495854,0.1687809,0.54637414,1050.4.jpg
0.81573796,0.29034656,0.059480008,0.072012,0.003130659,0.052429423,0.24407461,0.31431222,0.004130442,0.009726882,0.98556626,1051.1.jpg
0.09999588,0.03494618,0.04560376,0.021554122,0.0015604314,0.005885888,0.014121928,0.45940483,0.00035147395,0.016849337,0.99109846,1051.2.jpg
0.13222784,0.0025799628,0.003550521,0.0014263394,8.568296e-05,0.0014947697,0.057986382,0.15021735,0.0004423211,0.022710389,0.98729056,1051.3.jpg
0.11761622,0.056296233,0.19494411,0.0957976,0.0046976632,0.00555679,0.028938815,0.4318136,0.0020035794,0.0441118,0.927871,1051.4.jpg
0.99296606,0.9984401,0.0033661178,0.0004085417,1.8148328e-05,0.002116632,0.032248702,0.0022282158,0.00017093697,5.637791e-05,0.18000495,1053.1.jpg
0.99859184,0.9964289,0.007885812,0.00085396186,1.050557e-05,0.0008653434,0.044749804,0.0023122313,0.00014160106,3.0394674e-05,0.119150355,1053.2.jpg
0.95071507,0.9915161,0.008330561,0.0048045833,0.0011801027,0.0017537794,0.07194579,0.09620893,0.00018265424,0.00030745566,0.27636343,1053.3.jpg
0.87764114,0.86381114,0.0120218685,0.025200456,0.005737954,0.00063299143,0.12556134,0.149033,0.004860145,0.0033243848,0.28824753,1053.4.jpg
0.9999782,0.99457884,0.0006600058,4.6569116e-05,1.18675175e-07,0.0097249625,0.34726724,0.002025103,1.7634416e-06,3.371204e-07,0.26263788,1054.1.jpg
0.99931204,0.7101223,0.00019880575,0.00014555316,1.6881144e-06,0.0020645033,0.4317813,0.009230757,3.763659e-05,5.172963e-07,0.24589686,1054.2.jpg
0.9997991,0.350621,0.0020646171,0.0002191487,1.4362795e-06,0.007929872,0.40741238,0.0040147295,0.00018989967,5.3064477e-06,0.2637413,1054.3.jpg
0.99972886,0.8183341,0.0017605115,0.00012331048,4.4059007e-06,0.03344817,0.5964311,0.0037927597,0.00014386863,3.4788886e-06,0.1985658,1054.4.jpg
0.94454104,0.90395314,0.003959396,0.0018982396,0.00025618367,0.01821272,0.029619468,0.0120813735,2.0719306e-05,0.002181291,0.7231357,1055.1.jpg
0.64889514,0.31832552,0.0040275934,0.0025869356,0.0015767607,0.0052197296,0.13417377,0.09789803,0.00016202418,0.010711565,0.7962791,1055.2.jpg
0.780428,0.7614866,0.0006425226,0.00068572885,0.00013286331,0.0018594125,0.049706206,0.07202292,3.206512e-05,0.0014119961,0.93846893,1055.3.jpg
0.18359816,0.059526894,0.012512704,0.0019234099,0.0011316527,0.022376116,0.38491628,0.101064555,5.806513e-05,0.03214892,0.99037397,1055.4.jpg
0.6489753,0.014968423,0.11167935,0.013429567,0.015337973,0.010446137,0.5662622,0.659793,0.055329457,0.015004532,0.5213107,1056.1.jpg
0.021532249,0.00031029855,0.07925116,0.009129311,0.07569439,0.0057756305,0.036082517,0.1216166,0.0012247424,0.13883503,0.9453483,1056.2.jpg
0.5284008,0.11728987,0.4423439,0.1054318,0.009477433,0.14333335,0.5875566,0.24748549,0.030950049,0.35534728,0.8452053,1056.3.jpg
0.00020648842,2.8095319e-05,0.09344018,0.0011600029,0.006272919,7.1041686e-05,0.004475825,0.43270737,8.1040016e-05,0.06816972,0.13863412,1056.4.jpg
0.010757822,0.005466181,0.11150426,0.2650634,0.008645889,0.0021100112,0.021241952,0.31025732,0.03685832,0.07551469,0.70446587,1057.1.jpg
0.00025228533,4.024343e-05,0.025854478,0.01161958,0.00056773896,2.3457509e-05,0.00031315154,0.056097925,9.209896e-05,0.011770702,0.3319128,1057.2.jpg
0.5056752,0.087356694,0.5697711,0.12251609,0.0050609414,0.046294916,0.4039006,0.2916826,0.032503795,0.062583886,0.61084825,1057.3.jpg
0.001459337,0.00014739226,0.08275599,0.08699567,0.0013349889,1.4472032e-05,0.005728631,0.06273272,0.00017542111,0.021749774,0.4299376,1057.4.jpg
0.037780486,0.004396826,0.07140367,0.027580382,0.003219049,0.023734238,0.27739906,0.14384097,0.0024051184,0.2691308,0.8844657,1058.1.jpg
0.0035244501,0.0016682865,0.13006288,0.019619986,0.17941946,0.08713065,0.11910715,0.31082597,0.0015897949,0.94483274,0.9291288,1058.2.jpg
0.21131247,0.06907622,0.18575631,0.08199698,0.03464873,0.16667207,0.8251419,0.31716818,0.015107155,0.3881217,0.9623404,1058.3.jpg
0.10709343,0.019379381,0.024045965,0.013304244,0.056246825,0.2594734,0.42048675,0.5251336,0.013634264,0.77503943,0.9856601,1058.4.jpg
0.010781505,0.0003418905,0.007821708,0.0004160673,0.00060139725,0.0033126303,0.04366372,0.014218254,0.00019250133,0.5322848,0.35321423,1059.1.jpg
0.0021072268,0.0003042296,0.0073865284,0.0015090377,0.14674988,0.025021106,0.008794787,0.02267437,0.00054897007,0.9686772,0.30801752,1059.2.jpg
0.021816866,0.0055985805,0.00733071,0.0047371644,0.0005785967,0.0022366042,0.07475189,0.00894458,0.000101362806,0.21029043,0.5104698,1059.3.jpg
0.013987256,0.0014710958,0.018848322,0.007296334,0.112761915,0.032398894,0.026936015,0.031073507,0.0027319214,0.9872099,0.7083141,1059.4.jpg
0.9698788,0.062087264,0.0038693855,0.0003793191,1.2190187e-05,0.57379746,0.8269366,0.019573782,0.002952071,1.6676848e-05,0.27779353,106.1.jpg
0.93634814,0.01894522,0.0012384964,4.8111222e-05,6.1007454e-06,0.317768,0.4774784,0.029988343,0.0015166714,6.9421603e-06,0.2933102,106.2.jpg
0.9994956,0.8016754,0.008411009,0.003620665,0.00015602208,0.005019585,0.3823287,0.002795638,0.0035303312,0.000111351976,0.026371485,106.3.jpg
0.98737085,0.06853719,0.00038860476,0.00011442618,2.2898831e-07,0.013799174,0.5198321,0.0031097014,9.5593416e-05,6.72677e-07,0.056401756,106.4.jpg
0.9973916,0.9519649,0.011653352,0.00072592247,8.0135906e-05,0.1478659,0.09523313,0.0012359716,2.2911398e-05,0.00031490056,0.30497196,1060.1.jpg
0.96443,0.8830696,0.07405213,0.02747103,0.0018294286,0.2083272,0.13868272,0.039549123,0.051836874,0.0023459243,0.569187,1060.2.jpg
0.5045642,0.18034534,0.073198,0.028002353,0.04060899,0.5387753,0.7516337,0.24850832,0.18650267,0.846533,0.5689934,1060.3.jpg
0.25052932,0.065957345,0.056897182,0.017351624,0.076734394,0.8902926,0.6049033,0.19461122,0.26924047,0.70304346,0.7618876,1060.4.jpg
0.05293704,0.0025228998,0.052756254,0.0904598,0.0010620195,0.00032442782,0.022726165,0.17103219,0.0034402858,0.34711185,0.6346512,1061.1.jpg
0.011709519,0.0006018201,0.100538775,0.1469025,0.042391274,0.0003550505,0.014925757,0.3101048,0.0069329757,0.31291607,0.65725535,1061.2.jpg
0.45394877,0.18714936,0.28396603,0.65399134,0.01917902,0.0024521647,0.092928134,0.17362073,0.014877647,0.49507675,0.6221528,1061.3.jpg
0.060416892,0.01341639,0.17995703,0.21849835,0.040730357,0.0016687918,0.066719756,0.17413367,0.005404708,0.20569903,0.5621935,1061.4.jpg
0.07114323,0.00374308,0.03531273,0.021976674,0.0019218151,0.0005608048,0.0447636,0.27195534,0.00017120189,0.0035988654,0.9686779,1063.1.jpg
0.070239626,0.0056897523,0.273172,0.26815435,0.010214944,0.0018508735,0.03231152,0.29063967,0.0009973648,0.008523411,0.9234246,1063.2.jpg
0.59679496,0.07912639,0.01225055,0.02015293,0.002918249,0.020926189,0.1126025,0.29806152,0.0005401027,0.019118594,0.9875206,1063.3.jpg
0.045199938,0.003955266,0.050768178,0.0496541,0.004771512,0.0040084273,0.12773888,0.4668175,0.00072348694,0.25207096,0.9895341,1063.4.jpg
0.39658713,0.010652928,0.032348394,0.013936623,0.0017422371,0.004225435,0.5743036,0.34195825,0.009720963,0.025575306,0.45492285,1064.1.jpg
0.21701008,0.014658095,0.11325366,0.02092577,0.040057488,0.018798873,0.5978181,0.5275811,0.050835583,0.12930776,0.4355732,1064.2.jpg
0.9444028,0.088950634,0.041561157,0.007847197,0.0001350001,0.0005703464,0.18683521,0.097571924,0.00034811822,0.0063001513,0.1783732,1064.3.jpg
0.1585583,0.035441764,0.7514736,0.22574338,0.045837414,0.008920636,0.2528071,0.22837867,0.03129276,0.13770856,0.11229681,1064.4.jpg
0.00718484,0.00022934265,0.0014769321,0.018704094,0.000572312,4.3790196e-06,0.0012980965,0.22189558,1.8859171e-05,0.04812708,0.8560371,1065.1.jpg
0.048118345,0.013592106,0.041723937,0.032209147,0.030321762,0.0072391895,0.05799261,0.27283108,0.0051605874,0.6245228,0.5105761,1065.2.jpg
0.029594645,0.0024035424,0.041159905,0.092075706,0.0020063864,0.0004836413,0.009771729,0.27092764,0.00062458013,0.06247676,0.69196105,1065.3.jpg
0.0020761073,0.0004718268,0.009562844,0.018933482,0.026045676,0.0005582716,0.016611753,0.53958523,0.0011114458,0.062005132,0.8202579,1065.4.jpg
0.004927474,0.0003993067,0.013412956,0.029626988,0.00034688218,0.0002655615,0.012083701,0.19379164,0.00024609486,0.26852992,0.9861312,1066.1.jpg
0.0022417884,0.00014282354,0.028289264,0.016606668,0.000812379,0.00037765037,0.006637795,0.10578584,0.00025224517,0.21557088,0.92323536,1066.2.jpg
0.50812405,0.0095816245,0.038708523,0.013609014,0.00051203335,0.035624035,0.3385886,0.29381028,0.0013019404,0.019978402,0.9856296,1066.3.jpg
0.024975592,0.0037753815,0.05159243,0.0050976407,0.0001926723,0.0023178703,0.081612095,0.2341564,0.00010230141,0.10411213,0.98402274,1066.4.jpg
0.012364787,0.0021753998,0.004743518,0.0006907913,0.00015710545,3.7971215e-05,0.015734171,0.094492406,2.7602786e-05,0.025874497,0.5783132,1067.1.jpg
0.0013842717,0.000324259,0.0026745384,0.017694652,0.007371629,0.0002845573,0.1276235,0.44551063,0.00065036723,0.28243726,0.77990484,1067.2.jpg
0.04974415,0.05715421,0.021122027,0.005319237,0.00041566376,0.00085731846,0.03416975,0.12601545,0.0003005934,0.27985764,0.4857989,1067.3.jpg
0.09405146,0.026002755,0.028484968,0.0037147615,0.0024672071,0.00094217603,0.06965947,0.5837204,0.0007670822,0.24439374,0.8325743,1067.4.jpg
0.38107413,0.19399698,0.105394885,0.32088375,0.01635323,0.014499396,0.16951756,0.4839679,0.004951342,0.11671785,0.74465543,1068.1.jpg
0.14255762,0.01096332,0.051117763,0.18837935,0.009698556,0.04063108,0.26480153,0.08830483,0.0071934713,0.7029183,0.9520714,1068.2.jpg
0.99682885,0.99854183,0.0077080517,0.01869813,7.4717864e-05,0.035020273,0.16693549,0.14518528,0.0003599974,6.312431e-05,0.5815256,1068.3.jpg
0.9466585,0.91838354,0.27724147,0.043771904,0.00819205,0.3717708,0.24818496,0.082588896,0.032660984,0.1700079,0.5796466,1068.4.jpg
0.057391394,0.0032812094,0.027649926,0.0100405505,0.00019883303,0.0071563516,0.12910447,0.15629393,4.075796e-05,0.119615674,0.9958419,1069.1.jpg
0.07165309,0.013822462,0.04749139,0.04344463,0.011063414,0.033833787,0.37776163,0.49707726,0.0050858627,0.8237153,0.98066807,1069.2.jpg
0.6726755,0.21327586,0.07547878,0.008473132,0.009740307,0.019507503,0.19967432,0.21302871,0.0029094936,0.061024193,0.58470815,1069.3.jpg
0.096322455,0.00097435096,0.009900742,0.0067659654,0.01025326,0.007517914,0.25072113,0.4309054,0.0010053172,0.025437083,0.96115434,1069.4.jpg
0.3676463,0.09351987,0.14016227,0.037525788,0.0010409025,0.013424679,0.27107525,0.3617044,0.0009923049,0.0045024385,0.8067189,107.1.jpg
0.016714858,0.0030247045,0.15077922,0.2587669,0.04117251,0.008508072,0.13112576,0.054081086,0.009865825,0.447878,0.51655245,107.2.jpg
0.9795997,0.5336914,0.0011964167,0.010513419,0.001322232,0.010045737,0.31386232,0.25237384,0.0023491357,0.0025329045,0.15553945,107.3.jpg
0.2114864,0.0061254282,0.021691397,0.3026752,0.038934886,0.0063613188,0.45876896,0.105390675,0.0069570392,0.49828345,0.6628473,107.4.jpg
0.07338584,0.0004996813,0.0028549752,0.0033556102,0.0011034061,0.015173693,0.055025946,0.0038279735,0.002703835,0.11152374,0.114842184,1070.1.jpg
0.01874213,0.0002764785,0.004926616,0.0059729107,0.13788028,0.03303166,0.050765242,0.01626644,0.0050839353,0.86914474,0.20785177,1070.2.jpg
0.31841996,0.008842502,0.005291431,0.049837064,0.0057831053,0.011083141,0.052566286,0.012412218,0.0048914296,0.9157445,0.421971,1070.3.jpg
0.05229601,0.0018162861,0.006225309,0.043225054,0.018278746,0.020000488,0.047264516,0.05914309,0.028988265,0.92695373,0.43950072,1070.4.jpg
0.9217486,0.16542907,0.029219585,0.030115945,0.00021481294,0.16475451,0.37570152,0.045943946,0.00030795232,0.0055420613,0.98996824,1071.1.jpg
0.30978206,0.04687974,0.13500848,0.08173061,0.0056324466,0.35591733,0.30405077,0.11252028,0.0027883456,0.5658319,0.98815906,1071.2.jpg
0.9580156,0.08158281,0.014924265,0.0014041228,8.759901e-05,0.16190295,0.46208888,0.009794309,0.00014271299,0.0007035677,0.9890003,1071.3.jpg
0.34446248,0.021041552,0.054237362,0.011299921,0.0011101019,0.3791532,0.56175685,0.091257565,0.00111292,0.08473195,0.99704355,1071.4.jpg
0.50283265,0.056474205,0.23600519,0.008957773,0.026995437,0.058519937,0.88562894,0.7428704,0.023464942,0.010978764,0.81931984,1072.1.jpg
0.17241828,0.010851161,0.45538673,0.045490865,0.0013324927,0.014655789,0.21834746,0.046936464,0.007736911,0.0036817503,0.2461347,1072.2.jpg
0.9782094,0.85673195,0.010022405,0.0017485338,0.0035314988,0.007569321,0.2692193,0.13741384,0.0003732293,0.0004468909,0.70120287,1072.3.jpg
0.9912123,0.90015006,0.014559539,0.003099831,0.00032132224,0.0079141995,0.38633794,0.049764566,0.00065240415,5.6059034e-05,0.23399384,1072.4.jpg
0.47623083,0.02906468,0.03959595,0.022993663,0.001888465,0.17215735,0.43415457,0.056405865,0.061088055,0.38908234,0.68600243,1073.1.jpg
0.6588666,0.039808255,0.112825,0.026313214,0.004919956,0.49324083,0.5354006,0.11926792,0.11430104,0.5585948,0.7281542,1073.2.jpg
0.05818424,0.012990686,0.019189307,0.0037303446,0.00049521297,0.008030004,0.022316929,0.0066782786,0.00037254515,0.5123164,0.42305553,1073.3.jpg
0.94836104,0.77131873,0.3487278,0.05323397,0.03522939,0.36731207,0.55789274,0.23792976,0.19520372,0.10139805,0.41489765,1073.4.jpg
0.75282335,0.08110948,0.075012624,0.16735628,0.0127139725,0.0070415027,0.644546,0.25958014,0.020134715,0.08123469,0.8021073,1074.1.jpg
0.019189177,0.004684176,0.14848223,0.09732207,0.055645004,0.009957061,0.30713797,0.18393198,0.15949857,0.314077,0.69967866,1074.2.jpg
0.010871113,0.0011756024,0.0450387,0.0022697442,0.0031211001,0.004219343,0.16855146,0.13953069,0.007600386,0.070002645,0.92860234,1074.3.jpg
0.0056466744,0.0012251916,0.06353609,0.03485541,0.026556095,0.000862683,0.05850485,0.09187199,0.006938132,0.13829039,0.8398779,1074.4.jpg
0.02427694,0.0017957028,0.055521537,0.0012268937,0.008990984,0.019658808,0.18156138,0.012161299,0.00065762515,0.5958015,0.26642677,1075.1.jpg
0.014333972,0.001374572,0.00070479,0.00034501546,0.004944932,0.010838239,0.033732153,0.02558614,4.388519e-05,0.7805737,0.1017253,1075.2.jpg
0.00181975,0.00015635703,0.00057356444,0.00036569664,0.023232255,0.017986223,0.09295023,0.024666736,0.00010327018,0.6498238,0.40475848,1075.3.jpg
0.007347148,0.0007885123,0.001330768,0.0027916473,0.03724799,0.0390251,0.07439942,0.1035614,0.000102798185,0.6577999,0.64107805,1075.4.jpg
0.035979293,0.0008417848,0.15557384,0.0076867193,0.0019784868,0.00031169775,0.029404638,0.37794933,0.0009915517,0.0035826557,0.12497646,1077.1.jpg
0.0052577415,0.00024643648,0.34187245,0.015933882,0.043072097,0.0009999712,0.042709608,0.34762084,0.0060364082,0.027358409,0.22418016,1077.2.jpg
0.056998964,0.0011277427,0.0020648856,0.0010233204,8.774976e-05,0.00014791489,0.018665934,0.04415878,0.0033284586,0.00389673,0.023229685,1077.3.jpg
0.005459953,0.0027625824,0.013285827,0.038581878,0.019172734,1.7798331e-05,0.002990583,0.188852,0.007404867,0.03494711,0.09233046,1077.4.jpg
0.9057437,0.62649906,0.013630148,0.005301032,0.015465091,0.0025179344,0.4521866,0.35120767,0.0034994553,0.0033298223,0.614787,1079.1.jpg
0.22567442,0.025896255,0.24995647,0.006185942,0.0018247701,0.00336261,0.6301414,0.54662484,0.00020448974,0.004842247,0.3835347,1079.2.jpg
0.2172682,0.010821965,0.097646594,0.006260275,0.0005393914,0.0015855236,0.35227674,0.17853932,0.00039989187,0.023314586,0.6293614,1079.3.jpg
0.7537388,0.10898925,0.017098896,0.0046481686,0.00018749414,0.0010790259,0.33958116,0.63955694,7.392473e-05,0.0011365624,0.79005396,1079.4.jpg
0.7165733,0.5709454,0.18219434,0.14509872,0.034384083,0.25057244,0.20538962,0.27786684,0.018037938,0.84334654,0.7056533,108.1.jpg
0.006562956,0.0008962085,0.015499865,0.0025962342,0.03940337,0.0030192782,0.0259237,0.43876705,8.463919e-05,0.60331726,0.8619326,108.2.jpg
0.60374993,0.60329795,0.057058338,0.023737116,0.04519136,0.10315943,0.4845953,0.739794,0.0068754926,0.16041875,0.49108702,108.3.jpg
0.6190027,0.47465435,0.28920808,0.03306642,0.35439402,0.30516374,0.35856432,0.47798967,0.015512588,0.23933263,0.34835073,108.4.jpg
0.007758531,0.0014846545,0.0086569395,0.0015135644,5.1922256e-05,0.00030541065,0.061138477,0.2523722,4.512375e-06,0.016814332,0.9866087,1080.1.jpg
0.016870117,0.0063485247,0.0075301947,0.0027990777,0.00023040497,0.00062555866,0.09750889,0.07001407,1.4465368e-05,0.01615398,0.9905432,1080.2.jpg
0.50694203,0.44426715,0.2208169,0.01823535,0.001959,0.01018664,0.0813399,0.17274,0.00019770407,0.06329198,0.9805886,1080.3.jpg
0.0032722778,0.00073639204,0.014879333,0.0056681503,4.1864485e-05,0.00018231566,0.020877099,0.15790695,3.6959389e-06,0.022509001,0.9979158,1080.4.jpg
0.10735401,0.0032461903,0.012394677,0.0002068796,2.3146406e-05,0.00036694497,0.074244395,0.5532566,3.1343723e-06,0.0027009079,0.99802965,1081.1.jpg
0.021942988,0.0074234484,0.02911784,0.0027291297,0.00017159003,0.000653838,0.022378536,0.5591498,1.2365845e-05,0.005311955,0.9821307,1081.2.jpg
0.64424336,0.23525017,0.012713225,0.00649013,0.00012623963,0.01267024,0.0324704,0.18601455,1.648866e-05,0.0064630248,0.99726284,1081.3.jpg
0.8349662,0.5116893,0.01691144,0.013906504,1.4770472e-05,0.007514983,0.060483634,0.16318923,6.960111e-05,0.00050966366,0.9686822,1081.4.jpg
0.31044933,0.038636066,0.21133754,0.106836304,0.056564026,0.2617176,0.29759777,0.2144567,0.04572497,0.41012242,0.8697719,1082.1.jpg
0.0013917376,0.00018946198,0.012301071,0.0063142986,0.07409842,0.0025902807,0.10937752,0.08260277,0.0008321964,0.19280452,0.5988424,1082.2.jpg
0.018117964,0.0029732496,0.044950668,0.009876214,0.00402692,0.0025017087,0.12230776,0.026950285,0.0007683556,0.8742275,0.6175746,1082.3.jpg
0.06622898,0.007266942,0.10568006,0.013961268,0.016668307,0.016589988,0.13101494,0.056233414,0.04284975,0.8429514,0.6502119,1082.4.jpg
0.9934727,0.9708397,0.1556543,0.044251263,0.12329835,0.07659824,0.5689336,0.30404508,0.05973423,0.024466768,0.32461104,1083.1.jpg
0.6391559,0.14698131,0.025025556,0.027129903,0.080081545,0.0033476797,0.78320324,0.80664045,0.0346293,0.0014986977,0.1705403,1083.2.jpg
0.9860423,0.81695473,0.6824922,0.1442693,0.030725133,0.01762444,0.13364282,0.039926887,0.023599502,0.007431119,0.7093712,1083.3.jpg
0.036318243,0.0034446712,0.15733019,0.051077247,0.046240486,0.0008958162,0.06862191,0.51146454,0.0032095509,0.020118263,0.42501682,1083.4.jpg
0.7573612,0.37959436,0.2178903,0.012596337,0.008097816,0.22131898,0.3720272,0.12797475,0.011012895,0.12327994,0.9570405,1084.1.jpg
0.004498636,0.00075036654,0.12761308,0.0015095234,0.00041456954,0.0015946463,0.03826082,0.27749372,4.616775e-05,0.026482752,0.87424034,1084.2.jpg
0.53168845,0.054302238,0.0029607955,0.00033477964,0.00014086133,0.00028637258,0.11193101,0.25030917,0.00016029297,0.0017720466,0.21711671,1084.3.jpg
0.06581545,0.009499186,0.26450038,0.0022335928,0.00126507,0.014348286,0.098597996,0.16162366,0.00092246,0.15023305,0.94133955,1084.4.jpg
0.0038506088,0.0001406144,0.00897613,0.0024417555,0.0050481698,0.0006311788,0.03624593,0.0501604,0.000103567014,0.13867992,0.311021,1085.1.jpg
0.0032094745,5.7494515e-05,0.0060384884,0.004491076,0.003586469,0.0002390305,0.02549241,0.03602746,0.0004769394,0.1060949,0.19253623,1085.2.jpg
0.06175728,0.00035646377,0.0062432326,0.01694782,0.00095355127,0.0016508342,0.17862815,0.12710002,0.0017766808,0.02296139,0.85736924,1085.3.jpg
0.13954721,0.0010698402,0.033179518,0.13565032,0.0018455777,0.0015621977,0.28642458,0.2827023,0.0043648514,0.021062752,0.5381294,1085.4.jpg
0.013089595,0.0036469034,0.0015745336,0.046513416,0.0011458228,0.0002699662,0.018918542,0.035616368,0.00018861014,0.847157,0.130386,1086.1.jpg
0.0023538866,0.00017083906,9.230716e-05,0.0074221874,2.03547e-05,3.2326527e-06,0.0016951244,0.016905567,1.1703089e-05,0.76254886,0.055688556,1086.2.jpg
0.016307786,0.0039731073,0.020522665,0.04438601,0.0072432966,0.002700024,0.0384199,0.12714252,0.0019564452,0.5807994,0.14292149,1086.3.jpg
0.0011227909,0.0005036569,0.018233271,0.084980145,0.018364621,0.00036051476,0.011982435,0.16898371,0.00042229204,0.973796,0.10618422,1086.4.jpg
0.13899976,0.0022267448,0.03833064,0.0074667227,0.0026159685,0.056990042,0.11043397,0.08618728,0.005313397,0.6505961,0.82497984,1087.1.jpg
0.013351309,0.00045985854,0.016175007,0.003668751,0.1082184,0.018167727,0.018049262,0.073933624,0.0016711011,0.89861,0.6167825,1087.2.jpg
0.12095734,0.007499919,0.027840462,0.002211517,0.01752415,0.067373455,0.028425876,0.0044187075,0.0021269883,0.7253391,0.13184232,1087.3.jpg
0.0045172037,0.00033488878,0.030287609,0.009132723,0.0048413556,0.0043217326,0.015711222,0.014631261,0.00087021355,0.9539632,0.5325219,1087.4.jpg
0.9766808,0.83932024,0.021332268,0.065300636,0.0026408501,0.002382516,0.06703137,0.5114955,0.002835486,0.00040481248,0.48940834,1088.1.jpg
0.015517519,0.0015468429,0.03915995,0.07452595,0.008435601,0.0011729862,0.12172894,0.9492132,0.0008528689,0.02619171,0.9585954,1088.2.jpg
0.76219356,0.75531536,0.0057427,0.043497775,0.002900961,0.022397667,0.29627103,0.8513426,0.00207799,0.0065090843,0.66968733,1088.3.jpg
0.45310655,0.25972,0.35207373,0.24568754,0.038490813,0.052415628,0.5318036,0.5800021,0.017315503,0.2136871,0.9034167,1088.4.jpg
0.005758532,0.00014499325,0.010335321,0.0016691001,0.0009596944,0.017402863,0.034050383,0.19919184,4.842722e-05,0.5022363,0.9928362,1089.1.jpg
0.00043501926,1.2637498e-05,0.0020766854,0.00935244,0.09109454,0.0067719957,0.15504597,0.24070506,0.0011346547,0.61010146,0.13275138,1089.2.jpg
0.022077357,0.0007544793,0.08535947,0.008413316,0.010613304,0.066172116,0.12085289,0.03773822,0.0015672828,0.8758876,0.96720994,1089.3.jpg
0.017261226,0.001223136,0.46447963,0.0025957513,0.025633814,0.11691927,0.034894925,0.117285945,0.00015669149,0.92530704,0.9613279,1089.4.jpg
0.14367697,0.0021935825,0.0105940085,0.0035659822,0.27615163,0.30475846,0.35322112,0.043221485,0.1063391,0.9388673,0.40618795,109.1.jpg
0.0027559483,2.553328e-05,0.0008839159,0.0003067094,0.014718992,0.000724987,0.009095362,0.0153542785,8.630076e-05,0.88659084,0.10614214,109.2.jpg
0.021004468,0.00096015126,0.0088342475,0.00504288,0.12352498,0.04673044,0.21655661,0.03292553,0.03573512,0.97110367,0.41099805,109.3.jpg
0.010441096,0.00063204655,0.011539201,0.005637622,0.0869253,0.13145252,0.08362797,0.101271264,0.006092201,0.97433746,0.8214435,109.4.jpg
0.017399862,0.011226502,0.0043189344,0.0014951006,0.018350014,0.06433252,0.15526527,0.37923938,0.0035533244,0.96354973,0.75469357,1090.1.jpg
0.0012411571,5.523509e-05,0.0011305092,0.00045443547,0.0022183626,0.00040136417,0.0023597672,0.020941122,3.9947026e-05,0.21415198,0.32598487,1090.2.jpg
0.008058622,0.0014795645,0.010823037,0.0019019254,0.023760693,0.009355527,0.028769348,0.10040074,0.0004136898,0.9688589,0.878163,1090.3.jpg
0.0011391974,0.00028297649,0.015198075,0.00061766466,0.07305825,0.018442571,0.009628185,0.016726146,0.00010067944,0.9891395,0.622691,1090.4.jpg
0.9725931,0.9507597,0.0049695233,0.0010138047,0.0015191336,0.29003808,0.16788302,0.020964568,0.0007425574,0.022946956,0.668388,1091.1.jpg
0.90609956,0.29381704,0.0009002931,0.00095334055,0.0014665667,0.056375798,0.10166809,0.1403326,0.0009676974,0.014643262,0.72845006,1091.2.jpg
0.010213826,9.9708916e-05,0.00331352,0.00045979276,4.8913073e-05,1.8881701e-05,0.04907861,0.142345,1.2722943e-05,0.018451048,0.95544726,1091.3.jpg
0.10018735,0.002044174,0.044827953,0.073715806,0.024718843,0.006357101,0.062494367,0.15934674,0.026001321,0.29117283,0.7546999,1091.4.jpg
0.23832318,0.050157316,0.12609808,0.02440534,0.024439855,0.75479996,0.42623186,0.07887517,0.017715335,0.96428686,0.9427559,1092.1.jpg
0.20609027,0.018212112,0.27363086,0.0170876,0.27222535,0.16316417,0.58054906,0.7249278,0.008198561,0.0897387,0.34780854,1092.2.jpg
0.03584357,0.0040547634,0.01663875,0.0040076147,0.06396476,0.23502125,0.17384623,0.041447397,0.00033194348,0.9269192,0.86789817,1092.3.jpg
0.04232601,0.0070619965,0.105983794,0.010417876,0.071894735,0.29870728,0.11716276,0.034293238,0.00056283193,0.8808711,0.7502739,1092.4.jpg
0.020857623,0.0125215445,0.034945887,0.03871113,0.00056327763,0.0004911314,0.042764302,0.26418978,6.4909706e-05,0.07095572,0.9927596,1093.1.jpg
0.012995983,0.010470336,0.07043118,0.08220844,0.0049622594,0.001091542,0.064071834,0.23675211,0.000481195,0.1584622,0.98756045,1093.2.jpg
0.22717637,0.16429912,0.046144634,0.077325545,0.012977396,0.010029324,0.087023415,0.2766532,0.0015663772,0.096258424,0.98309684,1093.3.jpg
0.012590823,0.003076193,0.039565276,0.009005743,0.0014142784,0.00022307174,0.0042069317,0.15991762,7.107604e-05,0.035649844,0.9743851,1093.4.jpg
0.13813098,0.006396359,0.35414737,0.0148900645,0.018942695,0.015460969,0.36541772,0.16997229,0.026489766,0.006871658,0.5460692,1094.1.jpg
0.07033658,0.0042244084,0.1410057,0.0077065453,0.0079143755,0.0032866609,0.025777085,0.37321115,0.003229375,0.013664205,0.95400286,1094.2.jpg
0.9216646,0.4722758,0.14494263,0.030145787,0.014753156,0.06876693,0.29922408,0.8782277,0.012488447,0.01076339,0.84024924,1094.3.jpg
0.06884993,0.00058125064,0.04682127,0.011349803,0.002589677,0.00028358822,0.016925931,0.20568025,0.001195806,0.012462241,0.8233818,1094.4.jpg
0.007945365,0.0018499689,0.04923008,0.0239949,0.0011391037,0.0023031258,0.1541415,0.8955873,0.0004248536,0.0044121803,0.9643091,1096.1.jpg
0.009778039,0.0015462141,0.0691873,0.10116003,0.001525742,0.0040403893,0.040292267,0.30662063,0.00079578336,0.13671781,0.9546612,1096.2.jpg
0.3302664,0.027786307,0.021879883,0.01923833,0.006542385,0.0016708251,0.25423372,0.61640203,0.0020934478,0.0045406166,0.23007676,1096.3.jpg
0.6957138,0.29151008,0.11001444,0.022247905,0.03568824,0.042513546,0.5767726,0.61367434,0.009732372,0.21056247,0.9376543,1096.4.jpg
0.018266711,0.002376675,0.018940693,0.07325377,0.17510934,0.025839148,0.22135909,0.1484631,0.024585204,0.9309708,0.486325,1097.1.jpg
0.029784314,0.003717632,0.004810264,0.001974461,0.019376813,0.0564372,0.30314386,0.4190458,0.0005782469,0.7639441,0.7444877,1097.2.jpg
0.112951845,0.026419338,0.058968548,0.0076113925,0.08804102,0.071299754,0.33460844,0.1393475,0.013727283,0.8467432,0.3153534,1097.3.jpg
0.038403798,0.0063197375,0.0059119854,0.002456572,0.045485027,0.09899812,0.32415158,0.3735871,0.0026593504,0.7997524,0.56155497,1097.4.jpg
0.9968497,0.95822585,0.08862167,0.031913105,0.074148394,0.7617729,0.5399191,0.20948674,0.28107867,0.012427887,0.49868408,1098.1.jpg
0.957977,0.25964952,0.17929316,0.11093632,0.020122863,0.45483533,0.6236019,0.31211975,0.07816042,0.059271734,0.8094496,1098.2.jpg
0.9990977,0.98230517,0.06343776,0.024635924,0.00069832953,0.72860444,0.41271743,0.013006059,0.033187028,0.00077309203,0.25176919,1098.3.jpg
0.9860892,0.6611832,0.30904287,0.13575773,0.038128305,0.8159769,0.62474674,0.10052624,0.3429163,0.016487503,0.57995284,1098.4.jpg
0.83463895,0.32225758,0.09190442,0.015586325,0.0016407649,0.03867159,0.82925373,0.37981874,0.0012117871,0.010111308,0.94706583,1099.1.jpg
0.24252614,0.10637636,0.1755575,0.06965242,0.0058123437,0.05982257,0.7215242,0.10632773,0.005525611,0.16989198,0.88123333,1099.2.jpg
0.8824073,0.24627988,0.011450971,0.011878777,0.0009111871,0.015173907,0.5336617,0.5541954,0.00014888504,0.005814585,0.9595331,1099.3.jpg
0.63008624,0.24655135,0.23412631,0.2350029,0.028543735,0.10637654,0.55189925,0.12009449,0.010382438,0.1754777,0.9746464,1099.4.jpg
0.48571044,0.183226,0.13300906,0.07459001,0.034388375,0.033478405,0.36934066,0.66405106,0.044949505,0.083256975,0.5162916,11.1.jpg
0.6340014,0.5501213,0.0685504,0.058861755,0.08823971,0.11261448,0.88655096,0.66697824,0.019198993,0.023207044,0.4958846,11.2.jpg
0.47096577,0.06881631,0.018729417,0.009425425,0.004030079,0.0010234778,0.15905811,0.21819033,0.0014406766,0.0056347037,0.06693024,11.3.jpg
0.0059094327,0.0011966435,0.020360809,0.004093929,0.004004498,7.02185e-05,0.023049721,0.111054145,0.0032057776,0.0014555397,0.0027970287,11.4.jpg
0.9994325,0.99102294,0.032096818,0.011150905,0.00093376427,0.07308013,0.4155449,0.03137027,0.006195465,0.0015983431,0.6849703,110.1.jpg
0.92854905,0.5807835,0.17593841,0.008570003,0.00551605,0.10711669,0.14785913,0.04809807,0.0152801145,0.084134,0.7685343,110.2.jpg
0.98162615,0.49125513,0.08829198,0.0125687765,0.0010014782,0.054517433,0.20684174,0.045715056,0.0046706637,0.0046338467,0.38577437,110.3.jpg
0.1522319,0.009685175,0.09634007,0.14673601,0.011655235,0.045673136,0.09346477,0.34393632,0.0034451608,0.2322016,0.95887077,110.4.jpg
0.375094,0.02203616,0.102992795,0.045402825,0.032286536,0.12733237,0.3594777,0.099275105,0.03574145,0.21049741,0.42458272,1100.1.jpg
0.31117278,0.018184043,0.037191637,0.015884738,0.015731905,0.033663925,0.17208967,0.041511744,0.013667663,0.32965973,0.4741718,1100.2.jpg
0.016941689,0.0016889547,0.010365873,0.0025451377,0.011126887,0.008436368,0.09500939,0.018658305,0.0007123149,0.7530859,0.47372615,1100.3.jpg
0.1548854,0.0013682741,0.009862299,0.00454816,0.029152552,0.04687236,0.35500255,0.027546948,0.03574028,0.34271777,0.6222888,1100.4.jpg
0.0699931,0.0027924294,0.021745397,0.004751013,0.0012746401,0.00012893985,0.37432933,0.37471822,0.0033430755,0.023048777,0.60058856,1101.1.jpg
0.07090868,0.009633302,0.06669,0.10033568,0.0040116305,0.0007466755,0.100614786,0.3590919,0.007685101,0.35604832,0.6661762,1101.2.jpg
0.1735515,0.007589827,0.14827923,0.004765076,5.5680917e-05,0.0010832467,0.1215925,0.13806432,0.00024860908,0.036468785,0.47944754,1101.3.jpg
0.0016716023,0.00032529843,0.70422983,0.10047592,0.0012717376,0.00017013289,0.07130628,0.17171259,0.000906247,0.13573655,0.09284509,1101.4.jpg
0.043427806,0.0090762805,0.06204166,0.030704008,0.0025196727,0.00032779766,0.050229635,0.6827605,0.00020502489,0.24287908,0.8878828,1104.1.jpg
0.04844208,0.003884657,0.028111894,0.056563232,0.010499218,0.00014792025,0.012289262,0.6102218,0.000665808,0.52682453,0.9390171,1104.2.jpg
0.8414589,0.13532193,0.037526637,0.02675022,0.0010514476,0.00048223525,0.22674112,0.23556523,0.00033325524,0.02812127,0.50936615,1104.3.jpg
0.21171135,0.0108751645,0.27977607,0.123462744,0.016600976,0.004423909,0.25020742,0.51079965,0.0018363493,0.5317485,0.9271307,1104.4.jpg
0.024447162,0.0028604278,0.0015750434,0.00264493,8.5360014e-05,0.00011962446,0.007706392,0.07256591,9.906862e-05,0.0359318,0.72224647,1105.1.jpg
0.0005939951,0.0001784936,0.022885703,0.0032643885,5.3657266e-05,8.305823e-05,0.0037439726,0.023725195,1.7113627e-05,0.12030055,0.84351254,1105.2.jpg
0.2413479,0.20404352,0.00047283413,0.0015873277,7.031452e-05,2.820208e-05,0.001613208,0.0108790435,1.3952158e-06,0.00048142986,0.22233427,1105.3.jpg
0.00082417415,0.00027230722,0.0031487725,0.010054054,0.0002559376,0.0002378656,0.0044272197,0.045218576,1.2507122e-05,0.032205194,0.7718076,1105.4.jpg
0.76499516,0.06558565,0.0012295435,0.00023805254,0.00015601673,0.002114366,0.045797754,0.030767534,8.774097e-05,0.021747567,0.53652406,1107.1.jpg
0.44212344,0.005893616,0.006730607,0.0002557893,0.0006532139,0.005218026,0.11523274,0.09909064,0.00010160523,0.03399922,0.6606148,1107.2.jpg
0.040468976,0.0007220873,0.024246704,0.002304703,0.041150924,0.017653126,0.039406117,0.056762014,0.0005162866,0.7887717,0.91531634,1107.3.jpg
0.0018096115,8.048313e-05,0.034290425,0.00021472575,0.010851094,0.043408994,0.010359124,0.036407016,5.060706e-05,0.95639247,0.9052209,1107.4.jpg
0.67993236,0.023910543,0.010623403,0.0016952922,0.00015217211,0.004892551,0.11488164,0.15279488,0.0036481528,0.020122807,0.4962385,1108.1.jpg
0.45582175,0.0058048237,0.0067401635,0.002822174,0.00011995447,0.0010417978,0.260341,0.49282575,0.00048726363,0.028156288,0.92883945,1108.2.jpg
0.07396953,0.00997098,0.17251845,0.028445698,0.001713102,0.022978527,0.17056769,0.19724995,0.0006704457,0.18836914,0.88893723,1108.3.jpg
0.08479656,0.0015225026,0.021168385,0.015692009,0.0034551648,0.0021349336,0.111719236,0.7613493,0.0013368808,0.09551146,0.9638404,1108.4.jpg
0.26826218,0.029663023,0.44418812,0.07902816,0.0717119,0.61910415,0.5777767,0.12782346,0.1136704,0.7456817,0.6247882,1109.1.jpg
0.17215721,0.07625485,0.25688085,0.09884176,0.44230112,0.6013592,0.40242302,0.17806885,0.2513247,0.89504045,0.82819784,1109.2.jpg
0.39292416,0.008116746,0.012615662,0.012073221,0.0049087796,0.05003969,0.25673786,0.07650651,0.009720101,0.27424392,0.5457477,1109.3.jpg
0.006101199,0.0008352948,0.030917618,0.018834734,0.013678562,0.02248143,0.063823044,0.03643253,0.000170714,0.46337053,0.47631183,1109.4.jpg
0.59902525,0.21310526,0.1355632,0.14070241,0.058655575,0.0063027637,0.114735685,0.500487,0.024991287,0.00836902,0.81976384,111.1.jpg
0.002311193,0.00082765985,0.011539626,0.07178469,0.034481928,0.00034457154,0.0015113925,0.45843416,0.00030374242,0.5725589,0.8477662,111.2.jpg
0.15642053,0.049734402,0.22675851,0.33821115,0.044646412,0.04301052,0.3184176,0.28868502,0.017361585,0.55290645,0.91355455,111.3.jpg
0.005179074,0.0020906786,0.027829478,0.33787724,0.05401111,0.00026492955,0.0009241989,0.16129434,0.0012303272,0.4446503,0.5406356,111.4.jpg
0.0021017801,0.00041198,0.0032132112,0.0061856075,0.0047938265,0.001275627,0.028770132,0.24907823,0.00015755341,0.89544046,0.8277009,1110.1.jpg
0.0016322978,0.0005879867,0.0050378456,0.00791742,0.034925453,0.003251683,0.012129468,0.08081644,0.00024723736,0.97770506,0.26497436,1110.2.jpg
0.076271,0.050595537,0.013821644,0.02373681,0.01754456,0.0066907085,0.11390886,0.024562722,0.0010275627,0.7234892,0.17544293,1110.3.jpg
0.0017585484,6.999327e-05,0.00028022646,0.0006881324,0.0025408836,0.00022315473,0.0063273893,0.012255594,1.03163275e-05,0.9568466,0.23223503,1110.4.jpg
0.07286604,0.008639672,0.038523983,0.001650916,0.0017238796,0.11173223,0.20292386,0.19851334,0.00049682026,0.15647064,0.8133663,1111.1.jpg
0.004541285,0.00016448348,0.07066248,0.0006766984,0.04125722,0.118641436,0.15347059,0.1330236,0.00013475394,0.46419957,0.79161876,1111.2.jpg
0.3240538,0.041683406,0.60300934,0.004080676,0.09053648,0.55015665,0.46426484,0.36527324,0.0049573076,0.40266412,0.82639873,1111.3.jpg
0.027741034,0.0013779773,0.46654084,0.005978573,0.2500192,0.33244494,0.22135918,0.12154252,0.0040815617,0.6211283,0.7730294,1111.4.jpg
0.064342745,0.0012115332,0.007938712,0.002457508,0.012606915,0.013220781,0.14879401,0.015754737,0.00038052446,0.20185721,0.17967585,1112.1.jpg
0.010445628,0.0015996251,0.0030529466,0.0016135367,0.028985254,0.04639374,0.02536662,0.043606523,0.00022844395,0.8398122,0.14008924,1112.2.jpg
0.047123153,0.0069109136,0.005723087,0.012113189,0.0026849206,0.0029961045,0.026041081,0.0136860525,0.0003782533,0.14725515,0.15662473,1112.3.jpg
0.0015118972,0.000185637,0.00040572113,0.0021406352,0.022231873,0.00013486731,0.006037493,0.016513178,3.0885796e-05,0.5582402,0.106646,1112.4.jpg
0.9620186,0.35204405,0.021861907,0.001456846,0.0011677353,0.007855867,0.27757135,0.2608376,0.005855132,0.009220423,0.6087567,1113.1.jpg
0.0366256,0.0029874637,0.08500974,0.064391874,0.01147548,0.0014828093,0.09555519,0.31887585,0.0022822036,0.18786344,0.9268479,1113.2.jpg
0.80764085,0.15237333,0.00537504,0.0009462026,0.00050993025,0.004673424,0.32812473,0.7158313,0.00019900069,0.0022877324,0.96001023,1113.3.jpg
0.02509078,0.0006769439,0.0059346296,0.0002901285,0.00016750621,0.00040570932,0.05532322,0.38229775,0.00018293278,0.018115146,0.66348886,1113.4.jpg
0.048322834,0.0036401872,0.07736573,0.014135532,0.19843517,0.03818308,0.10399344,0.50014967,0.0041883173,0.81116134,0.84839815,1114.1.jpg
0.00090988,0.00014402895,0.07518348,0.008380984,0.03507239,0.0042337095,0.00802243,0.06122255,0.00017130231,0.63209504,0.8285034,1114.2.jpg
0.9987532,0.9961959,0.05604586,0.004124491,0.0007921933,0.22095077,0.06422053,0.019360017,0.0009897688,0.0014284641,0.4989147,1114.3.jpg
0.40507808,0.026376935,0.17194475,0.013847718,0.16255133,0.53921986,0.46862516,0.5217237,0.014650054,0.64228755,0.9000994,1114.4.jpg
0.9910849,0.98784655,0.09094131,0.00506902,0.00027893472,0.0070412992,0.040797126,0.020746974,0.0013401544,7.901897e-05,0.4485453,1115.1.jpg
0.3296537,0.28561985,0.66828316,0.03675765,0.00684231,0.04167345,0.27912214,0.2981642,0.0031796137,0.005539571,0.5802091,1115.2.jpg
0.9890938,0.99223787,0.0008817229,0.0012299645,0.00013096411,0.003471014,0.037780087,0.026199602,0.00031457437,9.0478956e-05,0.18899575,1115.3.jpg
0.21651997,0.059581187,0.032804668,0.020422414,0.025790907,0.0045451107,0.29293707,0.16817135,0.016535224,0.0040690727,0.08285428,1115.4.jpg
0.34688267,0.010574285,0.0047856644,0.001627202,0.0013260683,0.063946694,0.2978567,0.5445127,0.00080591504,0.5698032,0.9800229,1116.1.jpg
0.03359275,0.004073237,0.0018798377,0.00018815875,0.012928308,0.031390034,0.10534474,0.36620432,0.00015560236,0.92631495,0.87817335,1116.2.jpg
0.029213127,0.012001983,0.0047776178,0.00026861727,0.0016885768,0.009552224,0.043633312,0.034524877,0.00017427493,0.9637843,0.74186623,1116.3.jpg
0.004857007,0.00042859412,0.0005338758,0.00011345314,0.0073463656,0.00861569,0.065419815,0.029009834,2.99084e-05,0.9872896,0.79203653,1116.4.jpg
0.25184628,0.03897157,0.037473954,0.04266943,0.007497807,0.023597233,0.09364051,0.05047957,0.072856106,0.25332,0.28527266,1117.1.jpg
0.13615021,0.011404648,0.011800247,0.011550715,0.10541698,0.70350456,0.07956494,0.16956352,0.3307456,0.5769824,0.35679224,1117.2.jpg
0.08330019,0.0011970875,0.5729903,0.018746777,0.0030466686,0.012592393,0.079688154,0.05231064,0.017740121,0.026274476,0.29387966,1117.3.jpg
0.17598945,0.0017827199,0.02135357,0.0029253408,0.036554553,0.06172837,0.1516385,0.15628996,0.023137677,0.18879709,0.2189187,1117.4.jpg
0.017291876,0.0038586922,0.026373409,0.0034813443,0.00031164542,0.00043064,0.04663945,0.16207355,0.0002162189,0.0044664606,0.98292506,1118.1.jpg
0.004237712,0.00053056265,0.00980495,0.0042359238,0.0002592309,8.747997e-05,0.010634821,0.08830418,2.1881879e-05,0.014810273,0.98492044,1118.2.jpg
0.04264565,0.0006712605,0.00091634126,6.953092e-05,3.388587e-05,0.0017504401,0.025801074,0.3358552,2.11014e-06,0.0007128803,0.9749211,1118.3.jpg
0.0019156896,0.00023776335,0.0070261494,0.0010055313,5.812574e-05,9.5727875e-05,0.026803846,0.11120071,1.4974538e-05,0.009284574,0.9871695,1118.4.jpg
0.03070982,0.01474636,0.024861038,0.025239581,0.00022302114,0.0010571601,0.011094435,0.35773435,0.00013335794,0.024785317,0.9508277,1119.1.jpg
0.005915021,0.0017965442,0.04017113,0.0046216673,0.0009870676,0.00019586454,0.0031225188,0.23387195,6.6333865e-05,0.14550714,0.9653217,1119.2.jpg
0.35488838,0.8385676,0.13872117,0.12335091,0.0046313624,0.0054111737,0.04747711,0.27664614,0.00035370572,0.059096783,0.8630084,1119.3.jpg
0.0009146573,0.00037600705,0.07419658,0.004466902,0.00032305066,0.0001067411,0.025194725,0.20388289,8.538948e-05,0.06411238,0.8635287,1119.4.jpg
0.26570234,0.018168118,0.0051991525,0.0075745345,2.0406109e-05,0.0009536412,0.0144030545,0.11673335,4.5927027e-05,0.42391685,0.88557345,112.1.jpg
0.016838977,0.005083072,0.0023220277,0.0047492525,0.00026635343,0.0025059793,0.072032005,0.16995814,0.000134738,0.86592907,0.9833816,112.2.jpg
0.16034634,0.007343501,0.000299324,0.0052585597,2.428593e-06,0.000127052,0.0022437347,0.07158573,4.076694e-06,0.08030767,0.98341954,112.3.jpg
0.012754906,0.007254082,0.007696929,0.07981057,0.014164506,0.0054746717,0.06783998,0.15504958,0.0009584822,0.967171,0.9622294,112.4.jpg
0.05544339,0.0018074019,0.0125095,0.24328926,0.0011384864,0.001062777,0.035171106,0.12833379,0.00078241853,0.5852512,0.9740426,1120.1.jpg
0.027897581,0.0014956011,0.010339589,0.03762929,0.0017987661,0.0013602108,0.020079823,0.21302667,0.0006740575,0.13809727,0.91158146,1120.2.jpg
0.9973953,0.3640368,0.007244246,0.0044082627,0.00010636504,0.0019989954,0.10171679,0.023109782,0.0004591831,0.0003958651,0.5745295,1120.3.jpg
0.0987258,0.003312155,0.38838702,0.19505651,0.018819122,0.00727241,0.16357875,0.12595974,0.0050058863,0.15444678,0.7837071,1120.4.jpg
0.98314315,0.95958626,0.2811671,0.19907337,0.017646018,0.23991734,0.6805222,0.36352333,0.06558888,0.010565995,0.26931566,1121.1.jpg
0.9169425,0.38409305,0.20124917,0.028341737,0.0061843097,0.08695769,0.3098624,0.13519837,0.0065409066,0.005567733,0.26416206,1121.2.jpg
0.98709816,0.7105015,0.7315649,0.09546331,0.007836193,0.20027375,0.6899988,0.27159858,0.013175261,0.0013414717,0.57794946,1121.3.jpg
0.4600126,0.2938904,0.19021088,0.06576035,0.011273672,0.009262445,0.21155475,0.58985746,0.008550226,0.00752373,0.30463105,1121.4.jpg
0.9990652,0.9955479,0.002688131,0.000828074,6.372909e-05,0.001041453,0.051547788,0.008511239,1.6143105e-05,1.978746e-05,0.9054339,1122.1.jpg
0.9558409,0.69112825,0.056417998,0.029323692,0.0084576905,0.007446356,0.2206133,0.111913264,0.0015950485,0.001998437,0.96412903,1122.2.jpg
0.99946004,0.96100104,0.0039530843,0.0036047555,0.00010495091,0.00055182556,0.126162,0.010499127,3.9087463e-05,1.7175098e-06,0.90815187,1122.3.jpg
0.9533725,0.30765125,0.5810783,0.26285234,0.013183187,0.029312022,0.1928626,0.05998674,0.02146334,0.0012364774,0.8474956,1122.4.jpg
0.452238,0.079206906,0.07136263,0.042051706,0.010694595,0.0011761675,0.11632024,0.61202,0.006085004,0.015090911,0.4959526,1123.1.jpg
0.05110714,0.0042479783,0.048389263,0.033945747,0.0029875818,0.0037882926,0.039667692,0.42289782,0.0036108096,0.16590054,0.87603474,1123.2.jpg
0.28121763,0.009504139,0.13203743,0.010532371,0.0044292863,0.0026753587,0.22379081,0.8143406,0.0045013316,0.006404595,0.8050948,1123.3.jpg
0.048526105,0.0049355444,0.16018794,0.013848851,0.01120974,0.0026770923,0.14345315,0.48898306,0.0019609288,0.038515896,0.85201323,1123.4.jpg
0.9999974,0.99912935,6.528142e-05,5.9421145e-06,1.3927491e-08,7.345666e-05,0.02118994,0.0001527698,1.0496595e-07,1.1748473e-08,0.11628427,1124.1.jpg
0.99815637,0.16592628,5.4587294e-05,9.710539e-07,5.933567e-09,0.0069705117,0.08931185,0.0063114753,5.1931305e-08,6.630874e-08,0.8273239,1124.2.jpg
0.99986076,0.9817028,0.0014013702,0.0002697655,7.9270694e-07,0.0012935103,0.093009606,0.004199405,1.678637e-05,7.732606e-07,0.33562067,1124.3.jpg
0.9989254,0.8204947,0.0010469158,0.00011742034,1.2637248e-06,0.0010596788,0.2225111,0.010681053,1.465416e-05,6.108543e-07,0.66455823,1124.4.jpg
0.8559294,0.86546683,0.028227082,0.014118895,0.0002752736,0.009286969,0.15307789,0.42104197,0.00023418984,0.003669331,0.80432177,1125.1.jpg
0.062540114,0.016189167,0.02803209,0.07367218,0.0060014054,0.0045268266,0.036650024,0.07396899,0.0014257134,0.050864223,0.07460155,1125.2.jpg
0.040361498,0.021181935,0.087193176,0.0076087858,0.003301371,0.0029416909,0.21251515,0.28740832,0.00015060401,0.051754,0.62112147,1125.3.jpg
0.009175746,0.0020811933,0.018462297,0.009339829,0.0008047877,0.0029657122,0.1191386,0.3042856,5.9203914e-05,0.048602026,0.911923,1125.4.jpg
0.0033236074,0.00014637657,0.0002712847,0.00018789164,0.00085232785,0.00015032424,0.013016966,0.022626689,0.00020552397,0.45149815,0.121801615,1126.1.jpg
0.038731784,0.0024590609,0.0042689964,0.009047745,0.00078657427,2.8815428e-05,0.003412732,0.065606564,4.0889743e-05,0.6517319,0.42331213,1126.2.jpg
0.01140623,0.0007867643,0.0002032709,0.0025519403,7.7936613e-07,1.2626166e-06,0.0015003071,0.007273171,9.479685e-06,0.005745265,0.09662297,1126.3.jpg
0.060981702,0.0007499168,0.0015065087,0.00023812336,2.2792865e-05,3.981479e-05,0.006869989,0.15610534,7.000943e-05,0.0032980149,0.38862574,1126.4.jpg
0.03730599,0.08928469,0.0007427952,0.00064565265,0.00016144877,5.206905e-06,0.002426352,0.10019794,7.1456548e-06,0.0016852578,0.112401545,1127.1.jpg
0.007581502,0.0020547865,0.0044821207,0.0011619283,0.00010293119,1.0553689e-05,0.007552665,0.27825218,1.0369304e-05,0.0016958159,0.27173066,1127.2.jpg
0.12178897,0.01775846,0.01775012,0.003941427,0.000843489,0.0007543241,0.103970386,0.109077364,0.00128903,0.012474112,0.118297376,1127.3.jpg
0.0069021904,0.0039364877,0.03860395,0.056254227,0.009946265,0.00076364697,0.018707467,0.13013877,0.005720442,0.05788733,0.26900566,1127.4.jpg
0.4848886,0.04454054,0.13808307,0.0049230573,0.010230225,0.0039047066,0.7138056,0.85629374,0.0025234963,0.003467173,0.93691105,1128.1.jpg
0.009495902,0.00025835424,0.18789767,0.0011303421,0.0039170887,9.362841e-05,0.049729683,0.5838661,0.00013946083,0.00079112174,0.6127675,1128.2.jpg
0.029496536,0.008389782,0.07851532,0.00089773186,0.001030973,0.00041199377,0.15745997,0.36434272,9.686246e-05,0.007893183,0.41383046,1128.3.jpg
0.115872614,0.009292314,0.63984245,0.009524154,0.030617604,0.0008643537,0.12878153,0.35870415,0.0019696944,0.024523573,0.8257302,1128.4.jpg
0.027953874,0.0070717065,0.3726818,0.062224448,0.005817251,0.00794399,0.24680254,0.5527663,0.005188256,0.031345308,0.8983044,1129.1.jpg
0.0006282003,0.00013576704,0.17339072,0.073055856,0.0013251688,0.00023326105,0.037076615,0.31971502,0.00051903713,0.036271848,0.8901169,1129.2.jpg
0.0062632775,0.0014254228,0.01908729,0.0027963587,0.00014666101,0.0007047998,0.0951622,0.5014753,0.00063964515,0.001296657,0.41580603,1129.3.jpg
0.03720439,0.004902213,0.20978476,0.005083166,0.0006104477,0.00066644565,0.074154876,0.30412516,0.00012093852,0.059275452,0.50103116,1129.4.jpg
0.004411996,0.0013435712,0.015491643,0.055282693,0.0060267607,0.00056933076,0.028305398,0.17409576,0.00015144574,0.080860175,0.98433316,113.1.jpg
0.0018385829,0.00027092127,0.04340599,0.03287652,0.0077583776,0.0008351516,0.07453901,0.1849009,0.0001397962,0.2963476,0.96918696,113.2.jpg
0.15883635,0.044662282,0.29308215,0.17886715,0.020821938,0.011046033,0.12153035,0.13892615,0.010843925,0.17893593,0.4600269,113.3.jpg
0.022562586,0.008014166,0.29079098,0.2613393,0.028574755,0.003302121,0.023106022,0.12771289,0.0009763444,0.35724345,0.8160636,113.4.jpg
0.25824216,0.015653403,0.081334256,0.004289139,0.00019823638,0.002484176,0.26060542,0.09254476,0.0002109488,0.005838981,0.855124,1130.1.jpg
0.3535828,0.08104331,0.7329136,0.021710252,0.0007376377,0.0060029924,0.23258598,0.06433638,0.0024545079,0.035256464,0.24989997,1130.2.jpg
0.95282763,0.96667564,0.10702406,0.014797053,0.00016089906,0.005771194,0.10091835,0.102474704,0.000112634974,0.0008274327,0.9247433,1130.3.jpg
0.7208004,0.47282,0.39844942,0.019511068,0.00032132317,0.005289042,0.17238112,0.6188064,6.333553e-05,0.0012045474,0.9746028,1130.4.jpg
0.01670967,0.0069570853,0.071651846,0.06722444,0.022547184,0.0014767197,0.037896313,0.38807482,0.0038102889,0.042683244,0.71950674,1131.1.jpg
0.0032780343,0.00034963354,0.059972733,0.012580428,0.0025863342,0.00019760945,0.027673459,0.20315535,0.00032593883,0.042980183,0.87514484,1131.2.jpg
0.040992174,0.0012347284,0.064720474,0.019632047,0.00087583106,0.0024768456,0.25293025,0.14940543,0.0022941544,0.061082393,0.7392648,1131.3.jpg
0.10083917,0.015604978,0.18536058,0.13111375,0.20044926,0.08072508,0.17537934,0.07815872,0.10117629,0.58302116,0.61355764,1131.4.jpg
0.005295968,0.00091410015,0.17563874,0.009717131,0.002958762,0.00016994853,0.0064761946,0.3108525,0.00019615647,0.008142616,0.75812626,1132.1.jpg
0.0055420115,0.0006163412,0.07656245,0.05450231,0.013647205,0.00018861446,0.010000084,0.19758682,0.00059166073,0.0048937327,0.66767514,1132.2.jpg
0.07658165,0.0035820364,0.63297004,0.0022547212,0.00055963546,0.00072351587,0.55908936,0.59142274,0.00058153266,0.00015816904,0.23539728,1132.3.jpg
0.013453344,0.0012385744,0.7870609,0.024837688,0.0083357785,0.002269311,0.34339178,0.7259658,0.0018610674,0.0003342821,0.23033787,1132.4.jpg
0.6780745,0.09729659,0.018012732,0.029542312,0.008354218,0.0025815386,0.27613723,0.2545581,0.0005667809,0.04122018,0.99475527,1133.1.jpg
0.30074275,0.06615346,0.06012311,0.16052258,0.026318505,0.028009474,0.42116162,0.3819979,0.0039105844,0.31479096,0.99374133,1133.2.jpg
0.77018577,0.2151919,0.019771652,0.039518803,0.001697408,0.011285403,0.24200928,0.23269138,0.000783194,0.054858774,0.9867133,1133.3.jpg
0.18373795,0.15576947,0.2531241,0.34623656,0.07676046,0.027545976,0.2857614,0.19218254,0.016601568,0.3302479,0.9456127,1133.4.jpg
0.63867825,0.12923053,0.035861894,0.00034254088,0.0005508463,0.6090369,0.15320106,0.06975404,4.7771126e-05,0.05259111,0.93634707,1134.1.jpg
0.6478422,0.3942351,0.0068860534,0.001576332,0.012354822,0.16965169,0.057393555,0.025058176,0.00064662343,0.7940368,0.6804833,1134.2.jpg
0.89665574,0.24273512,0.21969916,0.003378484,0.002989345,0.8336245,0.37384313,0.0936085,0.001072483,0.3455593,0.93834877,1134.3.jpg
0.6451806,0.020716723,0.0020027615,0.00031615165,0.00012844261,0.5281118,0.3249835,0.02984488,3.7611473e-05,0.02837938,0.96524173,1134.4.jpg
0.73943996,0.17395319,0.7845787,0.101670176,0.054576956,0.24569716,0.8952866,0.506107,0.1690575,0.036715236,0.15488365,1135.1.jpg
0.5578974,0.07981482,0.96630114,0.2837014,0.07857771,0.6363463,0.64569974,0.29040042,0.35287195,0.031882685,0.35425594,1135.2.jpg
0.9545525,0.2811901,0.8348943,0.13513131,0.07712111,0.6355042,0.5753186,0.17694397,0.022064947,0.058088586,0.19883436,1135.3.jpg
0.96543735,0.09059357,0.18573822,0.02328347,0.04454611,0.8391945,0.6443151,0.04902165,0.01739727,0.041652653,0.2430193,1135.4.jpg
0.09870188,0.0034506759,0.04958843,0.009174528,0.022780828,0.007853083,0.21479748,0.065239675,0.004690879,0.26693922,0.131743,1136.1.jpg
0.0049768733,2.962883e-05,0.0032280213,0.0047697667,0.0027619766,0.00095729483,0.008751116,0.009254511,0.0013506532,0.40594712,0.13595249,1136.2.jpg
0.062382013,0.038422056,0.03391966,0.07113724,0.014871842,0.00762943,0.041906845,0.008663265,0.005754809,0.7640123,0.19501786,1136.3.jpg
0.026309669,0.001996974,0.115165174,0.08135779,0.023317784,0.0125823775,0.05020406,0.10173128,0.005282073,0.8132835,0.8498879,1136.4.jpg
0.98090017,0.9763593,0.39464,0.11340959,0.0014903076,0.0042302813,0.03164016,0.050651077,0.0010516443,0.0037473764,0.21441053,1137.1.jpg
0.6608624,0.2495932,0.060789,0.0060287775,0.0004094853,0.00013780381,0.019025404,0.49328795,0.00022485136,0.00065613765,0.102741934,1137.2.jpg
0.78183514,0.88611597,0.0071064946,0.0263254,0.00030209485,0.0016120273,0.005328388,0.017327257,0.00028000027,0.0066864253,0.11325816,1137.3.jpg
0.90938526,0.93295884,0.011939197,0.0035649557,0.00058530865,0.007526835,0.039040063,0.102351494,0.00091580395,0.004605485,0.093341224,1137.4.jpg
0.05212423,0.0052027768,0.025985818,0.08992881,0.0018080049,0.0003844264,0.013647981,0.10754714,0.002291918,0.027598646,0.5264013,1138.1.jpg
0.0008474228,0.00012849798,0.122464634,0.17523225,0.0037423596,1.3788053e-05,0.001369932,0.0878538,0.00035305132,0.017339481,0.24423328,1138.2.jpg
0.029941956,0.011747733,0.050522607,0.40960827,0.018699113,0.0024187716,0.07876155,0.21312729,0.07108587,0.03658242,0.43295068,1138.3.jpg
0.0010627862,0.00027492084,0.021673182,0.026574505,0.0026163345,3.4874975e-05,0.0017142564,0.07792302,0.00060130726,0.01180613,0.4908881,1138.4.jpg
0.018224526,0.0010680035,0.0018936321,0.031610988,3.630975e-06,4.2952356e-06,0.0018797803,0.09904185,2.8833569e-05,0.005172479,0.26930594,1139.1.jpg
0.0067176316,0.00229729,0.3785784,0.03947403,0.001642323,0.0008724628,0.06939116,0.2797402,0.0033178837,0.038622785,0.8022996,1139.2.jpg
0.09824321,0.022575403,0.008295606,0.0025292195,1.6292835e-05,8.070678e-05,0.072762154,0.41475803,7.1347065e-05,0.00022341593,0.5161905,1139.3.jpg
0.08632421,0.008786743,0.2534192,0.039275516,0.0027025188,0.00078504893,0.14142449,0.6722615,0.0018965048,0.0014994409,0.18306099,1139.4.jpg
0.015437418,0.0038852366,0.0149659775,0.009172114,0.00019723091,0.00044912467,0.13947953,0.1974595,3.756982e-05,0.019311136,0.9837165,114.1.jpg
0.044949714,0.004763098,0.010091768,0.014359648,0.0011597791,0.0021031606,0.24286895,0.5407058,0.00020725768,0.042889606,0.97767276,114.2.jpg
0.033289153,0.015640477,0.008703444,0.004063083,0.00011132002,0.001564873,0.4201182,0.1030696,4.27033e-05,0.016338633,0.93893474,114.3.jpg
0.061530113,0.00647686,0.04342746,0.02747501,0.0010287479,0.005206697,0.25981098,0.29871663,0.0008382014,0.39686462,0.9864798,114.4.jpg
0.4563137,0.55546963,0.04400347,0.07753646,0.0028166773,0.013584834,0.5630144,0.57833594,0.0029389453,0.012866116,0.55601484,1140.1.jpg
0.09918713,0.011018454,0.21430147,0.07804606,0.014197296,0.014184495,0.22817387,0.356347,0.0025107733,0.3033598,0.8809782,1140.2.jpg
0.3061248,0.24461858,0.0152586335,0.044968788,0.0097545935,0.0198611,0.45220438,0.25297984,0.00095028937,0.091590956,0.9767219,1140.3.jpg
0.011661246,0.0014660864,0.10157793,0.017090164,0.0012013866,0.00175125,0.043243848,0.038119677,0.0012047872,0.3435551,0.42447332,1140.4.jpg
0.91500384,0.99424213,5.0275252e-05,7.930326e-05,1.8084256e-06,0.00027971368,0.013433706,0.008752124,1.6000748e-05,1.3040825e-05,0.08711553,1141.1.jpg
0.08503085,0.01492029,0.016088707,0.017885087,0.0018103963,0.0005731554,0.124909915,0.60294795,0.00019743016,0.0023931148,0.27566308,1141.2.jpg
0.9149751,0.9907866,0.09443441,0.036254585,0.00057606684,0.012705943,0.29941553,0.13290922,0.0010181371,0.00340275,0.6170986,1141.3.jpg
0.1880641,0.008975892,0.04593577,0.014279149,0.0025064063,0.0018395038,0.6860655,0.1363805,0.0010877289,0.004934444,0.2885845,1141.4.jpg
0.9774129,0.853792,0.0023224896,0.006277272,1.5342765e-05,0.0036834755,0.0836807,0.034261107,4.095238e-06,9.154321e-05,0.8664806,1142.1.jpg
0.08972448,0.007462978,0.029144568,0.124750964,0.004000219,0.054649197,0.117873326,0.07272488,0.0016451573,0.17497374,0.9747892,1142.2.jpg
0.07690706,0.0071816463,0.175578,0.086172186,0.0003045889,0.0016137657,0.01734959,0.040815685,1.0631432e-05,0.0036364307,0.97563756,1142.3.jpg
0.021699194,0.0022220216,0.011558569,0.084448636,0.00072100013,0.0012929104,0.008603102,0.08673781,1.2080672e-05,0.19639114,0.98602784,1142.4.jpg
0.08874466,0.018551707,0.011353629,0.004216591,0.001468384,0.0062788134,0.066918135,0.1871608,0.00039252124,0.79187363,0.5521142,1143.1.jpg
0.0023391722,0.0001457915,0.00306098,0.0040926463,0.022572557,0.0028735076,0.0479276,0.16599967,0.00011903244,0.94036007,0.373741,1143.2.jpg
0.04531043,0.00060259126,0.0075809676,0.0029614319,0.0010403155,0.0025010079,0.028703468,0.015056625,0.0011263378,0.5994901,0.14537735,1143.3.jpg
0.022816963,0.0010498692,0.000309708,5.300184e-05,0.00028243393,1.295758e-05,0.04581112,0.7750128,5.7683324e-06,0.0010426656,0.14895062,1143.4.jpg
0.5621612,0.07654007,0.017807491,0.033708423,0.0012232268,0.0016020805,0.047677122,0.40378004,0.0005319062,0.013824154,0.8714717,1144.1.jpg
0.41421977,0.017198939,0.010415379,0.05480483,0.008320171,0.00087226194,0.22009349,0.6172454,0.0071700965,0.011927081,0.6651637,1144.2.jpg
0.014105832,8.263494e-05,0.0013401104,0.010582385,0.00015493525,0.0001646795,0.08745458,0.09050856,6.102188e-05,0.014555099,0.96726805,1144.3.jpg
0.11111617,0.026161922,0.09821232,0.4254837,0.0068856254,0.016178796,0.25250992,0.18257616,0.0036541927,0.34556124,0.9827268,1144.4.jpg
0.40387526,0.060836613,0.27561212,0.011482796,0.0030649055,0.01079771,0.26545626,0.41835773,0.0065523502,0.013321041,0.87608624,1145.1.jpg
0.11392694,0.035098583,0.81941766,0.078648806,0.078777544,0.092060745,0.51903737,0.8966516,0.024027873,0.031265933,0.8759629,1145.2.jpg
0.090922385,0.01397727,0.0142958155,0.0013808314,0.00010869596,0.0050134133,0.20824437,0.36103237,0.00017338601,0.007706983,0.9439842,1145.3.jpg
0.01302068,0.00015439636,0.034661476,0.0013742455,0.00039252455,0.0029677206,0.20911139,0.574069,1.9650632e-05,0.006396483,0.99610424,1145.4.jpg
0.0037945062,0.0013844373,0.2517674,0.18324551,0.023297545,0.0058322917,0.0630655,0.3109802,0.00091689016,0.015660157,0.88747346,1146.1.jpg
0.052310072,0.0037944934,0.00877659,0.050090373,0.0028399955,0.0011386295,0.07850434,0.17896436,0.00036779675,0.019270796,0.9914164,1146.2.jpg
0.51885706,0.017280731,0.0017655054,0.0019384754,0.00028468075,0.006444096,0.2276197,0.23860231,2.3367418e-05,0.0017690294,0.9984888,1146.3.jpg
0.060987122,0.0069470378,0.028365547,0.091204904,0.0012936064,0.02097094,0.15799552,0.12700717,0.0021200012,0.16096461,0.99319,1146.4.jpg
0.41614795,0.08792344,0.07308532,0.09917339,0.0025485659,0.016445585,0.33548987,0.47939023,0.0049663745,0.05665868,0.9127358,1147.1.jpg
0.021695845,0.00732919,0.21368818,0.43227097,0.034113504,0.0068608955,0.19947368,0.20290568,0.01718811,0.67767835,0.94323725,1147.2.jpg
0.14011149,0.060733568,0.15450364,0.015052601,0.0025736794,0.0036193046,0.11507373,0.10159722,0.0007786538,0.12763944,0.6321211,1147.3.jpg
0.153511,0.04176663,0.15207048,0.02506367,0.008178099,0.015617969,0.24484143,0.3032554,0.0073191985,0.18123752,0.6138639,1147.4.jpg
0.053000066,0.0017894565,0.010232088,0.017694445,0.0008697543,0.00023013756,0.060076322,0.76515484,5.457033e-05,0.010214844,0.9474661,1148.1.jpg
0.022343528,0.001017248,0.104172625,0.019424679,0.0031182026,0.002447139,0.318656,0.8429833,0.00020003063,0.0032168038,0.9148802,1148.2.jpg
0.01681807,0.0021683646,0.005694888,0.0015903437,1.2456901e-05,0.00036355038,0.06434995,0.5000629,0.00013600313,0.00057526684,0.7168075,1148.3.jpg
0.0127048725,0.001913672,0.11771127,0.08605329,0.027570259,0.0039314856,0.08383637,0.18525739,0.037344977,0.11592677,0.76510566,1148.4.jpg
0.02109506,0.00089030183,0.054331772,0.017541701,0.03858063,0.18803413,0.44651645,0.063753664,0.006210394,0.8638675,0.75181323,1149.1.jpg
0.05134033,0.0042264126,0.011274415,0.006135571,0.007597075,0.0980971,0.21324006,0.11569481,0.003461857,0.3322956,0.68611497,1149.2.jpg
0.07004641,0.008190106,0.005578775,0.003941597,0.0006187196,0.0026809997,0.20388189,0.04678302,0.0008575587,0.73197144,0.7845297,1149.3.jpg
0.008766172,0.00059770443,0.011794065,0.0024942816,0.059149943,0.09057592,0.13505691,0.07700343,0.0064875567,0.96217585,0.5809808,1149.4.jpg
0.014045945,0.0010703212,0.009297724,0.119012006,0.0057733147,0.0005162809,0.01844774,0.026781173,0.0004358245,0.46200246,0.62922955,115.1.jpg
0.0071330094,0.0011113818,0.015061186,0.11023573,0.0005924386,0.0001849215,0.008102113,0.024695426,0.0005917944,0.5772723,0.55869,115.2.jpg
0.08125458,0.00082819944,0.0012875213,0.0012922795,6.955493e-05,3.0016783e-05,0.0010945402,0.0024738912,3.479999e-05,0.2094521,0.27132282,115.3.jpg
0.014518494,0.00065902964,0.0050902534,0.008614547,0.0034950732,0.00026422046,0.00083346973,0.015655624,0.00057955564,0.27737805,0.27317533,115.4.jpg
0.57056075,0.0620486,0.07021156,0.012772138,0.0003146194,0.022343319,0.34604207,0.3373001,0.0005214004,0.06264952,0.9182999,1150.1.jpg
0.13307115,0.025804376,0.18199627,0.038155526,0.012546048,0.10564139,0.43681931,0.29098108,0.0015392605,0.2738071,0.9933334,1150.2.jpg
0.31636038,0.01798301,0.009972619,0.0023678818,7.313698e-06,0.008918849,0.131276,0.30730295,3.0028516e-06,0.00902517,0.99650335,1150.3.jpg
0.0076520448,0.00075694517,0.042213183,0.08337771,0.00025792624,0.00069717213,0.03915333,0.14036448,2.3794499e-05,0.27148157,0.9960581,1150.4.jpg
0.26555726,0.10013573,0.2327309,0.010404808,0.034357794,0.13284613,0.64674705,0.81718236,0.011237322,0.063211955,0.7367208,1151.1.jpg
0.28121507,0.018672394,0.17264244,0.012249679,0.11807883,0.28476438,0.5867104,0.15703666,0.040077478,0.6234214,0.57301027,1151.2.jpg
0.7426861,0.024792379,0.0028897692,0.00064793805,0.0001905261,0.0018906863,0.26755306,0.27599016,0.00010026075,0.009291682,0.43523762,1151.3.jpg
0.002963226,8.5393876e-05,0.0023360304,0.00048689527,0.0008896438,3.2252072e-05,0.002845168,0.48434755,0.000114716146,0.043511964,0.19101025,1151.4.jpg
0.09672308,0.016374638,0.24428847,0.15165518,0.018383054,0.2889207,0.24305794,0.7722146,0.0031345186,0.13119984,0.98312485,1152.1.jpg
0.015673872,0.0057664355,0.19662118,0.08073319,0.0076636956,0.18435857,0.14121976,0.5988352,0.00045427092,0.31233782,0.98926944,1152.2.jpg
0.87102395,0.17485611,0.18941644,0.01736903,0.0064622434,0.7686701,0.46261525,0.5100259,0.010989051,0.23442626,0.97488904,1152.3.jpg
0.06111308,0.004252081,0.106829695,0.040834814,0.006557089,0.24686962,0.24663515,0.57906437,0.00046040505,0.48072165,0.9970714,1152.4.jpg
0.3690642,0.07971748,0.14436823,0.019985063,0.0053833136,0.005110986,0.36017928,0.34322605,0.002593033,0.020203482,0.8856591,1153.1.jpg
0.2612881,0.080517925,0.3460905,0.13324949,0.00560889,0.014376815,0.2525043,0.34079495,0.0032428054,0.14617017,0.95270526,1153.2.jpg
0.022708494,0.0045490065,0.051558737,0.028555043,0.00095876213,0.013335533,0.11722434,0.09274755,3.1055086e-05,0.037364535,0.98502296,1153.3.jpg
0.037169594,0.01319435,0.05119984,0.12955251,0.002732423,0.012203958,0.20673808,0.41703793,0.0005680223,0.16307357,0.99354726,1153.4.jpg
0.3385818,0.00046160675,0.0015907866,0.0002528541,0.0015002732,0.020149928,0.028012706,0.03146818,8.154164e-05,0.051524457,0.33555597,1154.1.jpg
0.00040844455,1.6905735e-05,0.0002819636,0.00011777829,0.0059057367,0.00030541676,0.00071887055,0.040768884,9.731948e-06,0.09564006,0.15493228,1154.2.jpg
0.022440918,0.00010944876,0.008263157,0.00078394625,0.00777467,0.02124171,0.022330869,0.04008977,0.0010075805,0.38861445,0.43328455,1154.3.jpg
0.015682224,0.00080811104,0.032671116,0.010146333,0.002301139,0.016625017,0.005274757,0.02781459,0.0005651033,0.61912656,0.32695225,1154.4.jpg
0.016016794,0.00091504207,0.033250682,0.08132643,0.028142493,0.02916081,0.40315387,0.33635226,0.00058426836,0.38846537,0.90979666,1155.1.jpg
0.004324573,0.0004093737,0.006671737,0.0013387334,0.0252415,0.022843165,0.09827118,0.1479101,2.8434897e-05,0.7931249,0.84245723,1155.2.jpg
0.014152899,0.0062202634,0.09555503,0.1762037,0.07925995,0.06298711,0.24445128,0.13577716,0.0029463265,0.9025959,0.76496196,1155.3.jpg
0.0041939234,0.00026106433,0.011820236,0.016339215,0.023005042,0.031710666,0.22531839,0.20718363,0.00010992981,0.58923876,0.98737,1155.4.jpg
0.021072458,0.00046807143,0.0014557282,0.0006714148,0.002024277,0.0020688174,0.0066089937,0.006086608,0.011786948,0.11808945,0.061087444,1156.1.jpg
0.0016650946,0.000105029605,0.001051378,0.0022427805,0.011558486,0.00035645033,0.0059490637,0.050435644,0.00085215975,0.81621367,0.24467225,1156.2.jpg
0.74711245,0.051191352,0.016551951,0.0014930598,0.010688185,0.03229526,0.44765007,0.3327227,0.022060573,0.004871981,0.07440473,1156.3.jpg
0.35536283,0.0036212124,0.0008576603,1.1834434e-05,0.021645863,0.002448795,0.37172836,0.4398553,0.00056171615,0.0006720111,0.027039906,1156.4.jpg
0.52827317,0.081628785,0.007270273,0.016893115,0.0010642527,0.00031259586,0.020480035,0.012270541,0.00036714846,0.008596406,0.23415543,1157.1.jpg
0.023478772,0.001511746,0.01947332,0.0020389198,0.0020518857,0.0018290638,0.16843772,0.19859426,0.00035118024,0.06256267,0.31835687,1157.2.jpg
0.95573986,0.44760782,0.019914033,0.0025907191,0.0010854459,0.01622034,0.53245014,0.27899122,0.0003035117,0.0014929859,0.7483282,1157.3.jpg
0.09322254,0.055769052,0.011656405,0.02217461,0.0011117232,0.00052402564,0.038856898,0.029697195,0.00013135768,0.010245366,0.1702632,1157.4.jpg
0.00019876081,8.476047e-06,0.000158811,0.009688248,2.292504e-06,0.00016341172,0.013500923,0.020818794,1.8449207e-05,0.0016357026,0.99283665,1158.1.jpg
0.15249008,0.043270294,0.06860116,0.17799066,0.048975192,0.06565439,0.483849,0.47806638,0.023628186,0.20274283,0.98310477,1158.2.jpg
0.30600113,0.06517149,0.027081179,0.36910334,0.009800669,0.10975867,0.5656679,0.27301592,0.021374349,0.1843129,0.9980678,1158.3.jpg
0.37998125,0.14988695,0.06610941,0.05534151,0.06712061,0.020648008,0.4356492,0.64601487,0.008388692,0.07930085,0.99497896,1158.4.jpg
0.01489059,0.0016195587,0.04329236,0.022325031,0.0013187139,0.002696575,0.17099275,0.3367953,0.00032582795,0.06900608,0.9775054,1159.1.jpg
0.0014141896,4.159095e-05,0.01498418,0.0071796514,0.0005141226,0.0001845618,0.03228101,0.26463136,2.2090164e-05,0.080912866,0.972624,1159.2.jpg
0.016248137,0.0033541594,0.027619855,0.0025391164,0.00023639417,8.012788e-05,0.08057623,0.13500676,0.00012792826,0.030215375,0.9548522,1159.3.jpg
0.004177877,0.00046882455,0.004117321,0.0023869732,0.011393096,0.0001682958,0.05662189,0.49583793,4.6785495e-05,0.0768483,0.9417702,1159.4.jpg
0.10589776,0.06151014,0.012581364,0.03107658,0.0011039985,0.0059573855,0.06998257,0.64507985,0.0002554973,0.015366438,0.99828595,116.1.jpg
0.047958866,0.0122905355,0.07620989,0.08433784,0.009860819,0.0071491287,0.08112266,0.2211902,0.00035322638,0.06260769,0.9977118,116.2.jpg
0.12923475,0.030833876,0.023953855,0.010830018,3.2305015e-05,0.00074185187,0.06924993,0.06168328,0.0001707866,0.0010162537,0.94843686,116.3.jpg
0.04426658,0.04815421,0.07906972,0.0382885,0.0112088835,0.011262876,0.23615979,0.20202723,0.0005532688,0.031086173,0.9899829,116.4.jpg
0.052977547,0.0063857217,0.049560267,0.06814824,0.0005923401,0.0047952924,0.20732288,0.062236078,0.005153278,0.1933657,0.9528507,1160.1.jpg
0.5072978,0.036573265,0.05417578,0.029726753,0.00080473017,0.025574889,0.7791972,0.36324874,0.0029233927,0.049510237,0.98020774,1160.2.jpg
0.9241949,0.4002412,0.09979879,0.03141974,0.0002604751,0.038718738,0.27416483,0.1171002,0.0008487355,0.06496573,0.9698981,1160.3.jpg
0.11124363,0.019485656,0.06535935,0.019621583,0.00083923916,0.037832506,0.09067569,0.1485855,0.0013068458,0.70209634,0.99022,1160.4.jpg
0.42192602,0.0136738615,0.0035844725,0.00029850553,6.1524974e-05,0.0034829674,0.094411135,0.45028868,5.857115e-05,0.00093839807,0.9676573,1161.1.jpg
0.0630189,0.0052741463,0.10642026,0.007434686,0.001249788,0.001122168,0.13929193,0.3900302,0.00034329327,0.02133936,0.86646086,1161.2.jpg
0.7248577,0.2568419,0.30417067,0.019227795,0.011436811,0.074458435,0.47969255,0.6629045,0.0055954223,0.06500085,0.9501355,1161.3.jpg
0.47128388,0.26766142,0.28154293,0.05345823,0.009067664,0.031201223,0.37238076,0.60046697,0.0017642488,0.08403877,0.9841516,1161.4.jpg
0.4116036,0.013691853,0.37593657,0.030202083,0.0012788189,0.010261311,0.7997261,0.83747137,0.003997082,0.013501312,0.7722222,1162.1.jpg
0.057613213,0.0048331604,0.83133227,0.1606726,0.0010161361,0.0044124485,0.09662483,0.3137726,0.004278832,0.024751125,0.2839776,1162.2.jpg
0.32564634,0.11045489,0.09579303,0.022325233,0.014678792,0.022690142,0.46959487,0.7264858,0.015176829,0.07083095,0.794074,1162.3.jpg
0.038562894,0.0074734893,0.2965783,0.05017532,0.005456435,0.0033975616,0.11897899,0.20917627,0.004426808,0.16286993,0.47977835,1162.4.jpg
0.029853836,0.00061299384,0.004783335,0.0034604275,0.001654061,0.0043329173,0.065541886,0.04921227,0.0002784002,0.12531966,0.7920979,1163.1.jpg
0.036297545,0.0029207075,0.013178689,0.010370686,0.025115976,0.06941016,0.13173889,0.14645958,0.0016459367,0.86378026,0.93634653,1163.2.jpg
0.0095537035,0.00032957565,0.003604329,0.023009125,0.00042223893,0.0015748126,0.040560145,0.00485266,0.0016055959,0.22274905,0.24040961,1163.3.jpg
0.016375676,0.00033638853,0.00025206147,0.0015080156,0.0024878983,0.0002551207,0.050248556,0.03419677,0.0005070314,0.29729542,0.5447104,1163.4.jpg
0.052620962,0.0037336762,0.01078964,0.0326703,0.00038048346,0.0018074268,0.042174682,0.20035376,0.00091408053,0.08620334,0.9872093,1164.1.jpg
0.04538676,0.0019366181,0.07771639,0.14590773,0.006168948,0.007209699,0.23831375,0.21244004,0.0010274237,0.5790929,0.99221414,1164.2.jpg
0.007273402,0.0020552813,0.022835337,0.012484614,0.0005956279,0.005252188,0.27180815,0.060705904,0.0013430727,0.1391365,0.9715257,1164.3.jpg
0.022445302,0.0047450555,0.025087241,0.069970675,0.0013435654,0.0023874228,0.13624549,0.13357481,0.0019555087,0.303531,0.97026765,1164.4.jpg
0.026803758,0.0013241203,0.006185816,0.0065399804,0.0001735607,0.0005443261,0.011923362,0.20577613,0.0002088773,0.028716872,0.98098963,1165.1.jpg
0.04566843,0.008174178,0.09158842,0.084594116,0.04539109,0.0015657144,0.05700186,0.21146089,0.009869697,0.21634656,0.66804165,1165.2.jpg
0.7740015,0.15194617,0.07844921,0.021645246,0.0033042028,0.06555668,0.4453664,0.2148083,0.00500013,0.06396342,0.977387,1165.3.jpg
0.17049454,0.032944202,0.12394905,0.020939853,0.009034693,0.007983915,0.17372598,0.21662913,0.0020122956,0.104014136,0.9788068,1165.4.jpg
0.49977276,0.2895826,0.22591165,0.08744864,0.013076672,0.008524769,0.18036498,0.4930219,0.08765548,0.057220485,0.2745539,1166.1.jpg
0.28226325,0.013353062,0.14208308,0.042009257,0.030780278,0.0075967577,0.34801292,0.6720547,0.07421689,0.057354465,0.46412036,1166.2.jpg
0.75174314,0.34969413,0.2995758,0.0124999145,0.031196125,0.022984441,0.66166335,0.38725063,0.040697955,0.15986356,0.46769315,1166.3.jpg
0.028216861,0.012236727,0.25631082,0.065525495,0.20913233,0.0007804162,0.025872117,0.75347775,0.031548586,0.20550649,0.45818442,1166.4.jpg
0.14475586,0.0046400987,0.02104188,0.026488211,0.003145121,0.0070397058,0.5210853,0.2658593,0.001042369,0.7308709,0.96756583,1167.1.jpg
0.019671405,0.0009332409,0.013699286,0.009061855,0.027140252,0.007215111,0.077768564,0.121604726,0.00055275916,0.90800905,0.9247544,1167.2.jpg
0.1203346,0.022255661,0.01164482,0.0061431383,0.0005205262,0.0040598423,0.20103814,0.17246878,0.00019174184,0.07674978,0.9913223,1167.3.jpg
0.08855855,0.0032893661,0.06259134,0.009698414,0.01912711,0.08089348,0.16434112,0.13005537,0.005910279,0.45682853,0.98737866,1167.4.jpg
0.17501387,0.021983301,0.0725022,0.04254275,0.004203695,0.0016429862,0.13229175,0.5106103,0.018836975,0.08957074,0.250172,1168.1.jpg
0.0037790542,0.00031282002,0.061894864,0.014244886,0.00060824084,7.4847376e-05,0.008427585,0.18809979,0.0017734152,0.0022393973,0.030189767,1168.2.jpg
0.46092358,0.06269317,0.051873438,0.06760063,0.002810013,0.0010209515,0.14355858,0.25015822,0.0054622656,0.006023459,0.10284273,1168.3.jpg
0.042881798,0.0060450863,0.11193217,0.027528599,0.006986317,0.0013582353,0.023001807,0.24181019,0.018549256,0.052282743,0.14860608,1168.4.jpg
0.055356227,0.006763021,0.083838254,0.010582085,0.017185597,0.006272137,0.21739289,0.822414,0.0010762429,0.046023212,0.7345802,1169.1.jpg
0.5393112,0.15988098,0.122353174,0.008621426,0.040822845,0.03111059,0.37939394,0.6151468,0.011184537,0.13136664,0.35642725,1169.2.jpg
0.021467617,0.0026001143,0.0331134,0.011608277,0.011008933,0.0024269638,0.074432045,0.08289741,0.0002354039,0.657575,0.7480526,1169.3.jpg
0.7658503,0.0463162,0.11001381,0.015034146,0.014602414,0.056245573,0.71837187,0.8124334,0.0057173674,0.020191602,0.2600778,1169.4.jpg
0.026235735,0.0023357768,0.0008078396,0.0007860925,1.7221744e-06,3.8345902e-07,0.0008696445,0.15473536,2.4705102e-07,0.00022207435,0.7986102,117.1.jpg
0.0034629197,0.00016036512,0.00500743,0.0032371108,0.00038528178,5.8498176e-07,0.00032916368,0.10340475,1.0513669e-05,0.011386299,0.11670695,117.2.jpg
0.81750226,0.3917501,0.010351291,0.0011039244,0.0010193799,0.000766799,0.04254275,0.17168666,0.00013362436,0.016236586,0.5846137,117.3.jpg
0.11275835,0.070133775,0.015417725,0.03381895,9.081677e-05,6.857042e-05,0.074073076,0.17838618,9.359236e-05,0.002888747,0.15571897,117.4.jpg
0.9441701,0.7144942,0.4543635,0.46393257,0.037907686,0.030966245,0.47112527,0.67001706,0.04757695,0.026301611,0.78899956,1170.1.jpg
0.10249937,0.012273275,0.11864455,0.016139928,0.015152765,0.0020397583,0.45349377,0.61638975,0.0017845902,0.022819122,0.7326881,1170.2.jpg
0.95532656,0.81137264,0.029336995,0.035613813,0.030096548,0.015765268,0.71048355,0.89842784,0.04498096,0.0028368738,0.18446985,1170.3.jpg
0.20704302,0.070190765,0.024779953,0.044967305,0.050501864,0.0020350434,0.1311916,0.8918845,0.00790663,0.009728398,0.29641664,1170.4.jpg
0.11240202,0.004142573,0.0054571624,0.0070129945,0.0015140064,0.0024520105,0.015753929,0.3882061,0.00073341315,0.012334264,0.74333084,1171.1.jpg
0.0036556202,0.0011042835,0.026061567,0.014821704,0.00014298175,0.00015312375,0.0017942751,0.24292564,1.2203157e-05,0.059427023,0.99258727,1171.2.jpg
0.055207796,0.007972227,0.009935865,0.0022817096,1.7992781e-05,0.0018034317,0.1170794,0.4165652,3.6759127e-05,0.0040998124,0.9961234,1171.3.jpg
0.010189742,0.00059818797,0.01432117,0.0021705509,0.00010639426,0.00035414268,0.023113897,0.18807158,0.00014243499,0.017858379,0.9940638,1171.4.jpg
0.00055926753,5.808186e-05,0.0038063107,0.029448109,2.6861446e-05,9.542993e-05,0.0015586858,0.017720604,5.311277e-06,0.26341066,0.97997046,1172.1.jpg
0.00020563298,2.1332435e-05,0.0018527234,0.005115884,0.00029659038,1.1322793e-05,0.0009878522,0.01844228,5.2966748e-06,0.07368984,0.93468136,1172.2.jpg
0.00042191276,3.559323e-05,0.0057623526,0.007268752,3.4746303e-05,6.0303126e-05,0.004888717,0.04230049,2.0541042e-05,0.008837868,0.9592257,1172.3.jpg
0.00094414403,1.1087974e-05,0.0017716222,0.0031171383,2.9714287e-05,7.5772055e-05,0.0026208202,0.056546967,1.2043505e-05,0.0026103288,0.9841399,1172.4.jpg
0.30698875,0.12011645,0.027201666,0.015762286,0.0026022964,0.0010004829,0.19257076,0.5504632,5.275314e-05,0.007196455,0.9679735,1173.1.jpg
0.049509414,0.022777596,0.27961546,0.012812194,0.0029731153,0.002611471,0.08359361,0.14688389,0.00023381793,0.046353593,0.94590497,1173.2.jpg
0.13781878,0.07538742,0.033288993,0.004169254,0.0003556357,0.0005843794,0.030913733,0.18246229,8.2623446e-05,0.024513673,0.9650454,1173.3.jpg
0.013510688,0.0037428949,0.13720599,0.0044571985,0.0002719912,0.0010697998,0.033923812,0.10641301,6.558574e-05,0.04640336,0.918498,1173.4.jpg
0.8207434,0.09573715,0.09906884,0.13036878,0.061246637,0.5897337,0.2736359,0.023222556,0.74026036,0.35583085,0.2460981,1174.1.jpg
0.83833486,0.0041430416,0.0028319142,0.0017494814,0.02566078,0.010383815,0.02702919,0.034659803,0.019672973,0.029843042,0.09665993,1174.2.jpg
0.35692006,0.0004328206,0.00047106325,0.0072070067,0.0049692807,0.000531628,0.18352266,0.016169257,0.018049786,0.33218285,0.1282332,1174.3.jpg
0.20206863,0.0025893643,0.0013462418,0.0054543368,0.009323789,0.008370362,0.024897778,0.052904837,0.016207563,0.96959203,0.28291324,1174.4.jpg
0.006099169,0.008318535,0.058009923,0.07405613,0.021587783,0.0006869615,0.008323407,0.08630219,0.0030791145,0.026105363,0.5508368,1175.1.jpg
0.005169462,0.0031091797,0.1966658,0.02945705,0.10615615,0.0011284406,0.028805502,0.16827804,0.0045362995,0.025607992,0.45446777,1175.2.jpg
0.003501571,0.00054052525,0.028659869,0.007128354,0.0011065134,5.784185e-05,0.046108518,0.13923697,0.00010274379,0.0068449513,0.18289176,1175.3.jpg
0.00027091353,0.00018387468,0.105114646,0.026672734,0.01354133,0.00020027299,0.13044137,0.05564102,0.0022424837,0.0031722712,0.051475216,1175.4.jpg
0.3051692,0.09157022,0.14092223,0.025203297,0.027519403,0.008368345,0.27476546,0.5100325,0.00064696313,0.009695516,0.6785006,1176.1.jpg
0.095004365,0.033185218,0.28928787,0.10529823,0.009678385,0.0022111665,0.059308603,0.24606143,0.0024213584,0.12546533,0.96660644,1176.2.jpg
0.35497305,0.11367471,0.006004965,0.002294487,0.0032347918,0.0009092387,0.087706424,0.33264983,3.6424033e-05,0.004832126,0.90018415,1176.3.jpg
0.0019300707,0.0015239728,0.02206479,0.007099019,0.0017430575,0.0004596245,0.02025715,0.10124914,0.0004206801,0.008771175,0.6908535,1176.4.jpg
0.29434174,0.04686204,0.052396465,0.03059819,0.01374722,0.00022089492,0.07212413,0.658251,0.0008001008,0.0021745088,0.44527823,1177.1.jpg
0.031192046,0.00505383,0.14796738,0.096191145,0.032828923,0.00020764697,0.06638736,0.67572975,0.0012321057,0.010367535,0.16916758,1177.2.jpg
0.010303793,0.0025487987,0.04930332,0.012114052,0.0034043153,0.004119813,0.009818571,0.04160427,0.0035984325,0.017956665,0.11894108,1177.3.jpg
0.033740122,0.0015300551,0.62262064,0.051481646,0.012138836,0.0056262757,0.3814067,0.254931,0.10117542,0.005870181,0.044781998,1177.4.jpg
0.028164687,0.0007720271,0.021827487,0.0074849543,0.0002506729,0.00086531125,0.088204555,0.18809098,0.00068037375,0.056819923,0.971572,1178.1.jpg
0.06999772,0.0029905364,0.19747917,0.13161092,0.042769074,0.003574425,0.07735246,0.18366922,0.020634143,0.5813614,0.71971697,1178.2.jpg
0.18544567,0.0025091174,0.031920325,0.031645503,0.001022773,0.0025453677,0.05841939,0.12420354,0.0024558944,0.20145915,0.8249135,1178.3.jpg
0.056961603,0.0017392137,0.06526695,0.065992855,0.0034994707,0.005502251,0.16456129,0.354285,0.0025736354,0.2589809,0.9499153,1178.4.jpg
0.0990239,0.033746768,0.008136549,0.021189226,0.0014046966,0.0017458235,0.022140967,0.14023684,5.041977e-05,0.043497726,0.93246543,1179.1.jpg
0.02974065,0.0074475654,0.006760904,0.011651029,0.00022580785,0.00047346603,0.006462516,0.12605989,1.4903803e-05,0.03305623,0.9776528,1179.2.jpg
0.045050282,0.026339877,0.010851785,0.19387114,0.0007011139,0.0008203721,0.011964491,0.07741234,0.000121451514,0.15957488,0.9948456,1179.3.jpg
0.031457875,0.005542913,0.003217189,0.008858471,0.00017238472,0.00097265467,0.013590087,0.06734615,2.249549e-05,0.30031863,0.9884758,1179.4.jpg
0.015230745,0.0037790558,0.046295732,0.014783017,0.007990208,0.0005463288,0.23451248,0.85672146,0.0004608433,0.0021545948,0.7365076,118.1.jpg
0.020057429,0.00550936,0.24260594,0.063827604,0.0036549221,0.0009526278,0.25440466,0.80025566,0.00047194393,0.002139059,0.87797403,118.2.jpg
0.080361985,0.0169974,0.06804801,0.020896051,0.0023310715,0.0031773811,0.51809907,0.69461715,0.00020996956,0.018920887,0.9891551,118.3.jpg
0.015073937,0.005427991,0.40732867,0.038672157,0.07309305,0.0051689567,0.15093376,0.41466746,0.0029945795,0.038045485,0.8686991,118.4.jpg
0.18961757,0.14590162,0.008732699,0.050295167,0.0022764155,0.00065508764,0.022593334,0.078320935,8.08166e-05,0.05717769,0.69569063,1180.1.jpg
0.055649113,0.0055215503,0.061421786,0.03510644,0.00060915574,0.001468898,0.032717947,0.27881417,0.00020793622,0.043220446,0.93040025,1180.2.jpg
0.17197964,0.43029723,0.12932941,0.10837987,0.0029349576,0.009422918,0.0645388,0.041448478,0.0008819225,0.05015855,0.33518162,1180.3.jpg
0.012303149,0.022930637,0.30783346,0.1782455,0.0042769616,0.0052629435,0.0901051,0.25387004,0.0013022486,0.0915316,0.7955303,1180.4.jpg
0.035798267,0.00013548629,0.01577457,0.014567416,0.0004585384,0.027463978,0.08548227,0.049659956,4.9493112e-05,0.0053811367,0.9363919,1181.1.jpg
0.014863069,5.421957e-05,0.027342089,0.0063721547,0.0014897827,0.03373238,0.018669887,0.024740448,8.814165e-05,0.006288996,0.95728534,1181.2.jpg
0.011307046,0.00101225,0.0007009269,0.00022538817,0.0056663584,0.0022717654,0.015298703,0.0108068,5.0434633e-06,0.5274924,0.56016225,1181.3.jpg
0.006155112,0.0006015194,0.0009289919,0.0011053509,0.13112418,0.12157003,0.0600385,0.05851621,0.00015654633,0.87765956,0.6152015,1181.4.jpg
0.0127954325,0.0007741208,0.009838348,0.026440077,0.004820071,0.0029633162,0.14065552,0.040938888,0.0055994857,0.63239264,0.87738234,1182.1.jpg
0.022518057,0.0014162733,0.027710717,0.013678105,0.020012904,0.017098889,0.04177448,0.09195529,0.003457977,0.8135694,0.77519834,1182.2.jpg
0.07011145,0.0011726283,0.0004057925,0.00050932757,0.001678241,0.00044540348,0.014906286,0.03500111,0.00075243623,0.5051833,0.31529376,1182.3.jpg
0.11340284,0.0032225535,0.007462448,0.008334276,0.056829505,0.03942736,0.15266784,0.2494001,0.011919762,0.91362333,0.84392256,1182.4.jpg
0.99977714,0.917531,0.00096140936,0.0002787287,3.6232814e-07,0.0064742495,0.12253364,0.0035145513,4.722649e-06,4.802366e-06,0.8434522,1183.1.jpg
0.9455576,0.04582269,0.0016505191,0.0009841007,9.295242e-06,0.13361426,0.34124967,0.022216668,0.00014816559,6.889322e-05,0.9882585,1183.2.jpg
0.9994261,0.603195,0.0010888791,3.457037e-05,4.237814e-08,0.030716226,0.08577691,0.0014308493,8.203814e-06,2.6875355e-06,0.6983947,1183.3.jpg
0.99423474,0.065970786,0.00045751908,4.088167e-05,8.6213795e-08,0.03591896,0.32377097,0.002989993,4.5275824e-06,6.195453e-06,0.533664,1183.4.jpg
0.008904521,0.00028256536,0.0004708823,0.00054069865,3.7307068e-06,1.7911188e-05,0.003850223,0.01873383,9.896869e-07,0.0037115472,0.73653716,1184.1.jpg
0.0049898326,0.0003532693,0.023332773,0.015564846,0.0005159302,0.00026617138,0.011420029,0.14615813,0.0003228505,0.18538286,0.8260319,1184.2.jpg
0.2768352,0.008641367,0.1262935,0.02395349,0.0004905412,0.0023289686,0.19021487,0.06575238,0.0003750092,0.09287184,0.9782893,1184.3.jpg
0.017014945,0.00025341936,0.012900238,0.0066291853,0.0034333887,0.00023720111,0.0144138895,0.16430548,0.00021563626,0.36293742,0.8493167,1184.4.jpg
0.95647705,0.9583049,0.09373105,0.011512136,0.0012111934,0.0055120937,0.06252899,0.36876094,0.00042022392,0.00056063914,0.6384827,1185.1.jpg
0.62088954,0.55832964,0.07514309,0.002242103,0.0008750282,0.0018470383,0.05497044,0.36782208,0.0003377454,0.00037466898,0.28890496,1185.2.jpg
0.14040762,0.19866064,0.005720195,0.035124373,0.0010142747,0.00025287844,0.023938978,0.13388485,7.564211e-05,0.0013660359,0.7191839,1185.3.jpg
0.37598106,0.3737754,0.010752926,0.0011781236,0.00024389027,0.00034013198,0.005000642,0.037310634,3.4613553e-05,0.00045806327,0.72779864,1185.4.jpg
0.98148215,0.9963552,0.00047465425,0.00016267234,5.0420454e-07,0.0006401501,0.027125297,0.0012501582,3.8871136e-07,9.902147e-06,0.087764725,1186.1.jpg
0.71926516,0.6682006,0.13651815,0.023887914,0.0013228498,0.03466622,0.21211056,0.1063544,0.0017454228,0.02461456,0.22753914,1186.2.jpg
0.5779206,0.79600835,0.010215682,0.0070136087,0.002432522,0.017070007,0.20762213,0.017308755,0.0006741667,0.023375398,0.16568892,1186.3.jpg
0.055122167,0.011804195,0.0704483,0.011078726,0.01313108,0.008278505,0.2048694,0.016507387,0.008268028,0.14204298,0.14216682,1186.4.jpg
0.85790586,0.68438697,0.17059945,0.043599714,0.010156701,0.06610149,0.078433014,0.52065146,0.01080812,0.006349626,0.73255324,1188.1.jpg
0.44082093,0.03985411,0.3515491,0.02860751,0.19601712,0.25642288,0.39443296,0.8078007,0.037028033,0.022258628,0.8323011,1188.2.jpg
0.021524897,0.0026305828,0.05701292,0.015770745,0.0012973264,0.0046680374,0.03628177,0.052950297,0.0006172548,0.045452017,0.93785787,1188.3.jpg
0.016688976,0.0017069028,0.060883723,0.006547405,0.0005336313,0.00041639266,0.011700931,0.18766774,2.468102e-05,0.020224925,0.98420584,1188.4.jpg
0.0026015046,0.00016718692,0.0032965054,0.0032081965,0.00018895594,0.0005301122,0.014741136,0.035611264,0.00021450208,0.0017409091,0.95144963,1189.1.jpg
0.0007940306,4.7180936e-05,0.0049657454,0.0057502217,0.00022730653,0.00044880068,0.031615257,0.08249118,0.00042641655,0.014415583,0.9921863,1189.2.jpg
0.00716952,0.000199395,0.017221611,0.0016131918,0.0006178393,8.233008e-05,0.013989359,0.12177603,2.5701918e-05,0.007816991,0.9839933,1189.3.jpg
0.01046788,8.056652e-05,0.025991414,0.03315473,0.0009925725,0.00074143696,0.12728253,0.33963367,0.00036792946,0.021446759,0.9884998,1189.4.jpg
0.026360309,0.0005015666,0.0002990949,0.00056334905,0.057024036,0.014715072,0.16798532,0.12372476,0.0013988256,0.94019437,0.47346604,119.1.jpg
0.010175866,0.0013187118,0.0009624405,0.0006152499,0.07432965,0.033046667,0.066292524,0.11554019,0.00079547707,0.9666991,0.4185847,119.2.jpg
0.037655402,0.0018104626,0.0005912306,0.00044182088,0.034667015,0.0797147,0.08419245,0.024823016,0.00056710944,0.9904903,0.45232305,119.3.jpg
0.04813548,0.0012622921,0.0005737298,8.095251e-05,0.090240195,0.12820517,0.07253759,0.027081812,0.00028102298,0.8813735,0.20227332,119.4.jpg
0.022540398,0.009361284,0.10172427,0.029766476,0.0004957171,0.00013559873,0.0026535704,0.11469459,0.00025940692,0.04186114,0.91418386,1190.1.jpg
0.017226657,0.008054555,0.16649313,0.018044805,0.0038333486,0.0005839524,0.016150009,0.16424553,0.00037970513,0.094884165,0.9302749,1190.2.jpg
0.001499428,0.00079799886,0.022025028,0.00052407157,0.00021094317,3.0948773e-05,0.0024146275,0.08516676,5.325826e-05,0.0069549177,0.40238237,1190.3.jpg
0.00983033,0.0020436612,0.275906,0.017537972,0.010720133,0.00075613876,0.07640125,0.45567814,0.0019774428,0.035388514,0.78316206,1190.4.jpg
0.9915393,0.9698742,0.0052248496,0.004270851,0.0003426209,0.005287334,0.25325757,0.27096364,0.0007514681,0.00014423812,0.63388056,1191.1.jpg
0.7285091,0.035783947,0.04446428,0.10341163,0.0016769583,0.0054289205,0.14280246,0.14238234,0.039264746,0.0038797134,0.47870663,1191.2.jpg
0.999861,0.99960023,0.0024128547,0.0036987192,1.0903047e-05,0.00019158889,0.027067846,0.0043488955,0.00011122441,1.0184702e-06,0.03628358,1191.3.jpg
0.9887261,0.74725103,0.03180253,0.02382058,0.0014602871,0.0039177774,0.1706069,0.046312515,0.0123625165,0.00043718333,0.07741416,1191.4.jpg
0.0015645616,0.0005107543,0.019671846,0.09676414,0.004218844,0.0018838897,0.10142143,0.24880382,0.0028842196,0.007938929,0.7868982,1192.1.jpg
0.0005828522,4.2981e-05,0.18486246,0.022044063,0.0010043293,1.1900222e-05,0.009123218,0.45263255,0.00034852634,0.0005885695,0.6666445,1192.2.jpg
0.0062310053,0.0011666657,0.25068521,0.14164218,0.0019679582,0.006251989,0.17606135,0.18707848,0.0046922727,0.086415455,0.81202215,1192.3.jpg
0.15142629,0.0021090615,0.43186137,0.26868698,0.0022630696,0.0060168332,0.37685055,0.32539853,0.0033703917,0.004152216,0.83746475,1192.4.jpg
0.00016414537,2.0330586e-05,0.00057801075,0.015064701,0.00022432608,3.111149e-06,0.0010253277,0.044107392,0.000254786,0.1353662,0.283126,1193.1.jpg
0.00046761925,0.0001205811,0.003011357,0.017392144,0.054482605,0.00038603897,0.0060103917,0.1609425,0.0019825802,0.6149468,0.28798828,1193.2.jpg
0.010646271,0.00029003638,0.026809685,0.027408337,0.0033774278,0.0008995857,0.1062456,0.037806246,0.00045627417,0.6302113,0.9099708,1193.3.jpg
0.00897624,0.0003294858,0.016488237,0.0017416658,0.002615991,0.0012311062,0.026682181,0.026290182,0.0006305934,0.17123353,0.75469524,1193.4.jpg
0.44322497,0.08427907,0.07243865,0.0345405,0.011645506,0.006835573,0.13198355,0.2743954,0.0015502513,0.20627767,0.9891705,1194.1.jpg
0.4808322,0.061147988,0.09297168,0.15253234,0.0033510588,0.01111055,0.16496193,0.16359393,0.009945551,0.2404361,0.9705921,1194.2.jpg
0.79165024,0.030016411,0.020562341,0.0034736341,0.0014278744,0.14278749,0.40567973,0.022856519,0.0037576426,0.24323954,0.90817034,1194.3.jpg
0.16606747,0.008809593,0.04776998,0.023450555,0.010670346,0.15196753,0.1494819,0.09211191,0.013283184,0.9003052,0.9646979,1194.4.jpg
0.23816599,0.0053688744,0.019589877,0.0098606525,8.056975e-05,0.00029378178,0.07294745,0.43900442,3.7310201e-06,0.00061368826,0.9495096,1195.1.jpg
0.6938083,0.060954053,0.12711388,0.037937973,0.0012609547,0.004797327,0.15028955,0.21125147,0.0004962249,0.0034486316,0.8961649,1195.2.jpg
0.76405144,0.13291803,0.17654185,0.00391949,0.00061516254,0.017220458,0.2621599,0.123467974,0.0005264703,0.0008704495,0.9742965,1195.3.jpg
0.03444542,0.0009659081,0.078761235,0.0018679998,0.006830046,0.002151933,0.18952653,0.49384418,0.0006349004,0.0028284367,0.9431537,1195.4.jpg
0.0149597,0.0038675168,0.1394266,0.034575414,0.0016196158,0.00016940349,0.0061586807,0.21683735,0.0002810487,0.05322128,0.6567604,1196.1.jpg
0.0044091986,0.00018962157,0.0058782226,0.0037483983,8.5183965e-05,5.454348e-05,0.0025312183,0.35180935,6.0573584e-06,0.0029801894,0.9771196,1196.2.jpg
0.19468673,0.053693473,0.15217988,0.01636867,0.0030903558,0.005366983,0.27611396,0.2602856,0.0032846234,0.005316051,0.32551453,1196.3.jpg
0.03678013,0.013462277,0.22464105,0.028235199,0.0023847043,0.0062026065,0.59594095,0.4202727,0.0032057653,0.04375935,0.8072754,1196.4.jpg
0.7354356,0.2543984,0.41909698,0.22329697,0.32724088,0.80466104,0.7556,0.64377475,0.24547671,0.3752676,0.9744862,1197.1.jpg
0.57002366,0.13549237,0.2764757,0.19062135,0.56477046,0.42856467,0.5173485,0.32612583,0.1373446,0.5007776,0.9742106,1197.2.jpg
0.69071543,0.18128647,0.108258486,0.224579,0.22022603,0.26675367,0.5427478,0.7403152,0.052148223,0.32162336,0.94395804,1197.3.jpg
0.030275991,0.0014330545,0.072628774,0.1513112,0.0027339722,0.02057028,0.076486476,0.4675938,0.0008211847,0.1442571,0.9937975,1197.4.jpg
0.11365898,0.05161915,0.006063916,0.0014101758,0.00024994192,9.942266e-05,0.031263147,0.69376576,7.859525e-06,0.0022825329,0.8664656,1198.1.jpg
0.006515088,0.002563748,0.0025046102,0.00070055586,4.4274693e-05,9.598372e-06,0.0013653875,0.11859874,1.6917211e-06,0.00562005,0.71243966,1198.2.jpg
0.3131917,0.14517434,0.010987046,0.009159049,0.0009068353,0.0034538447,0.05845349,0.42161855,0.0003840877,0.018592436,0.9843647,1198.3.jpg
0.005336342,0.005578494,0.0017039573,0.0010348847,7.24735e-05,4.1767464e-05,0.0062002577,0.23111458,3.900719e-06,0.009195097,0.9933187,1198.4.jpg
0.057526164,0.010466711,0.0023711033,0.00019683431,0.0030993859,0.21243754,0.056733813,0.004325928,5.76112e-05,0.98654336,0.26820475,1199.1.jpg
0.017364498,0.0016181892,0.00052452466,6.0151902e-05,0.057121042,0.28205267,0.11125278,0.010990948,0.00012029857,0.90980107,0.063019104,1199.2.jpg
0.0011721501,6.7385015e-05,7.967574e-05,1.19022425e-05,0.029388841,0.007830264,0.03159707,0.023123464,8.13783e-06,0.87234825,0.37885153,1199.3.jpg
0.027109247,0.00079537363,0.0012875336,0.00016328726,0.03257924,0.25669175,0.07063974,0.02051516,7.018992e-05,0.9277418,0.46355245,1199.4.jpg
0.07958977,0.003538372,0.09968553,0.044510458,0.003694125,0.009291221,0.21118641,0.18004318,0.0007555136,0.10627178,0.92888767,12.1.jpg
0.0047004265,0.0012064363,0.19833493,0.0010889118,0.00028612016,2.6831362e-05,0.005300288,0.14714019,3.352334e-05,0.0009357677,0.04104366,12.2.jpg
0.009354816,0.00022348539,0.0003675424,0.00022491695,6.2553154e-06,2.9926547e-05,0.019737788,0.063009225,7.4867585e-06,0.0008443306,0.76628315,12.3.jpg
0.018900491,0.0005634661,0.0014485752,0.006142518,0.00084117224,0.00051510613,0.09239184,0.07810216,0.00019581767,0.019092716,0.83951527,12.4.jpg
0.71176064,0.029445782,0.0055565555,0.008131102,0.0067779543,0.060336877,0.39661875,0.28893164,0.0069023864,0.051584832,0.96160054,120.1.jpg
0.8355277,0.11323155,0.0586832,0.020427909,0.03713908,0.6150571,0.6571414,0.18843819,0.05629929,0.21817128,0.90211874,120.2.jpg
0.8627438,0.101218954,0.027254645,0.07295712,0.0010939424,0.03879903,0.2181175,0.1331457,0.0037929276,0.2190422,0.8735846,120.3.jpg
0.76742923,0.14639597,0.2557085,0.3495583,0.0310849,0.39031425,0.38917443,0.10703929,0.109379105,0.49653128,0.77744174,120.4.jpg
0.3213817,0.031469386,0.2019769,0.06793738,0.0066447877,0.07774299,0.5395332,0.5086644,0.009554918,0.027357975,0.99162114,1200.1.jpg
0.11974064,0.02914179,0.11688205,0.19398974,0.058132835,0.039596565,0.55263585,0.30684105,0.007665759,0.025435487,0.9947995,1200.2.jpg
0.02626647,0.0019146595,0.3073916,0.003753707,0.0007289488,0.00088216364,0.4151148,0.36806706,0.00048845925,0.003852396,0.6203342,1200.3.jpg
0.013876948,0.00013803567,0.028628154,0.0010853222,0.00021626425,0.00073252467,0.2652336,0.77558464,0.00012341446,0.001552354,0.9081857,1200.4.jpg
0.98072904,0.5379157,0.0022038396,0.00023452278,0.004199593,0.26545227,0.79705197,0.1329038,0.00029356842,0.00019687635,0.09149219,1201.1.jpg
0.2004185,0.021717448,0.005872616,0.0010325718,0.003921041,0.002431661,0.14591664,0.3794455,5.758418e-05,0.1304768,0.144773,1201.2.jpg
0.9423511,0.48779234,0.020626016,0.0031740342,0.0021811237,0.024825787,0.55315787,0.07593927,0.00077520113,0.006517675,0.095418535,1201.3.jpg
0.6555118,0.029630339,0.0015055414,0.00020702543,0.00028743665,0.0009609557,0.11610805,0.13144152,0.00057047006,0.0024074398,0.013774835,1201.4.jpg
0.13806501,0.014303989,0.067210615,0.0828607,0.0023233083,0.003777667,0.08397869,0.2784244,0.0019996404,0.01057236,0.9241122,1202.1.jpg
0.0020740603,0.00024338829,0.03617682,0.020197852,0.0013072803,0.00022757717,0.06740625,0.48676172,0.0010909329,0.009444797,0.90237033,1202.2.jpg
0.011179321,0.0013095713,0.018023968,0.0036626938,0.0018574992,0.0013545861,0.20847407,0.1320886,0.00045182693,0.028901368,0.957789,1202.3.jpg
0.0063144662,0.0024372751,0.062240932,0.43732676,0.0075642574,0.0047381246,0.23498549,0.17255308,0.0019786526,0.1716516,0.9856705,1202.4.jpg
0.23951706,0.18164581,0.033174362,0.25260428,0.08331497,0.016974216,0.41128302,0.8776458,0.062108245,0.028616866,0.6199386,1203.1.jpg
0.035589974,0.016126115,0.14789557,0.17527138,0.11565702,0.0051188967,0.24198823,0.8728176,0.022142727,0.13000879,0.8953811,1203.2.jpg
0.7975921,0.7266819,0.0068216706,0.18609834,0.060954776,0.011400778,0.13851196,0.843363,0.060094446,0.0026056403,0.17575413,1203.3.jpg
0.26097527,0.31886157,0.012940393,0.04079776,0.0050783837,0.00024692048,0.027482752,0.6427622,0.00056339253,0.0048941644,0.030643448,1203.4.jpg
0.001916822,0.00011565424,0.0027942252,0.010145532,4.471522e-05,0.000993562,0.00978014,0.08082854,1.31162715e-05,0.012100961,0.99805474,1204.1.jpg
0.02629011,0.0026843576,0.029692536,0.012002731,0.0009894497,0.0070231324,0.04205303,0.12857486,0.0012701415,0.07406719,0.9756437,1204.2.jpg
0.0056641367,0.0002965644,0.003717402,0.00029933028,8.395814e-06,4.475088e-05,0.0069356393,0.04035676,8.813044e-06,0.0066265264,0.9915159,1204.3.jpg
0.0003081726,4.0110524e-05,0.033072,0.02350965,0.00012399115,4.578726e-05,0.0022618813,0.09264771,1.23534455e-05,0.10340354,0.9941499,1204.4.jpg
0.008338045,0.00011478944,0.0010445571,0.0045541613,0.00043932835,6.135103e-05,0.10081628,0.07296958,0.00011090182,0.016316844,0.46916723,1205.1.jpg
0.007839709,0.0007145828,0.07823582,0.028554527,0.0007511213,0.0007410146,0.09232417,0.3754303,0.0015491572,0.02478171,0.55099016,1205.2.jpg
0.05197941,0.007564404,0.010759603,0.0073875813,8.100371e-05,0.0002590357,0.096751526,0.12444526,0.000549525,0.0023672048,0.19198847,1205.3.jpg
0.016885657,0.0014625492,0.29206502,0.030976223,0.0075577027,0.0004300964,0.055107642,0.09454616,0.006376854,0.072807334,0.13371985,1205.4.jpg
0.959772,0.63547266,0.08601993,0.011526264,0.00075595867,0.01868759,0.25327775,0.31174323,0.0009986502,0.008537502,0.9231426,1206.1.jpg
0.11097757,0.02872209,0.23492637,0.03997331,0.0013666532,0.027756695,0.38797808,0.39382693,0.00032952192,0.098448455,0.9728875,1206.2.jpg
0.27241093,0.16988651,0.2835921,0.049894005,0.0006477704,0.016810825,0.12830125,0.09861588,0.0006264926,0.28139514,0.8908637,1206.3.jpg
0.105816945,0.08287777,0.29809433,0.034343023,0.0019156474,0.017390538,0.068076715,0.19307467,0.0006246751,0.4909396,0.9718147,1206.4.jpg
0.066993564,0.00653392,0.01079105,0.012077225,0.00019233348,0.00019912103,0.020301882,0.6299745,8.609017e-05,0.004413504,0.6698638,1207.1.jpg
0.0008239779,7.935923e-05,0.63016844,0.027212402,0.0014646734,3.16443e-05,0.0129866395,0.13071606,0.00012811308,0.058039933,0.4264622,1207.2.jpg
0.039070316,0.008330227,0.26730672,0.054524306,0.0049153403,0.0022923835,0.21244985,0.0905485,0.0011881934,0.10354248,0.53815013,1207.3.jpg
0.020935321,0.0021734382,0.46989617,0.022133367,0.0038816177,0.00088292646,0.15737079,0.2594122,0.00085649703,0.034891814,0.53892195,1207.4.jpg
0.061282635,0.0075936094,0.007509056,0.0052794027,0.00025743266,0.0027388167,0.27337945,0.46596047,0.0003338786,0.0015043985,0.9680563,1208.1.jpg
0.008182622,0.0018531767,0.11809296,0.024814246,0.029696777,0.0025333273,0.0498458,0.49183202,0.002087432,0.017493453,0.95149326,1208.2.jpg
0.0946824,0.0075168223,0.011522016,0.0056714294,0.0009982993,0.0151719125,0.5357106,0.16864571,0.0014460895,0.0007059035,0.70600104,1208.3.jpg
0.0045375726,0.0008059573,0.13077097,0.042009044,0.00960213,0.00097200664,0.026658747,0.098840825,0.0039732,0.010662069,0.65921164,1208.4.jpg
0.15650836,0.028073683,0.0026725992,0.0072630495,0.00043088145,0.00012760419,0.07388668,0.4301975,6.953821e-05,0.004819705,0.2985502,1209.1.jpg
0.009122956,0.00963595,0.014456926,0.008828955,0.00075755606,0.00011319983,0.012488571,0.28659835,0.0003920106,0.006809218,0.1282185,1209.2.jpg
0.25400573,0.03131351,0.015413027,0.004172017,0.00049372733,0.0002135047,0.05856131,0.36163887,0.00063880713,0.0044762753,0.09829647,1209.3.jpg
0.01396331,0.0030512433,0.027802661,0.01112845,0.0031131078,0.00016765624,0.007564956,0.11090485,0.0010892878,0.033043694,0.054952975,1209.4.jpg
0.8229451,0.4841915,0.15149139,0.12874669,0.015806792,0.0035666584,0.24366462,0.70064664,0.008685177,0.03190842,0.64422905,1210.1.jpg
0.043888237,0.0055129305,0.40522102,0.099679254,0.0070840684,0.0014552355,0.0299897,0.15652727,0.0008945896,0.29778323,0.50954443,1210.2.jpg
0.7341769,0.5077185,0.04174607,0.021013614,0.0005874095,0.0042759846,0.16852914,0.84027576,0.00042662612,0.004557656,0.7656015,1210.3.jpg
0.43704966,0.039919473,0.07984274,0.0022498115,9.187983e-05,0.0013397308,0.035937466,0.14975554,4.5871522e-05,0.01158293,0.6397731,1210.4.jpg
0.69266486,0.23615167,0.063186415,0.022345772,0.0081483135,0.0057052877,0.38886505,0.95956916,0.0061534992,0.009059839,0.88291186,1211.1.jpg
0.54195917,0.059089538,0.077843636,0.037661448,0.0044319592,0.0017442403,0.10622455,0.74889565,0.00053317525,0.022212334,0.98250026,1211.2.jpg
0.94740635,0.71808887,0.09735618,0.09991782,0.013239817,0.025210045,0.2918598,0.48258504,0.011064707,0.042892545,0.95519584,1211.3.jpg
0.7614791,0.28754267,0.1017747,0.10305014,0.013833537,0.026291152,0.7113744,0.8272113,0.0071076583,0.065544635,0.9846735,1211.4.jpg
0.007889678,0.00014891173,0.0011516437,0.0003472589,0.5269826,0.06604813,0.03658157,0.017729787,0.026915172,0.9857415,0.47201642,1212.1.jpg
0.028704718,0.0013579017,0.004879218,0.0007798225,0.070384756,0.50498456,0.025604224,0.00640634,0.0611167,0.97708285,0.38043967,1212.2.jpg
0.022932425,0.0014639533,0.0011511019,0.0009257328,0.04300177,0.0040341616,0.03401425,0.08229841,0.0021051,0.98198134,0.25916916,1212.3.jpg
0.012131376,0.00018471833,0.0018173783,0.00020166473,0.05873577,0.008874713,0.008714394,0.015775252,0.0003924529,0.9767148,0.65339816,1212.4.jpg
0.4497779,0.30860603,0.057595465,0.014321991,0.006659849,0.046552703,0.09005174,0.083986774,0.0015968705,0.08919962,0.56177074,1213.1.jpg
0.27444777,0.3896864,0.0865499,0.12664542,0.003922749,0.0129232835,0.037531573,0.06058116,0.00038387373,0.28154123,0.68438077,1213.2.jpg
0.2867852,0.26394373,0.008661483,0.02869469,0.00014688578,0.00092424604,0.037544407,0.027441775,5.6627927e-05,0.015339442,0.6953406,1213.3.jpg
0.061082855,0.0041752555,0.010668106,0.015486002,0.00079967396,0.0005039983,0.16441393,0.17219122,0.0001235189,0.014012966,0.9311113,1213.4.jpg
0.0044101197,5.5873203e-05,0.0015112803,0.0057260725,4.6868463e-05,2.0460515e-05,0.0067472835,0.23965836,0.00022235212,0.016736854,0.4270232,1214.1.jpg
0.004872982,0.00058636063,0.007898249,0.0032895398,0.00359447,0.0005445567,0.026176391,0.36417532,0.00035604415,0.04067596,0.25099993,1214.2.jpg
0.2347591,0.017139614,0.005213261,0.005265403,0.0047475514,0.0027541495,0.17079894,0.46742457,0.007179896,0.07871694,0.47186786,1214.3.jpg
5.5037766e-05,1.4796602e-06,0.00027333258,0.00084371044,0.003579061,2.4955662e-05,0.010273978,0.03620796,3.3446384e-05,0.053247787,0.64867175,1214.4.jpg
0.00531645,0.000976368,0.02468772,0.00064560276,0.0004977963,0.00013229177,0.065469526,0.7796147,5.7218435e-06,0.0013164926,0.99027634,1215.1.jpg
0.056731466,0.005029039,0.29996368,0.020607255,0.005213061,0.0028693953,0.06509519,0.77540225,0.00024276601,0.00729758,0.97958416,1215.2.jpg
0.11472888,0.05223279,0.0024669184,0.0029601578,0.002825251,0.0005776355,0.0226568,0.36203584,0.00028089358,0.0031483024,0.58517534,1215.3.jpg
0.0074092466,0.003454211,0.039889313,0.23311627,0.020059371,0.0009379194,0.0820564,0.18333116,0.007675384,0.014295876,0.23823178,1215.4.jpg
0.030430416,0.004564038,0.5050311,0.08524863,0.03193943,0.015309409,0.32311264,0.6277822,0.0017144367,0.042266116,0.9616401,1216.1.jpg
0.0019660597,0.00061404426,0.6470219,0.03444047,0.009770553,0.0010207711,0.10579712,0.23025756,0.00015340872,0.13265859,0.95092225,1216.2.jpg
0.18899226,0.020342395,0.53215694,0.104211405,0.012444431,0.002612823,0.32382396,0.60897255,0.0014533747,0.045778878,0.61196107,1216.3.jpg
0.016236966,0.0037333337,0.21373802,0.040846955,0.013407525,0.0011727639,0.12016423,0.17650513,0.00057006354,0.033389978,0.92605704,1216.4.jpg
0.7411002,0.4358337,0.06762832,0.08056442,0.0029139593,0.029319076,0.37607947,0.16286077,0.012843672,0.21426451,0.8083442,1217.1.jpg
0.96775717,0.4813001,0.036463466,0.016608147,0.002585477,0.06536688,0.79287434,0.31330505,0.01667194,0.012447608,0.49484614,1217.2.jpg
0.32648495,0.022892278,0.10702125,0.42038593,0.005769752,0.02730024,0.49075058,0.08500794,0.002405925,0.07699368,0.74846035,1217.3.jpg
0.12590386,0.027632052,0.18277176,0.2195996,0.04511894,0.09057623,0.30401468,0.27934203,0.0015927531,0.4474353,0.9744499,1217.4.jpg
0.09205974,0.007484094,0.0038507748,0.005245135,0.008536966,0.0008983617,0.036515392,0.3439024,0.002662339,0.015395556,0.95218617,1218.1.jpg
0.32628456,0.093945175,0.038772345,0.041089904,0.089804575,0.054628886,0.3861637,0.6726428,0.023475077,0.06391732,0.9693788,1218.2.jpg
0.91783357,0.67429787,0.05274732,0.045488082,0.001318332,0.12223975,0.14963683,0.054954745,0.0036010786,0.013673816,0.95346457,1218.3.jpg
0.08775211,0.0040715975,0.13545997,0.13408694,0.023392057,0.007134164,0.32189083,0.16997953,0.02608684,0.18361457,0.8679496,1218.4.jpg
0.46540645,0.22088951,0.047623374,0.038234603,0.007902333,0.12628867,0.33879375,0.46084392,6.3411855e-05,0.0055894507,0.9976695,1219.1.jpg
0.010638183,0.00026118357,0.0015723207,0.0056297313,3.1719257e-05,0.00021789774,0.0024200894,0.09214866,1.6024869e-06,0.006593784,0.99839133,1219.2.jpg
0.37582615,0.06960805,0.013274024,0.0041535804,0.00016277535,0.0056441505,0.014989924,0.20070127,1.5555821e-05,0.0015590348,0.9971481,1219.3.jpg
0.005596367,0.00016614932,0.043282576,0.0029862993,2.9401377e-05,0.00040502497,0.013942238,0.09679955,3.1546924e-06,0.0063777757,0.9923228,1219.4.jpg
0.69859785,0.23646268,0.037981827,0.03848748,0.0012010107,0.09336103,0.29016635,0.39518413,0.0035321333,0.40634897,0.9765559,122.1.jpg
0.09567402,0.0099289585,0.039480004,0.020087339,0.07851641,0.43726227,0.37722832,0.042060252,0.018669771,0.41758975,0.44660705,122.2.jpg
0.013330704,0.0009680843,0.3080177,0.100899145,0.0021366633,0.00322615,0.025224779,0.04906471,8.1517304e-05,0.08121818,0.9452484,122.3.jpg
0.0006428653,3.8063157e-05,0.00031918197,0.00094130344,0.00010967307,0.0040245974,0.021817502,0.08709804,4.2603674e-06,0.15314919,0.94504595,122.4.jpg
0.0007381949,2.4311179e-05,0.00025391637,0.014389774,6.015048e-06,7.9046855e-05,0.017495217,0.04792862,1.6307492e-06,0.0014646072,0.9707117,1220.1.jpg
0.00024493705,3.686667e-06,8.0038684e-05,0.011198198,1.2007813e-06,1.5038863e-06,0.0015986558,0.027374975,4.4841676e-07,0.0001309219,0.6868915,1220.2.jpg
0.0016348299,0.0010936356,0.008673275,0.072102495,0.0019680143,0.0059492555,0.20610479,0.26929146,3.0479896e-05,0.013555834,0.90523607,1220.3.jpg
0.008591815,0.00029957265,0.025716934,0.11898255,0.0029710608,0.006264762,0.14301701,0.34812483,0.00010250003,0.09145579,0.9523562,1220.4.jpg
0.8607111,0.10314629,0.13151819,0.010171276,0.010057366,0.1331021,0.7968076,0.36854094,0.016951697,0.09065902,0.65063155,1221.1.jpg
0.445029,0.063250594,0.2441904,0.0836057,0.13057446,0.1934825,0.84781,0.70075643,0.0640258,0.13259326,0.6419293,1221.2.jpg
0.9953029,0.693956,0.086321935,0.00506947,0.0010757298,0.0042122547,0.4206341,0.029591085,0.0026079041,0.0020441865,0.31670958,1221.3.jpg
0.032897342,0.00024328643,0.06741634,0.010981094,0.008568075,0.0005124105,0.10602589,0.038953807,0.0075979442,0.008146622,0.33010063,1221.4.jpg
0.06818024,0.017067662,0.014813253,0.087794736,0.006084716,0.0022685758,0.0831239,0.4517022,0.0003392358,0.19033845,0.9903654,1222.1.jpg
0.05130657,0.012544707,0.064301714,0.056059096,0.011506148,0.001964514,0.071454674,0.40799272,0.0010253037,0.14447203,0.9875195,1222.2.jpg
0.0072223116,0.0029322614,0.00887463,0.023989256,0.00014328882,0.004037205,0.09469587,0.04401559,5.1855895e-05,0.024151687,0.99812835,1222.3.jpg
0.0070549715,0.0024629799,0.01252637,0.01654599,0.002784691,0.024241934,0.06040309,0.08663225,0.00048912084,0.048409007,0.99813324,1222.4.jpg
0.41563654,0.085675895,0.0061649797,0.08223123,0.0013452389,0.0029130534,0.14273122,0.40690646,0.00016773956,0.0027668732,0.9632713,1223.1.jpg
0.026637703,0.0025021858,0.032378078,0.13446768,0.0030019688,0.0048241946,0.17833973,0.46749297,3.9171944e-05,0.013600542,0.96480465,1223.2.jpg
0.0813777,0.009500926,0.0045472556,0.053973816,0.0005072182,0.00027164625,0.09053931,0.2790181,3.3091652e-05,0.00632157,0.84354687,1223.3.jpg
0.0005990535,1.1447525e-05,0.00033358744,0.024355914,1.6600397e-05,2.072755e-06,0.0010459467,0.049280547,2.1958099e-06,0.0074122315,0.9859232,1223.4.jpg
0.107505694,0.03859709,0.34724584,0.00851045,0.03971561,0.0033063216,0.12877207,0.6122495,0.0020129355,0.009449371,0.8157243,1224.1.jpg
0.004960835,0.0020719948,0.22631297,0.017406922,0.016484736,0.0012723384,0.0468063,0.30098298,0.00064094557,0.026008114,0.89744425,1224.2.jpg
0.505508,0.12403805,0.006228168,0.0028540008,0.00034801933,0.0015399613,0.27488485,0.48474,1.571222e-05,0.0022346354,0.8233917,1224.3.jpg
0.00013599302,0.00010845999,0.0109985545,0.005310545,0.00015021549,6.2828476e-05,0.0038976488,0.08016862,5.0209364e-06,0.0015808264,0.98102933,1224.4.jpg
0.021248441,0.002402702,0.012139511,0.0026256733,0.0025346037,0.00023704558,0.0460987,0.13282675,0.0003106105,0.01368839,0.8606041,1225.1.jpg
0.021580108,0.0007260705,0.00990675,0.029785238,0.001639767,0.00014391444,0.008632977,0.24404864,0.0002594475,0.045243576,0.9430728,1225.2.jpg
0.17619255,0.003291953,0.050674926,0.019820124,0.0061117793,0.040212113,0.36157948,0.10198593,0.03945286,0.008350853,0.37764204,1225.3.jpg
0.0033860642,6.7202505e-05,0.07664603,0.009611817,0.00011929105,0.00029976974,0.14683668,0.04303073,0.00032031263,0.00076867343,0.42745984,1225.4.jpg
0.11604853,0.00040717408,0.0010152884,0.0025512534,0.0013134517,0.00045508376,0.028461425,0.30951807,3.3645974e-05,0.16697416,0.96907514,1226.1.jpg
0.033100594,0.0010658066,0.010690045,0.033913884,0.073123775,0.0014105197,0.018119931,0.3458794,0.0015849205,0.5453657,0.84549874,1226.2.jpg
0.029907433,0.0026333327,0.11714622,0.023581313,0.02303234,0.17579435,0.25174174,0.29951438,0.0004067549,0.84147805,0.9804326,1226.3.jpg
0.0063357325,0.0029933157,0.053025715,0.0588052,0.02706971,0.03801466,0.08452312,0.3197339,0.0013861993,0.90294635,0.9931206,1226.4.jpg
0.0042148074,0.0007033649,0.0027923419,0.0005127816,0.00015602178,0.00077009975,0.014491792,0.029960914,0.0001051298,0.035469826,0.64639354,1227.1.jpg
0.0074676876,0.00068524276,0.0008053688,0.0019741114,0.0017037975,0.0004302061,0.010896694,0.050544027,0.00023547324,0.39793053,0.7975325,1227.2.jpg
0.5664913,0.11970779,0.043484345,0.0029352016,0.0035628274,0.011292923,0.092982315,0.21575429,0.0025529831,0.13518588,0.68162125,1227.3.jpg
0.18713863,0.014556898,0.0018451483,0.00018974236,0.00010770731,0.00015129232,0.005792813,0.07344512,0.00011618205,0.11272499,0.13844441,1227.4.jpg
0.84993225,0.9590841,0.40786126,0.39913252,0.114984795,0.07125168,0.072124444,0.48252952,0.04832671,0.070142716,0.48384702,1228.1.jpg
0.01154185,0.0019273941,0.03340849,0.08022189,0.010198653,0.0005875766,0.02521348,0.32385373,0.013246671,0.040759496,0.17156965,1228.2.jpg
0.9125254,0.7116563,0.027091168,0.10398303,0.0015966349,0.0057684393,0.12889223,0.22810069,0.002976538,0.0047679828,0.3137212,1228.3.jpg
0.13493754,0.026832588,0.098718755,0.072784014,0.022848226,0.0075397086,0.048267744,0.17867817,0.02069056,0.01942572,0.3281411,1228.4.jpg
0.20635302,0.28222573,0.063361816,0.03615688,0.008411172,0.0107879555,0.19285312,0.11655066,0.00041211967,0.08084312,0.97763693,1229.1.jpg
0.009639755,0.0063644513,0.018701749,0.006566697,0.0034527685,0.00024607044,0.15640372,0.07164601,3.9135542e-05,0.025563747,0.72495186,1229.2.jpg
0.037498273,0.059353124,0.010663241,0.0123288045,0.004093039,0.00017096844,0.031100588,0.08837123,0.00018611713,0.036308218,0.3844106,1229.3.jpg
0.006701993,0.009873201,0.017130043,0.015815357,0.0032257638,8.124561e-05,0.030006621,0.18544969,0.00013024663,0.024339434,0.24688978,1229.4.jpg
0.03249579,0.00018935687,0.00023324901,0.006195062,0.00015201839,2.1685193e-05,0.009337779,0.08360214,3.6960228e-05,0.0033138602,0.2404011,123.1.jpg
0.015615105,0.0004841282,0.000108644446,0.002011326,0.00017907286,1.1105234e-05,0.0030509299,0.094709516,0.00013388161,0.0052252286,0.053509817,123.2.jpg
0.72048485,0.025659937,0.08320655,0.06375981,0.0034995535,0.022654328,0.38173917,0.39991742,0.007080095,0.013177425,0.39685372,123.3.jpg
0.0016692741,9.5604264e-05,0.01039961,0.014022041,0.0014441691,0.00024290144,0.005465028,0.08712772,0.01715203,0.017072871,0.18575884,123.4.jpg
0.57874,0.48518398,0.0020318474,0.005423241,4.941058e-05,0.0005096394,0.04706291,0.17631659,1.8617537e-05,0.008087209,0.74767464,1230.1.jpg
0.029333541,0.008962024,0.013558379,0.04106029,0.0017961909,0.0001819895,0.011036165,0.15391627,3.1175798e-05,0.17778361,0.90686643,1230.2.jpg
0.8894156,0.96511745,0.031200524,0.023216408,0.0022662082,0.011580948,0.1648884,0.21891369,0.0003831714,0.051650357,0.9605708,1230.3.jpg
0.775795,0.9027482,0.052543946,0.012354658,0.00072130596,0.008533698,0.22595622,0.13568495,0.00029078702,0.027398165,0.8549738,1230.4.jpg
0.012753387,0.0015719121,0.40399316,0.006210423,0.00043969828,0.0004855685,0.0828295,0.4123469,0.00018706147,0.0025173777,0.8127067,1231.1.jpg
0.0011251936,0.00019130905,0.14470881,0.08210945,0.0013536059,0.00023198305,0.035575576,0.20774372,0.0008443639,0.032573137,0.51315135,1231.2.jpg
0.07879089,0.011712074,0.22410426,0.17221062,0.010828756,0.011262081,0.24423526,0.42840317,0.0019921628,0.056989048,0.9124262,1231.3.jpg
0.0010113909,0.0005282593,0.47026876,0.23947176,0.011206861,0.0009139534,0.02386653,0.05891724,0.0019980664,0.15365751,0.8169566,1231.4.jpg
0.6812094,0.5698442,0.3185631,0.1343566,0.0022922168,0.028747514,0.36672524,0.5592658,0.007218602,0.022475353,0.88977504,1232.1.jpg
0.9982451,0.9266521,0.05475926,0.01812776,0.00022287256,0.011667595,0.36594188,0.084311455,0.002104353,0.00023779053,0.5633448,1232.2.jpg
0.99422604,0.85014117,0.0052288813,0.00027439263,0.00014841049,0.26766577,0.33411938,0.0015205165,0.0013593147,0.00026059087,0.048691038,1232.3.jpg
0.99693143,0.6995483,0.010979908,0.004596252,0.0003602219,0.29598668,0.47708252,0.008501651,0.0009010217,0.00055576646,0.12583084,1232.4.jpg
0.25454363,0.021088824,0.055149592,0.05072303,0.16193634,0.003961497,0.522294,0.97740734,0.02622959,0.000671901,0.25624487,1233.1.jpg
0.76090515,0.08272019,0.264704,0.18480232,0.22274569,0.010162188,0.50740767,0.85992193,0.09143785,0.0008962615,0.20549795,1233.2.jpg
0.8214406,0.33653134,0.083502024,0.0032134037,0.0026283332,0.0036032347,0.5076944,0.46615914,0.010756371,0.004507762,0.055826925,1233.3.jpg
0.005376802,0.0029657178,0.22675343,0.045113742,0.076222025,0.0036680503,0.20832658,0.27931693,0.06876646,0.03816454,0.053065673,1233.4.jpg
0.9998147,0.9945285,0.00074767694,8.15341e-05,5.3482574e-07,0.023063922,0.18466933,0.0021068847,6.268775e-06,2.0448708e-06,0.6372517,1234.1.jpg
0.99961865,0.9761228,0.0005916517,3.1291067e-05,3.748657e-07,0.036588486,0.20121364,0.0030024797,3.3088045e-06,2.1497854e-06,0.87177557,1234.2.jpg
0.86756885,0.7595012,0.020497529,0.003794531,0.00028565025,0.027177015,0.11397922,0.35072738,3.0582825e-05,0.0027210424,0.9258899,1234.3.jpg
0.9997123,0.9913482,0.016119603,0.00023285572,7.0838832e-06,0.08344561,0.2473608,0.06011578,1.5241919e-05,9.987094e-06,0.89468503,1234.4.jpg
0.017867941,0.00018527907,0.0026103721,0.04053663,6.500566e-05,0.00026235337,0.011363712,0.050802942,0.00044302264,0.0017166366,0.9714347,1235.1.jpg
0.024988249,0.00033143276,0.0027731971,0.021419019,0.00038950154,0.00024015902,0.037336398,0.26658484,0.0007623164,0.008814804,0.87460697,1235.2.jpg
0.03705386,0.0050293347,0.7263535,0.0043564504,0.0011340005,0.00937176,0.11180267,0.10196715,0.00012672652,0.2239727,0.95337266,1235.3.jpg
0.07268919,0.0049765734,0.84281826,0.053108472,0.0009878126,0.0007741827,0.01466544,0.08488611,0.00016653983,0.12802878,0.83855706,1235.4.jpg
0.0011514078,3.9028953e-05,0.00170129,0.0011326305,1.3160677e-05,4.702184e-05,0.065265425,0.17659992,5.0827434e-06,0.0022285583,0.9842173,1236.1.jpg
0.0014540954,0.0003159091,0.06682886,0.016278155,0.0004145142,0.0005986197,0.018298188,0.258795,2.8575272e-05,0.066199936,0.9752016,1236.2.jpg
0.98507106,0.9732789,0.046074897,0.012194609,0.0014208028,0.0071431133,0.1014231,0.07684384,0.0013854455,0.0063228346,0.73861617,1236.3.jpg
0.011634447,0.0014671687,0.045380473,0.013946704,0.000630254,0.0017871573,0.03524289,0.14766955,0.00010903802,0.030144421,0.97530127,1236.4.jpg
0.052598104,0.08670461,0.24479693,0.020513676,0.003753851,0.009634425,0.08340812,0.40736687,0.00054305623,0.059607174,0.9483647,1237.1.jpg
0.042056125,0.038565256,0.17934571,0.12642702,0.04046079,0.0040008216,0.26573554,0.45082814,0.004958571,0.052349456,0.6147614,1237.2.jpg
0.015376137,0.0040631252,0.041803617,0.0019284181,0.00019572228,0.00026882274,0.15668786,0.4226005,3.507158e-05,0.026071442,0.71169275,1237.3.jpg
0.027264152,0.0066261026,0.07610378,0.012116339,0.0016738351,8.947476e-05,0.041039493,0.11139481,6.7975685e-05,0.07372624,0.5816965,1237.4.jpg
0.07351745,0.008520333,0.049614187,0.013049813,0.0050253444,0.0008737098,0.2651575,0.7856178,0.001650949,0.013360094,0.77488923,1238.1.jpg
0.03563591,0.002429165,0.29665577,0.04337289,0.036062215,0.002412431,0.06837527,0.7415,0.0025320372,0.055005632,0.240687,1238.2.jpg
0.49125093,0.25496686,0.058434237,0.021658793,0.028424392,0.0026900915,0.16491468,0.86055464,0.0018831573,0.0033638359,0.4299216,1238.3.jpg
0.04297527,0.012326606,0.23094465,0.011966988,0.0317889,0.0002613313,0.108756214,0.939051,0.002425529,0.00088859076,0.1189712,1238.4.jpg
0.09712438,0.0033845596,0.02963372,0.010061801,0.00046543396,0.0005276454,0.117095225,0.23221143,0.00011354545,0.11923642,0.97950935,1239.1.jpg
0.02101777,0.0004303997,0.0103178155,0.0063732686,0.00062861806,0.0009892932,0.07907304,0.26406777,3.902054e-05,0.2685401,0.99262416,1239.2.jpg
0.19848356,0.02551664,0.073420756,0.007757846,0.0018554643,0.0013171228,0.0632589,0.25299257,0.001346418,0.016129656,0.4589269,1239.3.jpg
0.03277802,0.009281075,0.011651967,0.0012989523,0.0013879065,0.00042531107,0.120263554,0.49872243,0.00076078554,0.03614996,0.3978219,1239.4.jpg
0.083120994,0.008011621,0.04438103,0.022195866,0.009941777,0.0088945115,0.57183033,0.21592805,0.0064853444,0.052005775,0.8016562,124.1.jpg
0.049946543,0.015036859,0.17372072,0.21624328,0.0654224,0.01773742,0.16102424,0.18168327,0.12563023,0.27795184,0.8727249,124.2.jpg
0.69457465,0.1556787,0.036939558,0.012010943,0.04916234,0.032764737,0.64281243,0.3612179,0.05838658,0.019928426,0.7412633,124.3.jpg
0.07603712,0.0042442465,0.09189178,0.044570427,0.028748035,0.011986314,0.49107453,0.46022967,0.008834184,0.11588245,0.8198501,124.4.jpg
0.030162968,0.0013913859,0.034073815,0.010767234,0.04278521,0.0067189974,0.032092974,0.057803947,0.010413335,0.72311944,0.37942132,1240.1.jpg
0.1011808,0.020940168,0.0634426,0.07448272,0.06545462,0.02175767,0.1107154,0.083563,0.10792066,0.86192304,0.3429783,1240.2.jpg
0.02228095,0.0005572535,0.008735357,0.050356973,0.0025655252,0.0047816555,0.05719366,0.00548821,0.0060437545,0.24945925,0.18693289,1240.3.jpg
0.0567853,0.0004579786,0.006996387,0.022337414,0.10843333,0.044532515,0.21373142,0.014154902,0.007536405,0.73123395,0.3600365,1240.4.jpg
0.7525398,0.21265236,0.108285695,0.08553057,0.0046872273,0.022240374,0.4291411,0.34794682,0.00033895034,0.04023412,0.9967359,1241.1.jpg
0.15120827,0.02529483,0.180439,0.023007164,0.007805369,0.041919842,0.4955607,0.43218234,0.000517976,0.09415366,0.9974196,1241.2.jpg
0.7225154,0.06537332,0.05371918,0.007216812,0.0023955796,0.009078365,0.10150851,0.27769554,0.003248186,0.008259137,0.92451507,1241.3.jpg
0.112278886,0.0071871737,0.46474016,0.055043187,0.0017098254,0.0022962703,0.16894785,0.51571494,0.0004817512,0.10981085,0.97516125,1241.4.jpg
0.0631077,0.0024720412,0.030020518,0.01374649,0.00042557556,0.00011218242,0.0035984274,0.10527097,8.725295e-05,0.0099725155,0.77804345,1242.1.jpg
0.049769156,0.0032722296,0.06121764,0.048881393,0.0043000495,0.0003799686,0.015826166,0.34556326,0.00024951785,0.022485225,0.75179183,1242.2.jpg
0.42567968,0.026817413,0.004922667,6.0796287e-05,1.0616134e-05,2.356792e-05,0.0018064764,0.59577817,2.226245e-06,0.00016528704,0.3046687,1242.3.jpg
0.0763484,0.0038060579,0.10494271,0.016211996,0.0029192914,0.0035329284,0.11792584,0.20851451,0.0013765718,0.016555078,0.43313336,1242.4.jpg
0.92437816,0.44580987,0.023264442,0.08307288,0.017808368,0.08316307,0.5909962,0.4699319,0.1573387,0.019670311,0.13818663,1243.1.jpg
0.5052465,0.04471812,0.18418695,0.031986125,0.03130739,0.031302497,0.7590363,0.570893,0.034311913,0.05338577,0.07747869,1243.2.jpg
0.99531627,0.92833585,0.010261113,0.0018518638,0.0066397507,0.116592765,0.25301826,0.25645813,0.022930434,0.00013433224,0.07869872,1243.3.jpg
0.9104358,0.17898393,0.009439584,0.0074649137,0.026944846,0.10796024,0.49862894,0.468912,0.09442022,0.024553299,0.18830122,1243.4.jpg
0.25091812,0.037774358,0.14212824,0.032238413,0.014889583,0.003127675,0.24358112,0.9235462,0.0052156607,0.0068511744,0.8736098,1244.1.jpg
0.016672011,0.004122206,0.19089986,0.024845224,0.015905019,0.009706735,0.56283224,0.5057794,0.004069148,0.0106287515,0.8416757,1244.2.jpg
0.21459909,0.019320795,0.26647002,0.021031283,0.03507691,0.031864718,0.6948117,0.53201795,0.049569443,0.023317594,0.74215466,1244.3.jpg
0.028620362,0.0049702898,0.58356977,0.0300705,0.04489122,0.012826061,0.4040113,0.60436124,0.015835773,0.0023130905,0.74676126,1244.4.jpg
0.9660295,0.3014645,0.0147977695,0.005088897,0.009590678,0.00049061625,0.15677933,0.46698684,0.005584179,0.00016580369,0.17335095,1245.1.jpg
0.042617094,0.025047177,0.02109254,0.038950715,0.05424233,0.002495104,0.06120181,0.16728114,0.002008643,0.039712045,0.35931605,1245.2.jpg
0.99601835,0.98862785,0.048511792,0.0006965585,0.00016738183,0.007861034,0.032575667,0.10856462,0.00018513498,3.8355458e-05,0.30156577,1245.3.jpg
0.954665,0.846612,0.037168458,0.0019653244,8.46555e-05,0.0001478895,0.01237353,0.16159932,0.00013039463,4.7052792e-05,0.21334705,1245.4.jpg
0.2744326,0.08709394,0.112192065,0.029716816,0.00786618,0.14040156,0.7461335,0.5532174,0.008803075,0.096749,0.9784671,1246.1.jpg
0.29118687,0.10895245,0.054952912,0.024746915,0.004078446,0.15121824,0.51964456,0.5045296,0.00980845,0.047401298,0.99226624,1246.2.jpg
0.21980214,0.026563128,0.023353346,0.004118966,0.005558888,0.0050758114,0.30423376,0.5997559,0.0006215628,0.015093108,0.89004725,1246.3.jpg
0.025184652,0.00054108765,0.022899942,0.00090432743,0.005273774,0.006344126,0.25113353,0.5885974,0.00013185099,0.010217891,0.9871594,1246.4.jpg
0.93505347,0.5810976,0.49030027,0.0677106,0.00076633296,0.09099535,0.5087475,0.32009822,0.005095001,0.003215295,0.9157533,1247.1.jpg
0.7090924,0.3222299,0.059699662,0.03520674,0.003630482,0.0692019,0.8256531,0.8480191,0.0048327846,0.018978069,0.94182605,1247.2.jpg
0.011006795,0.00017833234,0.00622841,0.017412715,0.00015656589,0.001486742,0.5481624,0.24315156,3.1884178e-05,0.0025026954,0.9600932,1247.3.jpg
0.0037798404,0.0008513947,0.0095637655,0.018458264,0.0011472174,0.00198508,0.1399553,0.33395267,0.00011298112,0.03658585,0.9962903,1247.4.jpg
0.081176415,0.010911093,0.081522755,0.21516572,0.0029459286,0.008476269,0.09906158,0.124356985,0.0011546507,0.024771277,0.9811959,1248.1.jpg
0.014751612,0.0032164077,0.87959623,0.78633577,0.065022014,0.006319126,0.10562999,0.6146167,0.008436048,0.041758336,0.83382386,1248.2.jpg
0.028544936,0.002807366,0.2138856,0.011584452,0.00093736197,0.005914463,0.4056003,0.4673597,0.0019531427,0.0015571787,0.82639575,1248.3.jpg
0.22233196,0.02140062,0.66307145,0.0132849645,0.009667157,0.0416247,0.64516884,0.71364546,0.005769629,0.0131238215,0.7526799,1248.4.jpg
0.0081644915,0.0015348442,0.27161756,0.0063837613,0.021746127,0.0027367233,0.14484872,0.52740484,0.0012281372,0.003933086,0.6253648,1249.1.jpg
0.018407531,0.018753659,0.27176383,0.14374745,0.14413859,0.0012606257,0.059016813,0.28955576,0.008724901,0.06293229,0.6565595,1249.2.jpg
0.3658418,0.041768327,0.046350703,0.016959742,0.00670621,0.004351557,0.83143955,0.4350854,0.004547743,0.011102054,0.24141666,1249.3.jpg
0.044785615,0.0014011447,0.061906513,0.037835684,0.0042635878,0.00038709067,0.17539145,0.63334215,0.0013295967,0.010034249,0.12908228,1249.4.jpg
0.35947895,0.030571036,0.009542214,0.0006629289,0.000666506,0.027152328,0.04434774,0.012129514,0.0010816226,0.3074473,0.2177009,125.1.jpg
0.8369116,0.144881,0.5708948,0.0049972436,0.001060608,0.12681362,0.32243314,0.1620484,0.00096702506,0.06923161,0.57036126,125.2.jpg
0.9443967,0.792918,0.0026803357,0.0059515233,0.00023152652,0.0001514316,0.14984345,0.17130971,3.0225785e-05,0.0015943046,0.13441974,125.3.jpg
0.019448075,0.001466004,0.01651203,0.1399686,0.0011343597,0.00011678262,0.0711111,0.05693939,0.0007875646,0.046966154,0.5787981,125.4.jpg
0.008819092,0.00013179542,0.00037706885,0.0018739668,4.6878818e-06,0.0002316957,0.19326124,0.006654212,1.6418615e-05,0.0007972213,0.4718744,1250.1.jpg
0.0060651605,0.00014241909,0.0025295457,0.089443535,4.1991676e-05,0.0026782227,0.14347601,0.078064926,5.9389615e-05,0.008837162,0.9957146,1250.2.jpg
0.6390304,0.017397366,0.060649298,0.054564357,0.0015402114,0.024757776,0.4865443,0.18645966,0.0037572267,0.058193307,0.95722806,1250.3.jpg
0.009003373,0.00041840543,0.11689271,0.25732425,0.020639274,0.0034867828,0.012185515,0.14590363,0.002309884,0.21634822,0.9678859,1250.4.jpg
0.9744425,0.96182746,0.00804861,0.028327538,6.7632864e-05,0.0012284975,0.04204924,0.088749275,0.00036396654,4.6524685e-05,0.3712604,1251.1.jpg
0.30631927,0.019608475,0.04048788,0.019967228,0.0038392767,0.007800927,0.13955618,0.1958318,0.0016288698,0.004515767,0.31636223,1251.2.jpg
0.93565005,0.49433908,0.04522161,0.033060104,0.00028699852,0.013270229,0.3297,0.24661542,0.0011365538,0.00062312256,0.21630256,1251.3.jpg
0.56878716,0.12674427,0.0666794,0.010624049,6.98326e-05,0.0059878123,0.07968161,0.104646,5.3424345e-05,0.0020849302,0.5971235,1251.4.jpg
0.22909123,0.025290327,0.011377911,0.003423363,0.00052287977,0.00015841749,0.10572548,0.11077541,0.00016168803,0.09930595,0.104806416,1252.1.jpg
0.0022191405,0.00038242238,0.0028013573,0.0020971927,0.00037684065,2.7858245e-05,0.0022934766,0.3026477,9.76498e-06,0.2213128,0.96768516,1252.2.jpg
0.48700312,0.11239306,0.049918048,0.007226401,0.005472367,0.015056419,0.19154462,0.15682949,0.0021395872,0.29925337,0.71628666,1252.3.jpg
0.009566378,0.00044056744,0.003290198,0.006617276,0.0025526881,0.00016498755,0.007987348,0.12812985,0.000100040634,0.70899093,0.698401,1252.4.jpg
0.30998808,0.2871211,0.0026185713,0.0012887918,2.1565826e-05,0.00032429883,0.0075311996,0.12978928,1.7801173e-06,0.0027475138,0.97311723,1253.1.jpg
0.0043715104,0.0009660416,0.0013582496,0.0027281537,6.8426e-05,5.1867366e-05,0.00573276,0.20459373,1.5768425e-06,0.010802901,0.9993061,1253.2.jpg
0.58884245,0.48683357,0.009980224,0.0007290561,9.3113245e-05,0.013679655,0.083918184,0.03591958,1.100215e-05,0.0021914751,0.6186359,1253.3.jpg
0.14007689,0.16683078,0.00017795779,3.9182036e-05,5.279075e-06,0.00090391433,0.0021086691,0.013898836,4.7292872e-07,0.00015140876,0.866546,1253.4.jpg
0.99907374,0.97863036,0.011986658,0.00469994,0.00041865394,0.012532806,0.5894659,0.096435755,0.0013337916,3.4671364e-05,0.56305987,1254.1.jpg
0.555356,0.1946689,0.64789474,0.074255325,0.07936688,0.22213224,0.72515655,0.23462588,0.059787348,0.2650881,0.6395617,1254.2.jpg
0.994166,0.99528617,0.019086746,0.008786199,0.003620137,0.04644797,0.18110116,0.026629169,0.008862513,0.0019183891,0.20771483,1254.3.jpg
0.9026464,0.65148515,0.21828394,0.12467844,0.06070416,0.22358896,0.3085631,0.1941247,0.2926422,0.05655191,0.31869692,1254.4.jpg
0.77215976,0.015134338,0.009627299,0.0071634026,0.014690369,0.022344606,0.2506529,0.016100964,0.011638439,0.10431134,0.4628507,1255.1.jpg
0.0013201024,0.00014692821,0.0012607396,0.0012625506,0.051619265,0.00059206685,0.0021548488,0.030382456,0.00011997266,0.95973885,0.25824076,1255.2.jpg
0.3276047,0.14652452,0.025120717,0.042347435,0.2675888,0.43243724,0.17050807,0.023199463,0.0126558,0.7411379,0.46738485,1255.3.jpg
0.005841938,0.00041614723,0.0013385599,0.004301873,0.1821758,0.027917089,0.026408318,0.06318334,0.0015864795,0.9807051,0.345491,1255.4.jpg
0.8726383,0.42146024,0.09450245,0.01346664,0.004002969,0.003512291,0.34299302,0.5562899,0.006692667,0.0015033202,0.8694105,1256.1.jpg
0.028422197,0.011423776,0.353165,0.01628859,0.055258565,0.004029428,0.16968699,0.5474645,0.008035532,0.019028746,0.8555776,1256.2.jpg
0.7622879,0.7347196,0.0853148,0.07768029,0.009924141,0.015966581,0.51523894,0.21008763,0.015337519,0.03480049,0.29133075,1256.3.jpg
0.017658304,0.003974931,0.4324454,0.0051874067,0.0028960232,0.015976759,0.61958504,0.3657074,0.0034237597,0.03136244,0.589261,1256.4.jpg
0.1552257,0.0047833845,0.121909924,0.006765142,0.2393117,0.3155105,0.1469896,0.08854177,0.0018983027,0.82447773,0.95318353,1257.1.jpg
0.8491993,0.70277286,0.31669632,0.008010701,0.0010717793,0.076564826,0.1747131,0.02110123,0.00031804107,0.025909172,0.86733884,1257.2.jpg
0.12757592,0.0021383557,0.0071307872,0.0016702937,0.10558922,0.02556082,0.05350235,0.19832245,0.0013604253,0.7411946,0.45022604,1257.3.jpg
0.19572623,0.007890115,0.017431546,0.003993456,0.076701894,0.06748834,0.1695886,0.25213364,0.0034939907,0.8723371,0.7388032,1257.4.jpg
0.01342799,0.0031865463,0.2301891,0.0715702,0.0023542005,0.00051859824,0.1253963,0.2980481,0.003615532,0.0131875295,0.7715618,1258.1.jpg
0.006198366,0.0009594708,0.15584095,0.033011395,0.0004512042,8.33561e-05,0.051718887,0.33048353,0.0007236245,0.0033090396,0.67935073,1258.2.jpg
0.007608397,0.0019477375,0.06541849,0.019836623,0.00027960865,0.00021797711,0.011140888,0.021994276,0.0009815814,0.10259254,0.12279184,1258.3.jpg
0.00046249112,5.626523e-05,0.0075828517,0.0007313148,0.00021435464,7.4648497e-06,0.0032357525,0.0070585366,7.650848e-06,0.045718964,0.28270534,1258.4.jpg
0.9500671,0.96576226,0.0056747464,0.008111466,0.00015532026,0.0028343485,0.08392142,0.052321702,0.000576841,0.0011103975,0.6815406,1259.1.jpg
0.091726996,0.020418962,0.13394865,0.009097014,0.0032143644,0.011640206,0.3192337,0.531072,0.0011065787,0.024345443,0.9689404,1259.2.jpg
0.87931305,0.97729653,0.013165077,0.032934733,0.00035041236,0.017691828,0.120935254,0.10802882,0.0013125688,0.0062023974,0.86068094,1259.3.jpg
0.2618011,0.26403314,0.049082305,0.092234105,0.0013853881,0.02052843,0.18378562,0.24391155,0.0017572272,0.012418994,0.6555663,1259.4.jpg
0.0027402313,0.00014550543,0.0057165297,0.016314672,1.886849e-05,3.0440391e-05,0.017010957,0.1413764,1.8054041e-05,0.021229703,0.92237157,126.1.jpg
0.024031138,0.0017233954,0.01879222,0.057782307,0.00046234787,0.00011624123,0.019298064,0.24552272,0.00029846712,0.042454768,0.82971036,126.2.jpg
0.00062277465,0.000119446995,0.0025368456,0.009105032,1.3954359e-05,0.0009998798,0.21385945,0.13375635,5.670233e-06,0.012098385,0.9996803,126.3.jpg
0.022310914,0.010058525,0.050693206,0.06845869,0.0030616508,0.039146192,0.40765575,0.36337766,0.00025975044,0.15378322,0.9986112,126.4.jpg
0.73854524,0.20976347,0.040140938,0.022879258,0.014975758,0.03594585,0.8281694,0.62566245,0.008367782,0.009261754,0.9706556,1260.1.jpg
0.21679391,0.023072507,0.05662478,0.011896673,0.01343403,0.01642502,0.40641433,0.59135807,0.0024157888,0.043652166,0.9552923,1260.2.jpg
0.92519623,0.14285474,0.032160703,0.010352937,0.0019800484,0.23017277,0.7715753,0.3172131,0.0044130306,0.001105918,0.9150728,1260.3.jpg
0.15725867,0.013770683,0.155657,0.068385154,0.0052685686,0.02245743,0.4413244,0.32392514,0.0018846277,0.019297196,0.9569444,1260.4.jpg
0.040347435,0.0011968698,0.00901652,0.0023026974,0.0012949408,0.050929904,0.023732947,0.046246942,7.068833e-05,0.3478039,0.16838463,1261.1.jpg
0.061201353,0.0007770475,0.0063616987,0.00019999211,0.00095347816,0.0614597,0.010652315,0.019273607,3.7645208e-05,0.51852846,0.24674127,1261.2.jpg
0.04180335,0.0023079594,0.028381445,0.048143335,0.0030973358,0.0038600215,0.01330512,0.057543762,0.00043512962,0.848616,0.66867626,1261.3.jpg
0.019694854,0.0016963867,0.030510576,0.004620305,0.010735973,0.026894715,0.0058461046,0.09291636,0.0008605718,0.9862453,0.95754945,1261.4.jpg
0.04538617,0.015083136,0.009797158,0.0005787594,0.008020081,0.00071412226,0.10346827,0.38240978,0.00032662164,0.016477818,0.3404658,1262.1.jpg
0.03812843,0.005114753,0.7181954,0.21182734,0.08112337,0.013700117,0.2377427,0.28273168,0.09312803,0.03552338,0.079363324,1262.2.jpg
0.02034939,0.00043155748,0.0063181627,0.00031681877,0.0012684694,7.69862e-06,0.01764877,0.23305863,0.000108346285,6.9016256e-05,0.17317426,1262.3.jpg
0.1955167,0.055246353,0.20468295,0.25794324,0.033708367,0.005822769,0.19895223,0.29992792,0.07585906,0.010550057,0.10599072,1262.4.jpg
0.2686896,0.07215156,0.009817384,0.04096328,0.0016290358,0.0041310834,0.44649297,0.4428463,0.0010749476,0.062271718,0.9246807,1263.1.jpg
0.028063288,0.002942168,0.0058704535,0.0045880387,0.00020083137,0.00088318135,0.036307707,0.21121429,3.271303e-05,0.038329538,0.9787321,1263.2.jpg
0.34408677,0.057230495,0.035882328,0.039012335,0.0017605594,0.009763266,0.5010031,0.5191376,0.00040617082,0.04712026,0.9782069,1263.3.jpg
0.1729047,0.020253725,0.08712104,0.2501269,0.0073239673,0.015204835,0.2709748,0.19012448,0.0017640726,0.15542296,0.8256546,1263.4.jpg
0.60070467,0.30263057,0.8177598,0.2956937,0.029275581,0.012340423,0.23282282,0.54238546,0.012940058,0.06186095,0.9141212,1264.1.jpg
0.2954825,0.06426643,0.2457222,0.006413872,0.0074025234,0.0015410022,0.03980837,0.3842728,0.00017425083,0.012674923,0.965029,1264.2.jpg
0.065565415,0.03248313,0.04175676,0.022015851,0.0002769663,0.0045383777,0.21485882,0.33688414,0.00056972756,0.010227106,0.900474,1264.3.jpg
0.19443773,0.040322874,0.07096037,0.0056503653,0.009022615,0.0012011382,0.04634829,0.415096,0.00059647375,0.004601416,0.96051824,1264.4.jpg
0.13751888,0.04498172,0.09274578,0.020774517,0.0020405864,0.006417802,0.35130477,0.5906903,0.00074309856,0.051972143,0.96824765,1265.1.jpg
0.048359588,0.026368313,0.41153982,0.028256625,0.01757592,0.008653181,0.14597197,0.41617388,0.0014730401,0.1731603,0.9244309,1265.2.jpg
0.5029921,0.1451287,0.008552058,0.023884654,0.0019774814,0.007498151,0.27829304,0.26306883,0.0041083116,0.050588276,0.9163555,1265.3.jpg
0.03687639,0.011506451,0.050749876,0.053264022,0.022917077,0.0023083074,0.0594243,0.23690172,0.0023835748,0.16455884,0.9253394,1265.4.jpg
0.07082008,0.00031685742,0.045938574,0.0009956581,0.23956193,0.69609994,0.082813814,0.007785272,0.1658316,0.86156464,0.47729868,1266.1.jpg
0.0019879662,1.0738897e-05,0.003747115,6.133442e-05,0.24775045,0.07977156,0.010302892,0.0050775744,0.0026437265,0.96915966,0.7532352,1266.2.jpg
0.01888274,0.0005497747,0.018475426,0.0021687504,0.2484484,0.14906678,0.024313878,0.0056344555,0.029906593,0.98130965,0.3209731,1266.3.jpg
0.004719527,0.00035957087,0.0016517201,0.00024201447,0.3655323,0.19406362,0.02262967,0.006244381,0.007507972,0.9966493,0.22805493,1266.4.jpg
0.30705342,0.1525745,0.03979392,0.005078868,0.0004001416,0.0013863522,0.022282837,0.1925315,3.348267e-05,0.042190015,0.983748,1267.1.jpg
0.011494899,0.0025223396,0.05152917,0.009747466,0.0029062885,0.0003679924,0.098711506,0.3609887,0.00010583046,0.013008724,0.95145494,1267.2.jpg
0.32652122,0.009182065,0.008032428,0.0016729723,7.128552e-05,0.0058199265,0.27089018,0.19090201,8.3308105e-06,0.0027731697,0.99531025,1267.3.jpg
0.019103622,0.001264343,0.029554712,0.0059126886,4.4575914e-05,0.019044036,0.3428937,0.16566744,2.8617978e-05,0.009518983,0.99507844,1267.4.jpg
0.98548955,0.9830564,0.0032529985,0.0010879237,0.0001460453,0.009577986,0.20553419,0.1096404,0.0004177229,0.00018639365,0.30574512,1268.1.jpg
0.9952395,0.9972541,0.0036796783,0.0007635054,3.5506815e-05,0.003538925,0.06822184,0.029258315,3.3047534e-05,0.00019794152,0.31623447,1268.2.jpg
0.9606665,0.98680997,0.028772177,0.007428426,0.0018410453,0.026439052,0.060916547,0.103351206,0.0012140324,0.002764113,0.3265142,1268.3.jpg
0.18490642,0.1033469,0.27375805,0.019568611,0.002343498,0.13175294,0.2614116,0.40035006,0.00030283796,0.13978967,0.8724583,1268.4.jpg
0.047492728,0.021372538,0.022397943,0.009587056,0.016919283,0.2888464,0.4423037,0.11064251,0.01802923,0.7442048,0.6434351,1269.1.jpg
0.013615481,0.007050874,0.006726865,0.011073565,0.012707587,0.22034477,0.31792367,0.09323878,0.008856458,0.9397598,0.50456,1269.2.jpg
0.15253465,0.038496945,0.01569433,0.005008447,0.014494353,0.5593791,0.72257775,0.1194495,0.012601372,0.50365627,0.4982174,1269.3.jpg
0.13787045,0.08396397,0.018818485,0.03528558,0.036742058,0.44583204,0.4920532,0.16618535,0.11081214,0.86572385,0.4140965,1269.4.jpg
0.9546147,0.4000979,0.049790908,0.018865308,0.02812209,0.08143789,0.7455139,0.23517862,0.16406694,0.034410927,0.73947746,127.1.jpg
0.7676395,0.08825402,0.07475914,0.022424854,0.020844378,0.07415193,0.94767225,0.6967914,0.11687886,0.015993336,0.7955709,127.2.jpg
0.16820635,0.020407103,0.16479702,0.023471361,0.0026314713,0.04859281,0.42178258,0.32093263,0.0008578811,0.10020289,0.969949,127.3.jpg
0.022130305,0.003160796,0.40134114,0.07793407,0.032768097,0.076527596,0.21677531,0.5336571,0.0023645847,0.3628658,0.9373792,127.4.jpg
0.006028677,0.0008176324,0.011182322,0.013196642,0.0014986785,0.009874763,0.24824683,0.11219964,0.0001039872,0.07816781,0.9930392,1270.1.jpg
0.008090373,0.0069449074,0.099451,0.17329954,0.0071900566,0.06705302,0.10627985,0.16277961,0.0013495615,0.79722947,0.995146,1270.2.jpg
0.018927176,0.0015069046,0.076517925,0.057323713,0.00018643202,0.007496001,0.33964026,0.12357565,2.9932713e-05,0.04233196,0.99291396,1270.3.jpg
0.0069999895,0.0015933143,0.06032683,0.103760704,0.0034724276,0.007940233,0.1303526,0.15282524,0.00019102563,0.50454074,0.99396557,1270.4.jpg
0.965706,0.88879997,0.03227149,0.06742752,0.006947499,0.004934432,0.14440227,0.5185494,0.04761876,0.005537042,0.22146112,1271.1.jpg
0.64665234,0.17029873,0.5485018,0.1762647,0.06602344,0.010537857,0.18023208,0.5826377,0.07023388,0.066179305,0.198732,1271.2.jpg
0.96568245,0.9657326,0.593894,0.17813534,0.03071114,0.5142337,0.48319453,0.41286922,0.073609225,0.05947502,0.67678094,1271.3.jpg
0.5229853,0.17168705,0.5720707,0.21987529,0.074111104,0.03203275,0.19838221,0.5634207,0.018100938,0.3271803,0.65123916,1271.4.jpg
0.085631825,0.0025702554,0.01856266,0.0013634753,0.0016978105,5.6615292e-05,0.047365785,0.697261,0.0001508226,0.0016563744,0.13803762,1272.1.jpg
0.36357713,0.050839715,0.056938186,0.018212495,0.010168022,0.0047707986,0.25510824,0.60200363,0.0019380815,0.07668996,0.53067696,1272.2.jpg
0.042018816,0.0032094852,0.009107903,0.0013408081,0.0015724726,0.00011640839,0.1594177,0.5296866,0.00036928832,0.0012329755,0.30119777,1272.3.jpg
0.008434629,0.00021459945,0.0063509494,0.00088717876,0.00054710027,3.0491797e-06,0.017614454,0.66279846,2.4394416e-05,0.0017429745,0.24597023,1272.4.jpg
0.046637222,0.0029463812,0.106109716,0.018704982,0.060932092,0.012197776,0.14284192,0.06916311,0.014226095,0.9187181,0.45143795,1273.1.jpg
0.1721623,0.0157914,0.08271311,0.025366371,0.07040079,0.061291367,0.20002224,0.053342894,0.008984494,0.9523999,0.6885624,1273.2.jpg
0.08631287,0.0039458396,0.15141825,0.022751065,0.011292193,0.046379723,0.15572304,0.045595944,0.00709035,0.7709809,0.58984435,1273.3.jpg
0.19502412,0.027346896,0.18068044,0.020825798,0.07410009,0.21671417,0.12208604,0.036246914,0.026853144,0.94268245,0.5009885,1273.4.jpg
0.03463489,0.00042663713,0.004383009,0.0022305972,0.00623426,0.006194681,0.057349823,0.048453983,0.0016094423,0.06370915,0.11223203,1274.1.jpg
0.10886735,0.008770461,0.01713192,0.006749371,0.091800444,0.42469147,0.48446822,0.391715,0.015494998,0.8705409,0.880512,1274.2.jpg
0.32670736,0.018782146,0.03686592,0.011032841,0.044548262,0.02979443,0.12490176,0.02937926,0.00436939,0.5260344,0.16228214,1274.3.jpg
0.07606563,0.001842227,0.00599357,0.001188733,0.17572366,0.15860876,0.16204728,0.18802659,0.0029530353,0.4459365,0.45082125,1274.4.jpg
0.31729284,0.0070117586,0.018657446,0.0023668862,0.0025806036,0.0013892521,0.34771785,0.69088143,0.00070291123,0.016984109,0.6765073,1275.1.jpg
0.0024230499,4.3629523e-05,0.0013780213,0.0007959404,0.00074164505,9.928984e-06,0.0015958347,0.0868014,7.459107e-05,0.015898675,0.083088316,1275.2.jpg
0.48635432,0.009291231,0.09541289,0.003358346,0.00023281,0.0013831188,0.40126255,0.099707566,0.00100927,0.0013623065,0.18554963,1275.3.jpg
0.23047538,0.012930426,0.14102829,0.11554306,0.009456859,0.003028123,0.19312657,0.37213236,0.0061239363,0.1288671,0.7487484,1275.4.jpg
0.6454987,0.0046656895,0.02492741,0.003183641,0.08109052,0.42422026,0.15727375,0.021567948,0.02376419,0.92305434,0.2264138,1276.1.jpg
0.06377209,0.0010124476,0.003585125,0.0005123487,0.11590486,0.29612318,0.17730568,0.04248061,0.00037099796,0.59584504,0.18843544,1276.2.jpg
0.0045625735,0.0003527369,0.005082445,0.0004067204,0.30062246,0.050032165,0.04027565,0.03184551,0.00038003182,0.8671475,0.12518491,1276.3.jpg
0.017931951,0.0010253678,0.015001362,0.0010252363,0.35322407,0.1336676,0.1053552,0.03908078,0.0015261482,0.92906696,0.13095021,1276.4.jpg
0.0029618682,0.0011614398,0.0039904225,0.0055959267,0.01202958,0.004472722,0.014851338,0.0020621743,0.00016962217,0.77154577,0.13240926,1277.1.jpg
0.0076570623,3.1945598e-05,0.004000924,0.00055988063,0.0044809803,0.0030780712,0.011503387,0.0021421053,0.00025117674,0.2697121,0.2849811,1277.2.jpg
0.5915116,0.08626911,0.09979213,0.018944716,0.06239338,0.10854116,0.16275652,0.059835434,0.0142839085,0.16839516,0.40584537,1277.3.jpg
0.21284342,0.0039806454,0.049337346,0.0006156716,0.029371116,0.57464,0.13174206,0.013659482,0.00073606474,0.59657246,0.09984273,1277.4.jpg
0.00042591727,1.5374884e-05,5.947468e-05,5.6772296e-05,9.690734e-06,2.7528483e-06,0.0011142646,0.3076178,1.4463697e-07,0.00052719866,0.94113076,1278.1.jpg
0.0037110345,0.0006451547,0.007343382,0.0025915771,0.00026894093,2.4121762e-05,0.0031601305,0.27004144,5.1269526e-06,0.022275617,0.9030734,1278.2.jpg
0.008284477,0.0018519344,0.015382513,0.0039049643,0.00046513128,0.0007579228,0.020339627,0.07312657,3.3621982e-05,0.02733029,0.6682039,1278.3.jpg
0.009126081,0.009302178,0.07306955,0.0011641374,0.00020606024,0.00061776326,0.011010278,0.18242426,1.2287061e-05,0.013485348,0.86381185,1278.4.jpg
0.90520793,0.79309654,0.26950434,0.19954738,0.041927967,0.09006845,0.51741135,0.565727,0.13058595,0.11044674,0.4192841,1279.1.jpg
0.18707015,0.006996291,0.37140283,0.05974129,0.011055476,0.0009785201,0.16317078,0.52916926,0.004381292,0.009748944,0.32338488,1279.2.jpg
0.31774962,0.082360305,0.11745866,0.0031626807,0.041531812,0.0074576777,0.10534939,0.6263585,0.00059563096,0.0098713925,0.75114024,1279.3.jpg
0.018476922,0.0026529068,0.18047583,0.026441816,0.0065055364,0.00048331643,0.03486385,0.55678445,0.00081178435,0.06970729,0.81678003,1279.4.jpg
0.78287506,0.1781657,0.008135356,0.00679355,0.0010423214,0.008879316,0.39088723,0.37942868,0.0032383082,0.00945807,0.98370326,128.1.jpg
0.19472669,0.011006187,0.034735873,0.012584446,0.004642653,0.010514173,0.43123192,0.26674205,0.0018800631,0.041047696,0.97019416,128.2.jpg
0.012152224,0.003994814,0.49098969,0.014640825,0.0006803277,0.0008623284,0.03141396,0.047510795,0.0001398018,0.044610918,0.5826152,128.3.jpg
0.28108948,0.012772583,0.05680955,0.023809275,0.001504185,0.0063140956,0.09501299,0.37039956,0.012094784,0.023762558,0.93696624,128.4.jpg
0.9998492,0.9989334,0.0005664933,0.0015407909,2.394814e-05,0.0003711037,0.0634597,0.0022185135,0.00021446955,4.283647e-06,0.017514102,1280.1.jpg
0.8989657,0.21147121,0.009799169,0.006144722,0.0024700006,0.0100536635,0.53066045,0.3901473,0.004093198,0.0021768939,0.12259048,1280.2.jpg
0.9989641,0.9840358,0.03638233,0.0028264257,6.445574e-05,0.3055878,0.6411367,0.014799126,0.0009440545,0.00014487853,0.5027602,1280.3.jpg
0.99106336,0.8920177,0.15101181,0.02607658,0.002225551,0.08094335,0.7028146,0.14981964,0.018296542,0.010223255,0.68951666,1280.4.jpg
0.11730544,0.005666514,0.03229529,0.01669177,0.0010797081,0.0013172802,0.16132848,0.27436432,0.00117598,0.01011252,0.85942954,1281.1.jpg
0.079214476,0.012002594,0.18435387,0.02113787,0.0074722017,0.012616001,0.063369356,0.17418611,0.00090389966,0.3067279,0.9238972,1281.2.jpg
0.09300434,0.02211501,0.07017326,0.0092922095,0.004111923,0.07444892,0.32091972,0.14628789,0.0018134742,0.056967087,0.9812998,1281.3.jpg
0.030966692,0.003461046,0.09541896,0.04939564,0.044315852,0.010041328,0.1515248,0.16683815,0.0067722136,0.41835088,0.9452706,1281.4.jpg
0.05667551,0.0038991333,0.0111853955,0.30723137,0.00057914865,0.0014153233,0.054798827,0.21629094,0.00017338138,0.28300992,0.98378605,1282.1.jpg
0.00026173724,1.0325372e-05,0.0001311922,0.001322191,0.008296304,0.00016724272,0.01882739,0.019146439,2.4725168e-05,0.06970463,0.28173116,1282.2.jpg
0.9240727,0.0015461368,0.0013423522,0.00068471965,5.065293e-05,0.0008198661,0.04026774,0.008694517,3.6344158e-05,0.0030266508,0.20967443,1282.3.jpg
0.09895851,0.0012740684,0.018855462,0.0064964476,0.0037628068,0.00010167976,0.014078512,0.08795489,0.00049809134,0.06856712,0.17370778,1282.4.jpg
0.09260715,0.027415713,0.022454385,0.010972635,0.0059559904,0.0001677146,0.0149625875,0.21149455,0.0016797066,0.013296182,0.34726033,1283.1.jpg
0.037532546,0.0059775785,0.06573688,0.01003738,0.014024025,0.00027791222,0.009183978,0.14818117,0.001945168,0.021352874,0.25502455,1283.2.jpg
0.0108473785,0.0058470136,0.057263814,0.027638014,0.004632589,3.7648257e-05,0.0036042724,0.09845781,0.0011159133,0.012564942,0.17377318,1283.3.jpg
0.07225406,0.07037268,0.3921872,0.13319014,0.1703247,0.01080786,0.27294478,0.22144891,0.025468597,0.12873457,0.4588165,1283.4.jpg
0.042654686,0.00087125774,0.007566148,0.0118573485,0.035771284,0.020297661,0.09397932,0.03215735,0.010889629,0.64661336,0.4130245,1284.1.jpg
0.005029786,7.232307e-05,0.0032524574,0.0010600287,0.30446655,0.027482051,0.058066975,0.02628896,0.00079553964,0.967889,0.46417388,1284.2.jpg
0.29565844,0.0005371105,0.005707988,0.011415443,0.004662593,0.042346265,0.46877873,0.00958113,0.00880712,0.24737981,0.48981413,1284.3.jpg
0.009575047,0.00017117918,0.0015022556,0.0019230493,0.0023672576,0.0009495192,0.0024188627,0.00703662,9.929864e-05,0.49618626,0.49788043,1284.4.jpg
0.52095205,0.1532647,0.6708811,0.119326785,0.16870238,0.35394895,0.36057752,0.22416334,0.030818375,0.10824804,0.49322152,1285.1.jpg
0.3158925,0.040317025,0.3366038,0.17083423,0.11610625,0.108673416,0.604009,0.26095077,0.13625005,0.1178412,0.6664128,1285.2.jpg
0.97831136,0.9188291,0.21254687,0.041630775,0.018102827,0.265545,0.28661898,0.14549115,0.01334179,0.08803476,0.9349313,1285.3.jpg
0.48498765,0.13542153,0.19329537,0.12679623,0.07436103,0.12889041,0.32917687,0.34222478,0.022720803,0.580962,0.9885162,1285.4.jpg
0.08385021,0.038102526,0.14371978,0.09639775,0.0057572597,0.028888533,0.15221325,0.9183802,0.0061588557,0.033397827,0.8801182,1286.1.jpg
0.0036824676,0.00026731633,0.030001149,0.019875808,0.0016103795,0.003274615,0.5971333,0.2833497,0.0022730646,0.005163183,0.9806855,1286.2.jpg
0.4788297,0.017692233,0.019826904,0.006125381,0.00033512607,0.023604853,0.7105237,0.6014256,7.385828e-05,0.000907098,0.9959991,1286.3.jpg
0.010323641,0.000162695,0.31487355,0.0075711664,0.0022417041,0.00026005623,0.008735655,0.20189232,0.00011184042,0.01664245,0.85466605,1286.4.jpg
0.57828015,0.047280528,0.085322455,0.031211546,0.060592774,0.9283974,0.5044531,0.0781319,0.6219327,0.91211414,0.66873133,1287.1.jpg
0.030864196,0.0032890907,0.037332423,0.08449526,0.14119491,0.04942306,0.5016737,0.08595052,0.052453957,0.41407683,0.43762356,1287.2.jpg
0.013536147,0.00016130845,0.0009696771,0.0023481348,3.947126e-05,0.0005035602,0.009244517,0.06627674,0.00016040169,0.07455556,0.79534554,1287.3.jpg
0.0072142165,9.462995e-05,0.003095805,0.0014421159,0.0008876828,0.0026021432,0.017089155,0.16284871,0.000119925084,0.35484368,0.9454843,1287.4.jpg
0.5140684,0.08854783,0.1481704,0.035671283,0.0024222834,0.027697789,0.49092734,0.04006674,0.002691192,0.13321643,0.8361265,1288.1.jpg
0.017741216,0.0026383318,0.05245174,0.08111817,0.009273129,0.0038791,0.3906746,0.11065267,0.0013887177,0.11904695,0.9075446,1288.2.jpg
0.004487534,0.00012507605,0.0141003765,0.012533118,4.982588e-05,0.000920685,0.018644135,0.031531487,3.4650675e-05,0.021876272,0.9844558,1288.3.jpg
0.0065320753,0.0037711798,0.050261427,0.00657431,0.0027542622,0.00061583065,0.07718641,0.1992591,0.00021299615,0.049053445,0.9884675,1288.4.jpg
0.410313,0.03332968,0.039725423,0.033175156,0.00091473735,0.009645006,0.13048553,0.43719485,0.004056031,0.0027240252,0.30453113,1289.1.jpg
0.05056912,0.0010823177,0.23696159,0.041710258,0.0010753829,0.0015097866,0.02879612,0.32895914,0.00038869516,0.0038509618,0.23828949,1289.2.jpg
0.6966393,0.88540775,0.06806027,0.06761124,0.015645977,0.03803641,0.102075644,0.10186528,0.002477456,0.0076725376,0.6135472,1289.3.jpg
0.16288292,0.017721409,0.14648432,0.02697399,0.024560297,0.009830784,0.4458033,0.4399082,0.001703384,0.037703093,0.5511166,1289.4.jpg
0.030937986,0.0058090766,0.052565992,0.16286671,0.0005715575,0.02873832,0.23556148,0.15486044,3.9280727e-05,0.147654,0.9988875,129.1.jpg
0.023748385,0.00286541,0.014330185,0.018040188,0.0012086027,0.020560196,0.10167347,0.2780478,3.084776e-05,0.3639512,0.999263,129.2.jpg
0.6950822,0.10793788,0.06639752,0.02005885,0.00093987456,0.028748281,0.6570206,0.29420462,0.00044236958,0.01829236,0.9895515,129.3.jpg
0.5919672,0.028243756,0.020422602,0.009545347,0.0026826118,0.017718082,0.5976121,0.79592425,0.00029264877,0.0065218504,0.9871142,129.4.jpg
0.16016418,0.0003454094,0.00029898487,0.00046904245,0.0055258046,0.0015155128,0.013793815,0.02447624,0.00023157951,0.30684534,0.15322106,1290.1.jpg
0.037894554,0.0021100943,0.007483343,0.0008934877,0.017442003,0.18685707,0.012321172,0.06480914,0.0010375011,0.96984667,0.5378512,1290.2.jpg
0.930312,0.03854779,0.009913866,0.0030124106,0.0043692426,0.07279423,0.05920559,0.05939624,0.0020308536,0.7081794,0.37405825,1290.3.jpg
0.32062396,0.0069495486,0.027488468,0.00830262,0.11734159,0.1607188,0.07853629,0.07339984,0.011107736,0.8948571,0.700126,1290.4.jpg
0.32965648,0.008651139,0.019727083,0.016288972,0.00018283007,0.005693244,0.14501734,0.19744217,0.00084775477,0.06859205,0.98068625,1291.1.jpg
0.29303876,0.02782276,0.03575938,0.06541724,0.0061602187,0.028747318,0.14274259,0.26723716,0.003735862,0.2962213,0.95442647,1291.2.jpg
0.097706735,0.015575529,0.009965154,0.004960654,0.00019435986,0.00035626517,0.20432365,0.054733302,0.00017806694,0.0104065705,0.71930486,1291.3.jpg
0.04939918,0.005568969,0.060659528,0.297066,0.0017824238,0.00035763366,0.020019429,0.06753888,0.00053440494,0.12037431,0.8300713,1291.4.jpg
0.9746108,0.969248,0.050879553,0.055472188,0.00038112255,0.009775795,0.13558933,0.2308139,0.00013856543,0.00079165486,0.7416441,1292.1.jpg
0.004197392,9.198494e-05,0.00145234,0.030977841,0.00019855303,4.699127e-05,0.011545937,0.14780162,5.9488862e-05,0.051892195,0.6220118,1292.2.jpg
0.99025166,0.9730344,0.42318574,0.0015209045,0.0004589479,0.017114956,0.070027515,0.05225669,8.215981e-05,0.00030890916,0.3923432,1292.3.jpg
0.9878122,0.95932704,0.15634301,0.032271277,0.0032948877,0.043210905,0.38697705,0.26665306,0.008811442,0.00046267104,0.54835176,1292.4.jpg
0.449514,0.028454784,0.10043833,0.06952413,0.0053375917,0.027443118,0.90936005,0.6135441,0.03395969,0.047498725,0.85842323,1293.1.jpg
0.009167769,0.001330422,0.2936401,0.01798886,0.0042171055,0.0029324747,0.16778894,0.48313382,0.0017724388,0.018660197,0.7334704,1293.2.jpg
0.4587567,0.21761389,0.022106579,0.001374572,9.277132e-05,0.00061248866,0.074178435,0.11314678,0.00017062546,0.005838834,0.71037585,1293.3.jpg
0.09963407,0.09095568,0.8554597,0.26462308,0.16237737,0.11317171,0.52046204,0.43217885,0.05864837,0.8090007,0.91815895,1293.4.jpg
0.9200514,0.04090445,0.010301716,0.0030515376,2.9538665e-05,0.0058469055,0.4875083,0.01847007,0.0007833854,8.032863e-05,0.30427936,1294.1.jpg
0.92900157,0.12599239,0.0036432943,0.0014039697,1.3201403e-05,0.026628817,0.58940595,0.03297728,0.0004347349,1.1531598e-05,0.23456056,1294.2.jpg
0.99898046,0.88146436,0.13434541,0.046931334,0.013609424,0.039842863,0.5320295,0.058286767,0.04853635,0.0008780353,0.12722322,1294.3.jpg
0.9890808,0.3191857,0.23213488,0.13218527,0.0073023355,0.08179299,0.6612835,0.07719139,0.4533139,0.0011562895,0.2572581,1294.4.jpg
0.124637455,0.025303766,0.0051420326,0.0576064,0.00016242806,0.0026547178,0.07227412,0.05349604,0.00023988029,0.029635968,0.96356547,1295.1.jpg
0.01879889,0.0014495013,0.02568393,0.034805167,0.00067218434,0.0007166663,0.05457211,0.11522578,0.00036080152,0.14526573,0.9055422,1295.2.jpg
0.1425472,0.011001466,0.0031613715,0.001878667,4.659022e-05,0.003442791,0.12981294,0.24241105,2.488769e-05,0.0007240901,0.9390587,1295.3.jpg
0.06245228,0.003326041,0.01355208,0.059271224,0.00061385904,0.0017865567,0.0872534,0.13332246,0.00011307598,0.06034289,0.94809556,1295.4.jpg
0.021001145,0.0008438861,0.03176264,0.0058418545,0.0002466546,0.0007238794,0.0077517545,0.35489303,0.0004120678,0.01944131,0.7807119,1296.1.jpg
0.006474808,0.0004871443,0.01647352,0.011061895,0.00477447,0.00034288704,0.007943475,0.38928434,0.00022353654,0.048691507,0.88609093,1296.2.jpg
0.07779105,0.053776294,0.86535406,0.05464915,0.09840995,0.0025862025,0.07528812,0.2515942,0.0047015864,0.0337987,0.4809118,1296.3.jpg
0.039121717,0.0040802187,0.20954752,0.009572099,0.0025943085,0.007721368,0.053726807,0.25815943,0.0008839281,0.027853137,0.90453863,1296.4.jpg
7.877588e-05,1.1135077e-06,0.0006643431,9.294346e-05,5.4163763e-07,7.8508286e-08,9.3595656e-05,0.027927093,2.8622358e-06,0.00040988796,0.49690828,1297.1.jpg
0.0005230972,8.005647e-06,0.0019258206,0.003206983,1.450991e-05,2.7585063e-06,0.0012242747,0.09987432,1.3419042e-06,0.030693337,0.97697884,1297.2.jpg
0.01615238,0.0036874902,0.009223024,0.04214306,0.0026822148,0.00054519635,0.016292159,0.064979464,0.00055369857,0.08538116,0.9669283,1297.3.jpg
0.00736189,0.0012115269,0.01072726,0.1559878,0.0012784208,0.00029139756,0.0088937385,0.08693112,0.00019182579,0.27375525,0.96366984,1297.4.jpg
0.091370806,0.056418356,0.010073616,0.077599496,0.0012604101,0.0022310035,0.15431194,0.21885407,0.00013233593,0.03371615,0.9669548,1298.1.jpg
0.009350036,0.0011162604,0.006278964,0.015450544,0.0021622356,0.0025105295,0.1787444,0.30747664,8.7107626e-05,0.023497086,0.99686784,1298.2.jpg
0.12959604,0.017682133,0.008342852,0.013425683,0.00015644143,0.000566357,0.048316922,0.09117505,0.00013818977,0.045772504,0.99190193,1298.3.jpg
0.083759226,0.021239618,0.046563398,0.06890484,0.0014981106,0.0055649304,0.12064746,0.23706369,0.00087676995,0.30528548,0.9949892,1298.4.jpg
0.75186634,0.31306747,0.034653317,0.064308904,0.007080872,0.04126297,0.13237686,0.48049396,0.0036929618,0.025788752,0.98748916,1299.1.jpg
0.06419457,0.004450071,0.09064832,0.011301584,0.008690569,0.00018514029,0.041727826,0.11347584,4.886869e-05,0.085753344,0.9785139,1299.2.jpg
0.81352836,0.5888624,0.14152972,0.04516289,0.08589339,0.18412408,0.63508904,0.68036044,0.0077336608,0.062329255,0.9909236,1299.3.jpg
0.706804,0.20857753,0.4513891,0.063987404,0.021771155,0.07624157,0.2337911,0.46049523,0.0017948895,0.04370103,0.9958131,1299.4.jpg
0.0003115786,2.3839924e-05,0.00011943571,0.0002022291,4.4313947e-06,1.3425927e-05,0.00090382696,0.0025574968,2.8705488e-06,0.602857,0.16923153,13.1.jpg
0.047161072,0.0017469873,0.1326289,0.03596091,0.027598104,0.26187027,0.1551544,0.11402887,0.041085497,0.8452475,0.80679435,13.2.jpg
0.13281608,0.0052589136,0.0070526935,0.0012422026,0.0012182305,0.0042315032,0.04055464,0.016328681,0.0012559234,0.40236613,0.7775897,13.3.jpg
0.16782004,0.007432189,0.018521413,0.011540561,0.0050513656,0.0068365214,0.09990325,0.11095899,0.008698136,0.0108211795,0.14168733,13.4.jpg
0.6659136,0.23294033,0.013243251,0.3028196,0.00028333257,0.00015916424,0.06507712,0.599192,7.655076e-05,0.00022100151,0.8937565,130.1.jpg
0.35129803,0.043902032,0.018768324,0.00795149,0.001398348,0.00015234778,0.11312118,0.4683403,0.00032490044,0.0035401594,0.50405306,130.2.jpg
0.032539535,0.004185458,0.022204272,0.09815158,0.00084144674,0.00019967754,0.11761244,0.8075279,0.00024705636,0.0003149603,0.376437,130.3.jpg
0.0001272921,1.4532747e-05,0.029153366,0.12332316,0.028548626,0.00016514731,0.053555887,0.19788966,0.0012424546,0.0036617056,0.36799088,130.4.jpg
0.0024761846,0.0001805461,0.024674281,0.009107085,0.0003085798,0.005482331,0.16752474,0.17323773,8.097019e-05,0.038832355,0.9925208,1300.1.jpg
0.45320633,0.024557251,0.3562126,0.008178115,0.0008761052,0.027680375,0.25749394,0.70145863,0.0009491141,0.0022652475,0.9406217,1300.2.jpg
0.4242976,0.09304855,0.23565078,0.12907949,0.0044481135,0.056045603,0.30584404,0.4526295,0.0047507877,0.16045046,0.9938513,1300.3.jpg
0.116305195,0.00927993,0.20091334,0.1223375,0.008875581,0.01942531,0.36120608,0.68297964,0.00087902136,0.07304425,0.9890013,1300.4.jpg
0.99947244,0.2602083,0.000509797,1.7902717e-05,3.7852206e-07,0.11123477,0.39681396,0.0030334913,3.868231e-05,7.459782e-06,0.26250184,1301.1.jpg
0.85781527,0.025437498,0.006559214,7.440132e-05,1.4860502e-05,0.91312337,0.04029221,0.00992385,0.00037314746,0.0010264047,0.47758335,1301.2.jpg
0.9973411,0.7752303,0.0019742618,7.0899965e-05,1.6726355e-07,0.00024486234,0.0041707517,0.0016405976,1.7929503e-07,4.2932456e-06,0.1140952,1301.3.jpg
0.6831872,0.015585726,0.0056001153,0.00027508158,0.008941635,0.69642454,0.04234001,0.007954545,0.00294971,0.014542814,0.21636246,1301.4.jpg
0.0036641853,0.00048411504,0.015389796,0.020293871,0.0011061924,0.0026106231,0.056176323,0.09145433,0.0016240738,0.31923628,0.9506231,1302.1.jpg
0.004943473,0.0014056606,0.14527684,0.03924457,0.016174227,0.008974531,0.07023157,0.25839502,0.0026464988,0.747669,0.98374534,1302.2.jpg
0.1228797,0.026087614,0.24764974,0.19788198,0.0077058966,0.17515586,0.35191283,0.18027362,0.0035226115,0.6915744,0.98627484,1302.3.jpg
0.045422304,0.014541858,0.27480957,0.14661388,0.006252869,0.12399115,0.40745902,0.09032307,0.003935256,0.51176137,0.9683732,1302.4.jpg
0.9994861,0.9989116,0.051067736,0.0019675968,0.00024278314,0.25417346,0.15669073,0.028749503,0.0008085134,0.00038387414,0.8357638,1303.1.jpg
0.8534872,0.45245448,0.09938766,0.03872999,0.0048206523,0.3061875,0.28555226,0.36727816,0.010304978,0.023780636,0.9499635,1303.2.jpg
0.99988246,0.9997701,0.00031268824,4.992743e-05,8.1796605e-07,0.0012494641,0.02553827,0.0012818181,9.116075e-06,2.723726e-06,0.4889573,1303.3.jpg
0.9677864,0.8078647,0.07283186,0.03294969,0.00074094115,0.20996211,0.16759138,0.09330808,0.010510225,0.0139432615,0.94158995,1303.4.jpg
0.002250062,4.357326e-05,0.020459995,0.0015252518,0.00041568294,0.0005296572,0.026829643,0.058091063,0.00048805715,0.026360633,0.7655546,1304.1.jpg
0.008160933,0.00074546365,0.12049489,0.050132044,0.023376876,0.003531992,0.045610305,0.31147835,0.00640472,0.6176359,0.8009291,1304.2.jpg
0.028069017,0.0012138492,0.036327504,0.013502068,0.0033316272,0.010675501,0.06715472,0.21621256,0.0016246182,0.15728337,0.98155814,1304.3.jpg
0.007866302,0.0017272013,0.16406447,0.042704925,0.044727515,0.0076408004,0.030045584,0.39607826,0.002762129,0.61361283,0.99160814,1304.4.jpg
0.8032533,0.05542707,0.040134285,0.005225157,0.068082444,0.47624642,0.7657208,0.60865396,0.07057983,0.06474825,0.80285555,1305.1.jpg
0.016108103,0.0018169258,0.012052565,0.003917701,0.036525846,0.06479347,0.051924422,0.050381973,0.0028640563,0.7591275,0.87647426,1305.2.jpg
0.008003422,0.00023914997,0.0007683881,8.817309e-05,0.015264524,0.0061393986,0.02129767,0.010774062,0.00010267572,0.9860241,0.115545206,1305.3.jpg
0.0061830143,3.562804e-05,8.723689e-05,3.992083e-05,0.03224466,0.018248588,0.020510467,0.00480263,1.6764294e-05,0.53877884,0.28061235,1305.4.jpg
0.04846788,0.005875342,0.06464916,0.019856913,0.0006598557,0.0034552352,0.18663728,0.27837154,9.418092e-05,0.041989204,0.98558456,1306.1.jpg
0.032025203,0.0026120164,0.1952164,0.022454316,0.003544273,0.065685205,0.37668094,0.20705122,0.00028461887,0.29021907,0.98465073,1306.2.jpg
0.21825331,0.06465558,0.16922358,0.081427336,0.00032909808,0.0063034627,0.38496092,0.066065736,0.00031945077,0.09618733,0.8763501,1306.3.jpg
0.028632728,0.0043519395,0.050900962,0.009501519,0.0013515017,0.0037127875,0.1771475,0.21883813,9.532279e-05,0.15445454,0.99291384,1306.4.jpg
0.9516534,0.2523666,0.011777893,0.011985693,0.01121947,0.04666596,0.39397895,0.08956917,0.0315489,0.03144273,0.3774016,1308.1.jpg
0.0143696405,0.0015302934,0.09288566,0.08917862,0.34286025,0.03166181,0.036222413,0.12763576,0.021154266,0.68886924,0.59047437,1308.2.jpg
0.9979679,0.98485684,0.0065831696,0.018371643,0.004661663,0.00262631,0.027139094,0.068345174,0.0014261316,0.0036312877,0.3273365,1308.3.jpg
0.93037146,0.6094596,0.08385701,0.068769194,0.0036447921,0.050962437,0.14553253,0.0537824,0.009048796,0.15062506,0.59144855,1308.4.jpg
0.2459295,0.008316608,0.014834561,0.036415506,0.0042179828,1.0898379e-05,0.010829952,0.91103303,0.0007039101,0.0005427335,0.12107266,1309.1.jpg
0.06333871,0.010568559,0.030119868,0.11850255,0.010189313,9.70792e-05,0.1174126,0.93295664,0.0024691324,0.0005353311,0.030500608,1309.2.jpg
0.9689311,0.9682446,0.051855076,0.036764946,0.0019364929,0.0055074403,0.10010484,0.39645034,0.0013117753,0.00025748447,0.13563733,1309.3.jpg
0.009213296,0.02485478,0.018335816,0.07770607,0.022906408,0.00011578236,0.0139554795,0.30063295,0.0028479358,0.025213808,0.02190416,1309.4.jpg
0.08241145,0.030955786,0.15756945,0.032010507,0.0048979395,0.061524034,0.64285785,0.56457734,0.0036304542,0.035370093,0.9777058,131.1.jpg
0.045515463,0.01535874,0.047733076,0.02235242,0.004782191,0.0062535033,0.23961815,0.4488946,0.00038857662,0.012032022,0.9971046,131.2.jpg
0.22491896,0.10474817,0.1322706,0.1879855,0.008659465,0.19615433,0.46560836,0.44044834,0.0024160417,0.25578442,0.9940739,131.3.jpg
0.023833737,0.015756,0.33569315,0.054044,0.018576391,0.010234314,0.2684195,0.25686923,0.00072621927,0.15991333,0.9972203,131.4.jpg
0.18665372,0.0016627454,0.030977441,0.009548025,0.0028350332,0.2933258,0.5780049,0.2226044,0.008339587,0.27008566,0.91908234,1310.1.jpg
0.44302493,0.0039105024,0.007893146,0.0018813619,0.052273694,0.22169669,0.4105666,0.11946946,0.012209351,0.20311065,0.18300985,1310.2.jpg
0.374266,0.006520244,0.054532256,0.0010429239,0.0019310769,0.008098129,0.20632356,0.07105277,0.0027859677,0.116256475,0.7085976,1310.3.jpg
0.024367332,0.0011084091,0.013799692,0.0021279044,0.008273801,0.0011500195,0.027497513,0.31418446,0.00021988794,0.44965813,0.87162846,1310.4.jpg
0.22239812,0.027182091,0.17673981,0.011984021,0.00864544,0.0034425128,0.30268994,0.576246,0.013193656,0.0056508156,0.5181909,1311.1.jpg
0.0010563754,0.00014679575,0.11210937,0.00273125,0.0010339608,6.004181e-05,0.0072925803,0.39963573,0.00018907108,0.004856857,0.3527727,1311.2.jpg
0.2830957,0.002088173,0.019339284,0.0058362214,0.00014264607,0.0036957173,0.46703458,0.31005546,0.0001226581,0.0015574716,0.5183402,1311.3.jpg
0.009529522,0.0010777793,0.30301517,0.03847226,0.010173815,0.001792033,0.16875698,0.22791618,0.053263642,0.06122363,0.55194247,1311.4.jpg
0.9849915,0.95912236,0.23106669,0.08616856,0.0042301025,0.5602709,0.5497635,0.18214016,0.006083006,0.06870073,0.7474408,1312.1.jpg
0.9733305,0.39798227,0.05543295,0.010278774,0.0035541079,0.009866301,0.45954233,0.40920642,0.0015496226,0.004973378,0.33313844,1312.2.jpg
0.32428756,0.124017484,0.10012654,0.016043209,0.040552303,0.37365678,0.08282843,0.08935128,0.002772654,0.37684497,0.89114946,1312.3.jpg
0.52494687,0.1464979,0.06677966,0.007826575,0.016750481,0.25960216,0.22502542,0.27393055,0.0017998788,0.123447135,0.97910017,1312.4.jpg
0.14996785,0.08658953,0.15123662,0.10874361,0.53929156,0.008976966,0.057439156,0.92709494,0.06173805,0.022489924,0.24919872,1314.1.jpg
0.7616791,0.6242228,0.6044833,0.11670921,0.1644684,0.019809417,0.27012846,0.85174394,0.032503873,0.0024087857,0.20885724,1314.2.jpg
0.9929147,0.98867154,0.0027768668,0.0028737714,0.008359572,0.0015592923,0.093023606,0.2903383,0.007423708,2.7418455e-05,0.04070877,1314.3.jpg
0.5748405,0.45792803,0.06580363,0.12422126,0.5236584,0.06506929,0.51705635,0.5291047,0.34367445,0.0058073318,0.061611652,1314.4.jpg
0.017757388,0.012424394,0.23471934,0.14357875,0.281451,0.007191929,0.15803282,0.9661497,0.03923962,0.06378249,0.32830495,1315.1.jpg
0.0009998584,0.0002739394,0.3139394,0.115924135,0.064273834,0.00044702063,0.046215165,0.97905785,0.005008442,0.015260219,0.3896694,1315.2.jpg
0.018205134,0.02145304,0.35044762,0.049195845,0.9296884,0.002077903,0.009106332,0.94289345,0.024005042,0.012060544,0.2271981,1315.3.jpg
0.013946671,0.0037486462,0.78470194,0.2432218,0.33796614,0.0014047141,0.020909881,0.9455592,0.09741901,0.008011835,0.25251037,1315.4.jpg
0.9702073,0.52020705,0.44619554,0.15663773,0.0011682082,0.00779356,0.16593322,0.12133752,0.002565612,0.0055971895,0.78240824,1316.1.jpg
0.31179076,0.019560426,0.29874343,0.2623726,0.033650864,0.057797246,0.4490472,0.6184294,0.022887798,0.08473627,0.8867272,1316.2.jpg
0.31312,0.015222216,0.13469665,0.08049917,0.002745975,0.07092999,0.3767342,0.11023809,0.008579051,0.15482406,0.7162079,1316.3.jpg
0.1705186,0.017533733,0.5024919,0.09860024,0.0072677713,0.037951156,0.7804288,0.29902261,0.002497842,0.04837838,0.6832011,1316.4.jpg
0.9933028,0.99924904,0.019817071,0.0059717726,0.00015326662,0.0016494965,0.004939358,0.026267126,4.005842e-05,6.562709e-05,0.37338594,1317.1.jpg
0.81821233,0.6882993,0.367745,0.63111734,0.07776516,0.028082589,0.05405035,0.3392436,0.10076772,0.005884097,0.5118345,1317.2.jpg
0.9561887,0.9911869,0.0070105777,0.009358799,2.2263968e-05,0.0016033258,0.0043440457,0.010430016,1.6916896e-05,2.4844223e-05,0.46438566,1317.3.jpg
0.48554018,0.2589769,0.054359403,0.05710052,0.0010053124,0.0013233249,0.007884465,0.7446305,0.0012395562,0.00011677761,0.6261244,1317.4.jpg
0.076253325,0.0032250783,0.009860145,0.005631854,0.00092833716,0.010047004,0.30556756,0.07754025,0.0002976879,0.63452077,0.9817139,1318.1.jpg
0.07827167,0.02047039,0.015670694,0.020676,0.014096273,0.10118453,0.33051094,0.15714245,0.0021533566,0.87915,0.98426753,1318.2.jpg
0.79400975,0.5928741,0.025114164,0.0063979076,0.005334072,0.18024912,0.4453885,0.18091115,0.0017270722,0.12639976,0.8539095,1318.3.jpg
0.014571359,0.00067497743,0.007450252,0.0064735967,0.01966018,0.030244201,0.13350777,0.09835951,0.0040975837,0.87195337,0.8112121,1318.4.jpg
0.036772355,0.0018314064,0.03538822,0.08354584,0.0082852645,0.0018267272,0.09787274,0.1987435,0.0059040906,0.16420512,0.8931116,1319.1.jpg
0.006303113,0.000379621,0.006371451,0.0075655426,0.001130823,7.653256e-06,0.0009806047,0.22532202,0.00097250735,0.08645597,0.4009343,1319.2.jpg
0.09862717,0.013598567,0.060517892,0.040866096,0.0023478824,0.010395013,0.1253369,0.034389324,0.004001587,0.22655122,0.8796677,1319.3.jpg
0.15985273,0.016864281,0.17003198,0.13207132,0.008204473,0.014936671,0.041069523,0.029429149,0.004201037,0.38426167,0.8816714,1319.4.jpg
0.5051196,0.3113339,0.06755426,0.037902433,0.01284949,0.013725902,0.11274367,0.73349804,0.0021250562,0.0271491,0.3016705,132.1.jpg
0.0053693503,0.0012724099,0.06959391,0.15601768,0.009037255,0.009414795,0.104563236,0.09743073,0.015859406,0.14067413,0.48226255,132.2.jpg
0.0025008281,0.00030235792,0.0019137084,0.0038464225,0.0009609822,2.1547981e-05,0.0018209614,0.22664994,0.00095963996,0.004642399,0.037500165,132.3.jpg
0.0060576596,0.00016656096,0.05717522,0.016233647,0.00034649367,0.00022471164,0.03844247,0.28485602,0.0006130572,0.0062615536,0.08379812,132.4.jpg
0.009923166,0.00085468916,0.028355904,0.014535845,0.00026241166,0.0004635694,0.05509938,0.5202316,0.0004283064,0.00752986,0.5745002,1321.1.jpg
0.0048162825,0.00050144666,0.15654607,0.07264194,0.0039902725,0.0015628135,0.26075518,0.42882237,0.0015011267,0.0046224436,0.8519385,1321.2.jpg
0.13310447,0.024177399,0.54678965,0.2270114,0.0034335484,0.013632917,0.24310364,0.3896293,0.0082001975,0.09706104,0.7416777,1321.3.jpg
0.2034294,0.02643727,0.32891637,0.14501387,0.068177536,0.014409771,0.39539117,0.59441733,0.017076775,0.020551674,0.15359579,1321.4.jpg
0.05678926,0.0011048145,0.019663615,0.009129212,0.0003001633,0.00012862547,0.23650214,0.06936125,0.002180076,0.110700145,0.41337332,1322.1.jpg
0.39193508,0.012817884,0.0052109496,0.008287506,0.0002535796,0.00047438737,0.7892266,0.5015069,0.0037621437,0.017895265,0.6740446,1322.2.jpg
0.02735172,0.004301938,0.014764181,0.0023422886,0.00020015426,0.003556287,0.18197507,0.15870982,0.00017255775,0.08807426,0.95216703,1322.3.jpg
0.0042877886,0.0005480306,0.07154646,0.008017889,0.0013698185,0.005907254,0.2392293,0.08862658,0.0005841564,0.23076127,0.9394024,1322.4.jpg
0.38171878,0.059406146,0.103209466,0.0006322716,0.0053619863,0.0005305381,0.03757559,0.5839887,0.0020036881,0.00909884,0.14529312,1323.1.jpg
0.023933074,0.0013839211,0.03003038,0.006863722,0.0048480155,0.00011572485,0.03259569,0.61300343,0.00094613543,0.0014144974,0.090482764,1323.2.jpg
0.33147043,0.11356138,0.15972127,0.008327816,0.017521637,0.0034958853,0.14375757,0.15690164,0.0051898905,0.007843552,0.07887761,1323.3.jpg
0.020542677,0.0017616717,0.0065737558,0.009785936,0.0058198217,0.00013341047,0.056544326,0.24515511,0.0051421253,0.057352,0.10476771,1323.4.jpg
0.75708133,0.06751254,0.07885953,0.0057188882,0.13259535,0.1616229,0.2592114,0.17675027,0.010155757,0.55721825,0.59028655,1324.1.jpg
0.039815515,0.0005082006,0.0047795232,0.0025684712,0.21287996,0.028649902,0.026877856,0.04252619,0.0021694666,0.23106228,0.30744952,1324.2.jpg
0.88340545,0.17737667,0.0059222453,0.0014944338,0.0021005934,0.007524068,0.097099565,0.24808922,0.00056442205,0.027600378,0.49721,1324.3.jpg
0.071419545,0.006076301,0.04276664,0.023907043,0.018335683,0.011558411,0.05563239,0.023470886,0.0031787888,0.6892176,0.41676933,1324.4.jpg
0.23613226,0.013303767,0.084690735,0.022987755,0.003632932,0.014142085,0.43739668,0.25648728,0.0021916651,0.83333653,0.95206934,1325.1.jpg
0.08642176,0.0058300663,0.02714507,0.010608314,0.0041924976,0.013165123,0.16113845,0.44482568,0.0041663074,0.8480713,0.9306242,1325.2.jpg
0.39710537,0.057752926,0.020259116,0.012228971,0.00046111993,0.008989828,0.13596255,0.1107392,0.00052067183,0.30103412,0.87948436,1325.3.jpg
0.031174822,0.002400615,0.01695579,0.0034254033,0.13984975,0.08390094,0.12316299,0.22383082,0.011358233,0.8828529,0.75163126,1325.4.jpg
0.048403177,0.0008965108,0.0013209078,0.001492217,0.006529285,0.004931317,0.06538955,0.05766996,0.0009662418,0.813885,0.5742646,1326.1.jpg
0.0045484235,0.00029494558,0.00068485475,0.0005083901,0.053629372,0.0044881417,0.028434744,0.07576353,0.00013302482,0.9409465,0.06082334,1326.2.jpg
0.15828726,0.008769081,0.01335484,0.002551132,0.041367464,0.7260963,0.25569788,0.0961502,0.04710555,0.314084,0.5108922,1326.3.jpg
0.010373795,0.00041006148,0.0010891493,0.00029048524,0.047045235,0.013195021,0.051659808,0.05230446,0.00017644659,0.7014042,0.2421233,1326.4.jpg
0.14441271,0.030392934,0.28851914,0.34840807,0.006615762,0.021764927,0.18217847,0.36312628,0.0028643953,0.422304,0.99615556,1327.1.jpg
0.020736333,0.015535063,0.08024136,0.04758206,0.005412159,0.03511027,0.22872889,0.26835272,0.000704963,0.45964512,0.99925655,1327.2.jpg
0.7988704,0.07104037,0.043819107,0.0032035536,0.0011503833,0.016635278,0.38511342,0.16586883,0.0009454858,0.013809053,0.98207253,1327.3.jpg
0.4496767,0.10679061,0.46266067,0.31391165,0.018863479,0.14582728,0.68639874,0.49820367,0.010906036,0.15579295,0.99037033,1327.4.jpg
0.09684113,0.0015964579,0.17794932,0.04393412,0.042972628,0.25653884,0.7084053,0.2083176,0.013907171,0.20177706,0.855466,1328.1.jpg
0.08391989,0.008205718,0.23925468,0.07168064,0.1408084,0.0724008,0.56927156,0.20202692,0.07323615,0.43408135,0.42727083,1328.2.jpg
0.25918788,0.010014871,0.010094678,0.005213046,0.003061434,0.009177991,0.062108215,0.27139547,0.00091006956,0.011877356,0.51529884,1328.3.jpg
0.2155058,0.082235806,0.20177045,0.007958734,0.021329232,0.02688073,0.10555041,0.6612334,0.00052558986,0.19264254,0.6597471,1328.4.jpg
0.30378,0.03596037,0.12356111,0.0041151494,0.0009090985,0.002117226,0.17157125,0.2530761,0.0021770822,0.0025522,0.031603746,1329.1.jpg
0.00044626516,6.857951e-05,0.061455097,0.0020842745,0.00029814543,2.809393e-05,0.014801087,0.03405549,0.00024818844,0.0008864875,0.01300745,1329.2.jpg
0.012304581,0.006025909,0.0078909835,0.0022174814,0.00023252315,1.583403e-05,0.026992558,0.28469747,0.00010054444,0.00070831634,0.046385758,1329.3.jpg
0.077989295,0.0427152,0.018943125,0.02149575,0.018717362,1.21520925e-05,0.007223033,0.49117357,0.0016267721,0.00038662102,0.0021114945,1329.4.jpg
0.6094078,0.14472684,0.14504488,0.0883329,0.017890582,0.024000557,0.5954981,0.7564756,0.017110135,0.008392699,0.90954834,133.1.jpg
0.18638715,0.023003364,0.12361508,0.022737592,0.028393203,0.003420709,0.11394807,0.58779484,0.00795076,0.013679162,0.67217016,133.2.jpg
0.811149,0.61369574,0.063642666,0.025594706,0.0029146522,0.006958202,0.31087893,0.32307038,0.0066789803,0.020384658,0.5628566,133.3.jpg
0.019612908,0.008476245,0.23657711,0.11876119,0.008603428,0.0070230863,0.05823256,0.3125727,0.010301001,0.14420146,0.91370314,133.4.jpg
0.0041378057,0.0005715431,0.0073220055,0.008160829,0.0022037704,5.6045406e-05,0.0069939825,0.1938423,0.00024741775,0.004435504,0.6306858,1330.1.jpg
0.0116904145,0.0016889329,0.041186526,0.07568207,0.0048213224,0.0004376209,0.016329732,0.19199212,0.0003361946,0.062133785,0.8985436,1330.2.jpg
0.014193967,0.00075663003,0.003347191,0.004799593,7.05745e-05,7.1201204e-05,0.01782373,0.14978822,0.0014280451,0.008897736,0.47585192,1330.3.jpg
0.01666065,0.00027011553,0.0018558928,0.0004465358,4.9967774e-05,9.9246005e-05,0.12937713,0.24369456,4.4931763e-05,0.0041880966,0.8710926,1330.4.jpg
0.03716647,0.0018493623,0.029431581,0.022362739,0.00040096487,0.002069351,0.040873308,0.5044131,0.000115760056,0.043302007,0.98516095,1332.1.jpg
0.003918086,0.00013067543,0.028116304,0.0038127347,8.012635e-05,0.0003859696,0.010608288,0.32978985,3.9712748e-05,0.0055530993,0.97619855,1332.2.jpg
0.019891417,0.0012186163,0.009301963,0.026860211,0.00072129496,0.0011021266,0.142805,0.17993718,0.0042843553,0.2680261,0.8736046,1332.3.jpg
0.11729362,0.01815073,0.051951777,0.035584826,0.000569965,0.0009451583,0.049998745,0.8250856,0.000122029975,0.001932121,0.88188404,1332.4.jpg
0.016095245,0.0011372931,0.04884862,0.027063055,0.0050786324,0.0013752235,0.1296833,0.037571736,0.008297795,0.2533855,0.5275545,1334.1.jpg
0.0010061681,7.3587755e-05,0.012134851,0.0010777834,0.012160623,0.0009731812,0.00849629,0.018883852,0.00039691295,0.2654639,0.12871319,1334.2.jpg
0.025500478,0.012704297,0.0425878,0.07351026,0.0007280657,0.00034622487,0.044039715,0.03134167,0.000765036,0.2657629,0.43434435,1334.3.jpg
0.030508155,0.0042644017,0.03589381,0.025242835,0.007999667,0.0132452445,0.09005088,0.14378059,0.0054548024,0.55157846,0.7981437,1334.4.jpg
0.23678336,0.0037999682,0.003037782,0.0007152232,0.0013269369,0.030129932,0.18384358,0.023504658,0.0003586585,0.18204087,0.59235716,1335.1.jpg
0.0019239127,0.00034510213,0.0062253475,0.0018908998,0.02596101,0.003138132,0.010931604,0.023785543,8.625073e-05,0.87970036,0.2517825,1335.2.jpg
0.85671467,0.04292616,0.0048715533,0.0008519568,0.0026548845,0.094102316,0.5480759,0.41934243,0.00096605404,0.016509168,0.60927576,1335.3.jpg
0.019309998,0.00035467563,0.002097499,0.00048154074,0.08655771,0.047414318,0.044953555,0.07744318,0.00040652003,0.47986433,0.2835707,1335.4.jpg
0.36004674,0.023430679,0.0023489224,0.0016838962,0.00076114014,0.004053256,0.32593274,0.9774045,1.4933979e-05,0.000651705,0.9440453,134.1.jpg
0.14075916,0.019500354,0.018348692,0.026406063,0.005459779,0.00634415,0.26633427,0.42665964,0.0016582033,0.04217882,0.93796074,134.2.jpg
0.57213014,0.21417308,0.0036500338,0.0034168046,7.591619e-05,0.000998131,0.025319772,0.71696836,1.1859742e-05,0.0038422358,0.97681993,134.3.jpg
0.009862184,0.0008578369,0.37612534,0.0028279878,0.0021553556,0.0009307443,0.12268845,0.31378195,3.913088e-05,0.025990695,0.87874734,134.4.jpg
0.26338395,0.17564635,0.08557693,0.018645393,0.005626729,0.0026414592,0.29665607,0.4345632,0.00093470514,0.008456187,0.7165114,135.1.jpg
0.029497365,0.009682165,0.1902985,0.0096396,0.05408805,0.002962719,0.5807372,0.48406947,0.0036265892,0.003738676,0.570619,135.2.jpg
0.00033145017,0.0002131904,0.00041180587,0.00017990495,1.4138599e-05,2.1666176e-05,0.0030366352,0.025824433,2.0920497e-05,0.00062201143,0.35597205,135.3.jpg
0.0036882842,0.0018059938,0.60512614,0.015737258,0.0073424755,0.009376494,0.053886592,0.193238,0.009155306,0.0134648355,0.9136336,135.4.jpg
0.35864004,0.0025697935,0.0040645823,0.004838117,0.00039053557,0.0020246461,0.6752087,0.45665127,0.00048089647,0.042142734,0.8717598,136.1.jpg
0.086649686,0.007528513,0.04955703,0.017949425,0.00434873,0.014436953,0.26996723,0.20148978,0.0006851442,0.7172381,0.8637483,136.2.jpg
0.55500996,0.044677317,0.023779254,0.008120924,0.0005495148,0.009089455,0.6772097,0.36500424,0.000106266605,0.007676063,0.89626384,136.3.jpg
0.12294762,0.003951342,0.05707846,0.07980632,0.010838787,0.020358974,0.48384967,0.1513917,0.0047715185,0.15534735,0.909307,136.4.jpg
0.040298246,0.0039302087,0.004239461,0.008637711,0.00033889088,0.000103574035,0.13111202,0.051130764,7.569839e-05,0.3352031,0.84481794,137.1.jpg
0.0015616274,9.970473e-05,0.0026699784,0.0043441365,0.0012147641,0.00014806277,0.00349293,0.0560418,1.6929096e-05,0.12285281,0.8715246,137.2.jpg
0.024904778,0.0022437698,0.04463691,0.006055952,0.0011670109,0.0026810798,0.0790021,0.013633077,0.000403491,0.08998245,0.36644983,137.3.jpg
0.03579442,0.010583188,0.05371761,0.064971134,0.007323704,0.0041157026,0.16183355,0.1278163,0.0019644566,0.46184057,0.76743704,137.4.jpg
0.3674118,0.025898088,0.11470958,0.021221085,0.005993196,0.015352462,0.35607815,0.2680824,0.008120644,0.2656299,0.9044816,138.1.jpg
0.17523962,0.079818495,0.1533044,0.029849852,0.07535881,0.16772282,0.5858263,0.3654399,0.03694623,0.8663743,0.81217396,138.2.jpg
0.6871464,0.039099425,0.006468305,0.006913309,0.00031386022,0.00039115758,0.60986394,0.7001889,0.0027574755,0.030522289,0.25125137,138.3.jpg
0.07438896,0.001224904,0.00078107836,0.0013267896,0.0004992504,0.00011361401,0.032510377,0.42985997,0.00030407417,0.17287505,0.7590266,138.4.jpg
0.9704779,0.14278439,0.0021694407,0.0011264854,8.2863146e-05,0.0027299395,0.10947376,0.24931598,0.00039650165,0.0061533656,0.72707754,139.1.jpg
0.96708685,0.6934289,0.021168588,0.005217232,0.005221797,0.008001601,0.4571915,0.5133272,0.0015608803,0.014230322,0.20385261,139.2.jpg
0.7584728,0.4514177,0.07107088,0.051469482,0.0035431113,0.011207193,0.2732778,0.10932028,0.007826082,0.033129472,0.27707362,139.3.jpg
0.019337619,0.0008020202,0.0074070976,0.002427072,2.620086e-05,0.00014905265,0.12570195,0.18746932,7.996033e-05,0.007307588,0.9395693,139.4.jpg
0.11852472,0.12253798,0.010766569,0.11465604,0.006103845,0.0022500458,0.08117862,0.40423155,0.00082015514,0.06393134,0.9839078,14.1.jpg
0.05645549,0.023605306,0.06968909,0.02910907,0.003953805,0.0005702616,0.036355525,0.20093991,0.00013779357,0.028187212,0.98541534,14.2.jpg
0.08934812,0.044878,0.0115973335,0.061875377,0.0023370697,0.0012581606,0.034038614,0.12259048,0.00014697909,0.16842546,0.9819448,14.3.jpg
0.018724663,0.0059493906,0.015882934,0.011084468,0.003108998,0.001341558,0.047357976,0.112203434,0.00015905364,0.03716428,0.9960626,14.4.jpg
0.9806913,0.9554578,0.046862558,0.028852757,0.007913642,0.15612571,0.76869506,0.60610497,0.1642696,0.0070326123,0.810364,140.1.jpg
0.94075394,0.73129505,0.35765672,0.11950615,0.12765247,0.28526253,0.92476815,0.46422774,0.25017413,0.17587958,0.9089121,140.2.jpg
0.9975896,0.96580505,0.01172917,0.0055132727,0.0012245897,0.057598956,0.6636277,0.29330197,0.011116507,0.0007290891,0.83014584,140.3.jpg
0.98063296,0.6540297,0.064405754,0.01605119,0.0010626029,0.039143976,0.38054225,0.3632855,0.004774212,0.0028868907,0.78015995,140.4.jpg
0.046437893,0.010108707,0.011384876,0.004406395,0.0004307219,0.00032142826,0.031663597,0.53575176,9.3924944e-05,0.0052076434,0.9060412,141.1.jpg
0.002773647,0.00037739266,0.028226586,0.006062755,0.00055731274,0.00014459314,0.042288013,0.26236138,9.611838e-06,0.012014526,0.93887043,141.2.jpg
0.56334394,0.727943,0.11760977,0.037472375,0.002784197,0.02057823,0.21506609,0.30949277,0.0011616257,0.027400304,0.74606436,141.3.jpg
0.028092574,0.011214187,0.012507496,0.009856132,0.00014295324,0.0010751883,0.026448855,0.17334418,3.388742e-05,0.054324433,0.9842589,141.4.jpg
0.37536287,0.356133,0.026900638,0.08552471,0.0010044556,0.0011205369,0.027474377,0.10544549,0.0020368649,0.068541616,0.19138016,142.1.jpg
0.032282274,0.02932975,0.050605822,0.06961618,0.005500798,0.0005294828,0.018920997,0.22923242,0.00097568275,0.13002148,0.3230341,142.2.jpg
0.9307743,0.9790694,0.088388726,0.040517367,0.004010381,0.0027315668,0.05588589,0.067790926,0.0015488924,0.0041565183,0.42569327,142.3.jpg
0.06602397,0.027576227,0.29153004,0.057676528,0.020144792,0.0069038575,0.048059966,0.25639316,0.0033216826,0.42138728,0.42045188,142.4.jpg
0.027830001,0.0015452016,0.004480357,0.008580783,0.0005275649,0.0010877656,0.1951469,0.30679968,0.00021485804,0.13725394,0.9829307,143.1.jpg
0.18512896,0.06175464,0.02347166,0.061226726,0.01022965,0.003171359,0.13117641,0.62255913,0.0012895272,0.059649613,0.9920685,143.2.jpg
0.6884744,0.049244575,0.009743697,0.0025019073,0.00082418125,0.0011220173,0.111924656,0.401034,0.00034551282,0.029433692,0.96338207,143.3.jpg
0.08117905,0.019549685,0.016999073,0.017567787,0.0020403778,0.0008868187,0.081007905,0.18802771,0.00037693873,0.0791513,0.9890154,143.4.jpg
0.1568632,0.0492689,0.036134496,0.030974777,0.005568185,0.08495412,0.7731002,0.77684027,0.00036819014,0.022363206,0.9856645,144.1.jpg
0.10324812,0.06650493,0.025150307,0.1479262,0.0016682016,0.04248663,0.06565234,0.4222456,0.00036400868,0.02637741,0.9972025,144.2.jpg
0.004088922,0.0015770663,0.011215941,0.047362495,0.00021438264,0.0010801387,0.01536861,0.1761804,0.00014565035,0.06912957,0.99703705,144.3.jpg
0.21774222,0.032682057,0.040805813,0.08128503,0.014463001,0.036976866,0.5043455,0.6304925,0.018382782,0.04805289,0.9890732,144.4.jpg
0.8794565,0.63131547,0.020897795,0.022408305,0.0023870866,0.023151318,0.36628148,0.5126376,0.0008604225,0.023175584,0.94095486,145.1.jpg
0.07624241,0.023940738,0.07087628,0.02882445,0.023070697,0.0042454577,0.23525746,0.91616344,0.0010274765,0.10059229,0.94474316,145.2.jpg
0.4092948,0.0017475254,0.0038960823,0.00060437754,6.6950226e-05,0.008211634,0.5370269,0.24165475,4.159649e-06,0.005366833,0.99568415,145.3.jpg
0.062629975,0.0053875307,0.15084241,0.01720222,0.008112322,0.36814213,0.67887455,0.41533306,0.000516226,0.3033194,0.9956448,145.4.jpg
0.0045110257,0.0003481051,0.00789051,0.012055591,0.0010439517,0.00035977797,0.021282291,0.38996488,0.00016639302,0.0042114803,0.6383694,146.1.jpg
0.0013917343,0.00012052707,0.07634696,0.025802718,0.0049315905,0.00081439613,0.021107318,0.2941228,0.0007086854,0.0072497283,0.81229997,146.2.jpg
0.013911547,0.0030067218,0.23027955,0.61338305,0.021102235,0.004035102,0.033469975,0.2811396,0.055868514,0.06225451,0.75527376,146.3.jpg
0.0014953064,0.00020419419,0.17503451,0.10989409,0.010799971,0.0023336955,0.021328604,0.15124516,0.015332379,0.05341624,0.85005206,146.4.jpg
0.046412416,0.0009811831,0.011235055,0.0040254686,0.0020089487,0.0077866088,0.12326055,0.27552173,0.0015443321,0.023105828,0.86725616,147.1.jpg
0.33347645,0.026084235,0.09729759,0.096620314,0.036513496,0.040979046,0.39609745,0.5991359,0.044298623,0.100879274,0.50088507,147.2.jpg
0.033992548,0.0014018934,0.002904892,0.0018034418,1.5910775e-05,0.000119376164,0.009320455,0.0324027,4.401289e-06,0.057539355,0.73647827,147.3.jpg
0.04945005,0.008702794,0.099204645,0.06036329,0.062597014,0.016814388,0.46974614,0.272443,0.017535038,0.32971552,0.69543284,147.4.jpg
0.3166654,0.06243803,0.15235962,0.013167748,0.06161153,0.019260576,0.50182754,0.5200501,0.006376358,0.031902455,0.90269136,148.1.jpg
0.33388925,0.01624832,0.06745977,0.041101713,0.02742222,0.0019089145,0.2669983,0.64800483,0.0030167243,0.047264885,0.8415002,148.2.jpg
0.5683397,0.28564692,0.23296191,0.15004379,0.03680943,0.035037838,0.36826023,0.33046782,0.011615643,0.29382178,0.8526684,148.3.jpg
0.054728445,0.0024613629,0.03006537,0.112852015,0.01941165,0.003009681,0.23324303,0.15425345,0.007653613,0.7966877,0.75164175,148.4.jpg
0.7752604,0.15212955,0.033368923,0.056201372,0.0019767277,0.001585399,0.20063072,0.38234785,0.0015344913,0.0007084092,0.0256141,149.1.jpg
0.15198858,0.0055906726,0.01936766,0.0047870185,0.004328114,0.011579807,0.7150659,0.5362077,0.20717789,0.0036141856,0.004533643,149.2.jpg
0.7772543,0.094291724,0.003434384,0.001330676,0.0011099761,0.002195461,0.2521404,0.069632895,0.00019837554,0.0030529757,0.077261336,149.3.jpg
0.42820212,0.044549935,0.047341373,0.068842396,0.020710923,0.008552405,0.38441187,0.1592214,0.0111672785,0.053183164,0.10431154,149.4.jpg
0.049136084,0.0024720882,0.003870242,0.00136104,0.005202737,0.0065838965,0.06444372,0.078782946,0.0031893754,0.5260561,0.22981285,15.1.jpg
0.09770945,0.001597621,0.00026295788,9.5547664e-05,0.00039929413,0.00016722007,0.05444415,0.059638493,0.00014454503,0.11262629,0.5576938,15.2.jpg
0.048155863,0.0054959557,0.008407422,0.0019150778,0.0077082748,0.017013676,0.086543515,0.053238165,0.0013248823,0.462085,0.7731063,15.3.jpg
0.05716639,0.0024909072,0.001300151,0.00027361885,0.0016880245,0.009901476,0.025430044,0.025506783,0.0009752273,0.08129671,0.39453653,15.4.jpg
0.00022042175,0.00015971214,0.0110054705,0.046099916,0.0013723283,6.455224e-05,0.007363327,0.0114910845,0.00016286307,0.59068286,0.79648536,150.1.jpg
0.0016831245,0.0001991123,0.01902163,0.097174786,0.012487718,0.00028382245,0.02897089,0.05091291,0.0005912754,0.82442015,0.9541608,150.2.jpg
0.4532341,0.03613125,0.24465285,0.08797293,0.02933686,0.023205835,0.05917678,0.050888974,0.013512444,0.49968904,0.9204664,150.3.jpg
0.04268028,0.0028011773,0.8924438,0.15645453,0.0049103424,0.007430415,0.06830642,0.3838403,0.00056204794,0.37844053,0.9847023,150.4.jpg
0.9065581,0.7826047,0.030335201,0.009733277,0.0013351166,0.043046888,0.5526289,0.6802988,0.00029974408,0.007412898,0.9613636,151.1.jpg
0.011338299,0.00082198053,0.17027271,0.05314423,0.009598105,0.0074148388,0.3692373,0.302438,0.00046945197,0.118157625,0.92780715,151.2.jpg
0.6408417,0.06847529,0.21379358,0.017058687,0.010759329,0.019497376,0.74847895,0.4549122,0.0049569667,0.018256653,0.36941195,151.3.jpg
0.073594384,0.0041650794,0.061708726,0.008839104,0.016606651,0.003741048,0.29892355,0.74381363,0.00083351374,0.15488842,0.6698893,151.4.jpg
0.026676286,0.00066828093,0.042258076,0.006684864,8.212433e-05,0.0028102857,0.16776036,0.39995474,0.0005359414,0.15890102,0.90496314,152.1.jpg
0.029010858,0.005055919,0.15647388,0.038188946,0.00696977,0.02656051,0.13280773,0.5146779,0.0014805327,0.7332523,0.9886989,152.2.jpg
0.21129744,0.029363422,0.070264906,0.02425622,0.0028372149,0.045539007,0.354737,0.29717562,0.002175164,0.21057887,0.98438466,152.3.jpg
0.14269105,0.016764697,0.40425056,0.27862132,0.017905368,0.042071454,0.08146739,0.58844876,0.0041715815,0.38670328,0.9923959,152.4.jpg
0.8770593,0.15806772,0.16767918,0.023737278,0.04877133,0.3249605,0.6789206,0.084691994,0.034045648,0.12234057,0.5237967,153.1.jpg
0.2522857,0.011915364,0.1966619,0.014891015,0.018164797,0.46171072,0.36215964,0.053456627,0.0041747396,0.0901264,0.46271968,153.2.jpg
0.99928916,0.96271837,0.00012931242,0.00013901194,6.0366206e-06,0.026238028,0.43334207,0.0023925845,9.2034694e-05,2.2749933e-05,0.4281862,153.3.jpg
0.32686245,0.0062446916,0.043221917,0.020391954,0.0021997823,0.36236244,0.62675446,0.13242364,0.0041367607,0.03218262,0.9762591,153.4.jpg
0.6777259,0.12220821,0.75473136,0.45831254,0.029341184,0.039954796,0.13713227,0.11093634,0.08072767,0.221198,0.45529193,154.1.jpg
0.10655958,0.012014791,0.07742017,0.07912134,0.016137823,0.0025777747,0.21712671,0.24027635,0.029729784,0.42764753,0.71342623,154.2.jpg
0.8743437,0.32350102,0.35290438,0.0493691,0.005186902,0.048685502,0.59686226,0.18352939,0.002615711,0.18210924,0.907198,154.3.jpg
0.9643314,0.8535929,0.29193327,0.009870582,0.0014192038,0.011414006,0.20711878,0.50027937,0.0005865062,0.0026019167,0.6694526,154.4.jpg
0.9998832,0.9939779,0.0028972148,0.0021616656,0.00016810848,0.0042125145,0.43345124,0.032574203,0.0056296936,1.9111194e-05,0.1067312,155.1.jpg
0.98994523,0.98009163,0.016441813,0.0040497156,0.0015099376,0.047727007,0.25360325,0.21811217,0.0142086,0.00018125538,0.39600947,155.2.jpg
0.9964169,0.9649799,0.29145956,0.05750311,0.0031312574,0.092204645,0.24801977,0.17518586,0.006110684,0.0009410878,0.74141675,155.3.jpg
0.83065426,0.50806445,0.6334218,0.30262303,0.21397227,0.2720521,0.57986575,0.7753675,0.026158262,0.12459653,0.91830814,155.4.jpg
0.0052303444,0.00019747947,0.06444247,0.028986944,0.00033598227,0.00011673487,0.015079729,0.09239192,0.00039229338,0.27344602,0.8674334,156.1.jpg
0.029869454,0.0010596511,0.4993984,0.026363688,0.0045827,0.00015196535,0.068947405,0.33892268,0.0014045761,0.011892863,0.15371539,156.2.jpg
0.038729455,0.02296738,0.19977781,0.08657947,0.0057662902,0.011444528,0.09334441,0.148286,0.005463162,0.3031227,0.78442097,156.3.jpg
0.05347708,0.014333385,0.38477686,0.12974621,0.022102963,0.026848225,0.24692833,0.35266042,0.0076631876,0.38450584,0.8714782,156.4.jpg
0.00016027753,2.5736767e-06,0.020118248,0.00058990443,2.8322205e-05,5.4221255e-06,0.009958467,0.019119235,0.00054798386,0.0012804107,0.038381364,157.1.jpg
0.009518519,0.0019898782,0.12372371,0.07745333,0.0106539335,0.0010443262,0.22483717,0.12518406,0.09288994,0.020322664,0.09376194,157.2.jpg
0.029690072,0.015458015,0.40361288,0.3731529,0.034569684,0.0018837525,0.14131881,0.23074074,0.021346085,0.029985653,0.39848682,157.3.jpg
0.0004195927,4.0389496e-05,0.014444607,0.056155503,0.0042119464,6.312045e-05,0.008615621,0.15299892,0.0040149107,0.023097852,0.48080605,157.4.jpg
0.51886284,0.03331885,0.33279142,0.20983092,0.002496108,0.0034747352,0.032896835,0.102473766,0.014555319,0.021308433,0.5959162,158.1.jpg
0.00070276426,6.205482e-06,0.0066347397,0.0029036603,0.00047552487,8.430341e-07,0.00052389724,0.52812815,2.295698e-05,0.0009778482,0.5168506,158.2.jpg
0.044917516,0.017703274,0.16702586,0.026329052,0.0007053431,0.013837942,0.22681104,0.24100749,7.216538e-05,0.17490195,0.9992105,158.3.jpg
0.020440929,0.011477579,0.2917209,0.096130796,0.0046435646,0.0078849085,0.16663471,0.5043669,0.0009878366,0.56020945,0.9992404,158.4.jpg
0.23312949,0.085926294,0.24543865,0.61102194,0.1022311,0.38507542,0.68765,0.45639282,0.112317085,0.7229698,0.9409763,159.1.jpg
0.1543308,0.057966553,0.14489591,0.103769764,0.18381141,0.26702982,0.48005375,0.43755022,0.115174934,0.73164237,0.9279337,159.2.jpg
0.06816854,0.00043717894,0.0007944877,0.0037681784,0.00011435529,0.0010187431,0.22612876,0.042473163,0.004986545,0.038118523,0.5833406,159.3.jpg
0.26463917,0.005978216,0.010733356,0.005959902,0.00051010866,0.0033039246,0.34714606,0.21811153,0.0034909688,0.11444009,0.82880396,159.4.jpg
0.8624691,0.8111549,0.023369981,0.016107747,0.00031445595,0.0013037353,0.02028914,0.33655477,9.809435e-05,0.000752342,0.7728247,16.1.jpg
0.05479777,0.007476529,0.1760709,0.031636465,0.008053287,0.005884097,0.12344202,0.6547153,0.0004601574,0.0038265644,0.78359205,16.2.jpg
0.8707381,0.9442556,0.002893579,0.000939179,3.6754747e-05,0.00020515747,0.009302653,0.046965886,4.4451467e-06,6.833744e-05,0.31612167,16.3.jpg
0.02198065,0.0009486253,0.014104208,0.0037702734,0.0009558817,0.0010501227,0.12833717,0.37519667,0.00030552596,0.0024579137,0.5268238,16.4.jpg
0.043672316,0.026696282,0.02083474,0.0024850338,0.00019945623,0.0007403391,0.0977555,0.6431671,5.5398672e-05,0.0038922648,0.9814244,160.1.jpg
0.0010052646,0.00019371492,0.019643165,0.0071274024,0.0002008735,8.931398e-05,0.03602177,0.31113613,4.98098e-06,0.004348728,0.9896596,160.2.jpg
0.4816005,0.1729118,0.057833925,0.025141504,0.00013493204,0.0044555967,0.24621135,0.117087245,5.0147213e-05,0.014914271,0.9758681,160.3.jpg
0.009988563,0.0009359229,0.26551232,0.14607528,5.8905385e-05,0.00012097415,0.00844167,0.1390168,6.104645e-06,0.0066265953,0.98405254,160.4.jpg
0.055223797,0.013758674,0.1935334,0.039985415,0.051342662,0.43564972,0.26573548,0.34584793,0.0035258452,0.9374565,0.8465766,161.1.jpg
0.0020565582,0.0005093477,0.02421159,0.0042202524,0.05583086,0.054415505,0.04916517,0.31909373,5.9545393e-05,0.9183727,0.8175588,161.2.jpg
0.3877831,0.020565214,0.0056179636,0.00301215,0.001494732,0.020405719,0.2144641,0.08765574,0.00020455763,0.04187986,0.54383373,161.3.jpg
0.0033623816,0.00012548066,0.016499136,0.00017810361,0.031892855,0.1020554,0.018813424,0.042293098,7.699384e-06,0.83282465,0.6173366,161.4.jpg
0.6238149,0.040737648,0.044704415,0.008611916,0.022551084,0.016881404,0.25937527,0.33959082,0.0033445817,0.03301479,0.44308034,162.1.jpg
0.039609954,0.0051508634,0.23325361,0.22406068,0.23223071,0.004897958,0.27910116,0.42343995,0.015064829,0.37603784,0.44774643,162.2.jpg
0.15735404,0.022965139,0.25216988,0.066743284,0.028159142,0.068124115,0.2442535,0.18653503,0.011517629,0.31746992,0.51458836,162.3.jpg
0.38095605,0.1453047,0.39029232,0.16881575,0.06023665,0.04261928,0.25447002,0.31469452,0.025471155,0.19521585,0.48493448,162.4.jpg
0.048581995,0.0010916714,0.012001158,0.0005921739,6.239875e-05,0.0003898017,0.24210642,0.21979527,2.542149e-05,0.0012693215,0.9879688,163.1.jpg
0.012564298,0.002092008,0.13860105,0.013661352,0.012502857,0.0039212997,0.14517075,0.14144553,0.00018669317,0.074910246,0.9970439,163.2.jpg
6.871542e-05,9.712274e-06,0.0012948613,0.015148617,0.00042693454,2.4247136e-05,0.0019374755,0.044580515,0.00058644894,0.0018041409,0.9620759,163.3.jpg
0.005937308,0.0022573918,0.082428426,0.027965227,0.003619243,0.001520783,0.013891389,0.040472113,0.0010684894,0.13378106,0.9242504,163.4.jpg
0.0014213177,0.00027125987,0.024267485,0.026569504,0.002301774,0.00017222275,0.0087310765,0.37590203,0.00016111,0.0065184957,0.8651675,164.1.jpg
0.0011976578,9.8991186e-05,0.040373087,0.012882731,0.002018789,9.023967e-05,0.002052871,0.24317479,0.00016293794,0.0054614344,0.9355975,164.2.jpg
0.0012788262,0.000438714,0.026845342,0.04440946,0.00035608845,0.0013010919,0.0024707855,0.25721732,0.0010069156,0.016066592,0.9379616,164.3.jpg
0.21255662,0.024185386,0.14669186,0.017883588,0.07899169,0.020319734,0.59001607,0.55279404,0.005904779,0.02109286,0.968883,164.4.jpg
0.0934838,0.009083676,0.04004466,0.2639542,0.0020794997,0.011894964,0.2663791,0.49066046,0.00067192013,0.2346017,0.99211144,165.1.jpg
0.01135281,0.00068977196,0.037638385,0.017175082,9.4487295e-05,0.00042128202,0.08503931,0.70250326,7.6897195e-06,0.016892774,0.99520844,165.2.jpg
0.08420222,0.007594828,0.030320626,0.035471294,0.00032318587,0.021013433,0.39660326,0.22360098,0.00035309422,0.033073146,0.9672408,165.3.jpg
0.0069394796,0.0004248044,0.043714672,0.012034653,0.00022747672,0.005392991,0.29433468,0.17987774,8.12453e-05,0.00453802,0.9570194,165.4.jpg
0.5332205,0.033153392,0.0063669276,0.003110145,0.0029891417,0.008181786,0.12684347,0.1612683,0.0003821795,0.011132533,0.06351852,166.1.jpg
0.38399813,0.0064504584,0.0018036145,0.00024540763,0.015667826,0.51155156,0.23069619,0.045695763,0.0006531959,0.052792143,0.05925303,166.2.jpg
0.8158861,0.18073869,0.0020951559,0.0035213192,0.0009382465,0.0028319343,0.12523694,0.21432656,0.0006142032,0.0048752464,0.192939,166.3.jpg
0.77099466,0.20754531,0.047785494,0.012793537,0.014719308,0.014958604,0.18368351,0.071778394,0.003059118,0.21219027,0.10353504,166.4.jpg
0.00865282,0.0009860726,0.04371579,0.008674718,0.0006209651,0.0014325475,0.07992721,0.018416904,0.00016386421,0.019267755,0.1945961,168.1.jpg
0.0047415327,0.0011428947,0.16188413,0.01286,0.0024271472,0.008817916,0.074505955,0.031082453,0.00023128827,0.08776278,0.46856156,168.2.jpg
0.0023165308,0.00017478198,0.06794575,0.01922871,0.00020658333,0.0011882071,0.09548417,0.035787456,0.00015112276,0.038285192,0.6695843,168.3.jpg
0.004210401,0.0006136874,0.061849885,0.025694976,0.015681494,0.0013161403,0.064129554,0.02479658,0.0007341512,0.1181226,0.16065182,168.4.jpg
0.5806122,0.31225502,0.1609507,0.013258813,0.010216169,0.068875626,0.32015923,0.6792647,0.010008022,0.08201936,0.8963507,169.1.jpg
0.017189197,0.0013047197,0.11403437,0.016631909,0.0016751677,0.0006105036,0.064811714,0.34003252,0.00042853673,0.09112897,0.95905995,169.2.jpg
0.63854754,0.16313373,0.12855394,0.061043363,0.00028929184,0.005616286,0.019540962,0.25198337,0.00078636064,0.048867144,0.97126544,169.3.jpg
0.008373149,0.002053635,0.0656927,0.004833227,0.0014501619,0.0018435637,0.05851298,0.10489959,7.935923e-05,0.14593248,0.872834,169.4.jpg
0.04114645,0.0011655504,0.005732771,0.005091901,0.00528391,0.0078064427,0.049916103,0.013588439,0.0027556454,0.5135782,0.2765705,17.1.jpg
0.00500758,0.00044569594,0.0038670776,0.0003683666,0.0498152,0.020550271,0.021966184,0.022293897,0.00025992485,0.9296467,0.17884344,17.2.jpg
0.037974477,0.0059572584,0.012535586,0.013480046,0.004348437,0.0027047559,0.018796586,0.009557164,0.00044790126,0.6189377,0.31241646,17.3.jpg
0.043760944,0.0044533424,0.1012964,0.017992567,0.17165814,0.017343746,0.14824602,0.07472139,0.004500445,0.6220239,0.47828498,17.4.jpg
0.6688362,0.259912,0.341314,0.119127095,0.03177848,0.03479201,0.59966284,0.31793267,0.041293662,0.11334237,0.6933974,170.1.jpg
0.11453129,0.008722126,0.18544047,0.13236624,0.032120142,0.016122764,0.31538594,0.47565582,0.016001794,0.3131248,0.5844274,170.2.jpg
0.0042293156,0.0009705362,0.056908675,0.042919584,0.0021984808,0.0006609789,0.085091375,0.0832076,0.0013412934,0.006438545,0.10902897,170.3.jpg
0.04245374,0.00039659374,0.01956487,0.0028879808,0.0047672004,0.00047208232,0.14819418,0.37259632,0.0010525244,0.003647711,0.23651676,170.4.jpg
0.06913313,0.02922781,0.03178679,0.058718905,0.000997067,0.00044336505,0.01839473,0.35083053,0.00021140488,0.07871672,0.25427634,171.1.jpg
0.017180959,0.0058663785,0.11401165,0.5031428,0.013896536,0.00010675281,0.004303092,0.29329124,0.0024613463,0.23205829,0.09111254,171.2.jpg
0.00087732065,0.00054464006,0.007941528,0.10524279,7.548214e-05,6.217144e-05,0.0010576668,0.031668525,7.614429e-05,0.0048991647,0.14452939,171.3.jpg
0.009885716,0.016048383,0.040835973,0.41587782,0.043959536,0.00089797436,0.0038629214,0.24969184,0.0027938492,0.15843913,0.114215106,171.4.jpg
0.85740256,0.13109055,0.036079053,0.008518303,0.0019022733,0.746574,0.79258716,0.18294781,0.0032717132,0.009711571,0.85350245,172.1.jpg
0.68442196,0.01770874,0.001974523,6.1758874e-05,4.6616173e-05,0.63205683,0.5865042,0.0250149,3.709292e-05,0.00061163463,0.858921,172.2.jpg
0.98267347,0.86161715,0.2498375,0.034365874,0.003130141,0.1659669,0.0868241,0.087398544,0.0012423842,0.059629668,0.60367715,172.3.jpg
0.4926826,0.06436115,0.21396542,0.1375253,0.01991549,0.31407857,0.25140172,0.2920819,0.0033080347,0.5491014,0.73610055,172.4.jpg
0.38436574,0.13738683,0.025643164,0.029847912,0.011168453,0.047236748,0.70326924,0.49554753,0.0028347394,0.047679774,0.9828011,173.1.jpg
0.074251175,0.0059941104,0.0018894623,0.0020217404,0.008723705,0.0023596652,0.49604183,0.663958,0.0014738329,0.011710281,0.8822596,173.2.jpg
0.41099644,0.052023076,0.0010850483,0.012158773,0.00024578883,0.002112247,0.39524063,0.43879586,1.2690763e-06,0.0009864917,0.98933905,173.3.jpg
0.1412459,0.023281578,0.0033169424,0.010062353,0.0002810074,0.0005422111,0.008393226,0.40400225,0.00010185755,0.01277912,0.86823386,173.4.jpg
0.043535307,0.0029044775,0.0020239092,0.0021092573,1.07955975e-05,0.00047476694,0.013832178,0.093746796,0.00029336807,0.0070364494,0.88521415,174.1.jpg
0.022582384,0.0021923324,0.043232627,0.012510938,0.0049980856,0.0009347186,0.054240137,0.077028714,0.0019759038,0.461758,0.8243056,174.2.jpg
0.07549357,0.020477343,0.027658949,0.0025943962,0.00052621093,0.0009109974,0.0058572083,0.07033899,0.0007016069,0.2531506,0.90477407,174.3.jpg
0.022622924,0.004245085,0.04017454,0.019716332,0.002649214,0.001159386,0.009645629,0.18835132,0.00037691824,0.64489675,0.96582973,174.4.jpg
0.86114746,0.092360355,0.20064613,0.04290958,0.062571324,0.35361084,0.8101447,0.6559995,0.03805138,0.10532365,0.92194563,175.1.jpg
0.6813956,0.18435384,0.1476802,0.007055345,0.041296758,0.032418042,0.1148236,0.33470428,0.054350294,0.002298195,0.39912048,175.2.jpg
0.8602565,0.5156136,0.40680677,0.04919613,0.018786097,0.49665615,0.38772517,0.40275884,0.020263147,0.1492007,0.9731284,175.3.jpg
0.3136322,0.039772853,0.4815536,0.018683309,0.022980705,0.72591233,0.39469028,0.3024672,0.0073298775,0.28280398,0.9897837,175.4.jpg
0.10207199,0.0121134175,0.2084404,0.0037640044,0.0018381297,0.0046200883,0.39979288,0.6000963,0.0031018562,0.014877844,0.9099357,177.1.jpg
0.019162236,0.003917277,0.32057482,0.047205735,0.016451834,0.011748713,0.3887065,0.45527273,0.0048640277,0.11960594,0.91747,177.2.jpg
0.70242345,0.06164961,0.07211271,0.01882372,4.8855592e-05,0.002975468,0.17080484,0.29809397,0.00033752524,0.0026658473,0.87684685,177.3.jpg
0.19623905,0.0221564,0.5845359,0.31970465,0.01992492,0.040828783,0.27790442,0.44431186,0.010168194,0.09753515,0.8382756,177.4.jpg
0.045646705,0.0024271728,0.009040766,0.04671109,8.4034815e-05,0.0017449552,0.10058984,0.09749807,0.00017933772,0.023910198,0.97970665,178.1.jpg
0.0077090366,0.0009798071,0.004457469,0.039935715,0.0001558823,0.002658728,0.0135649685,0.07168141,4.408338e-05,0.03129966,0.9967564,178.2.jpg
0.0039800406,0.00012769864,9.1448026e-05,0.0015408319,1.4115005e-06,5.430362e-07,0.00456679,0.10337923,9.265263e-08,0.009890557,0.8356812,178.3.jpg
0.0007114876,3.1371743e-05,0.0019951882,0.0069446345,7.146241e-05,4.1931053e-06,0.002045388,0.13241746,1.6634674e-05,0.12234702,0.9605369,178.4.jpg
0.98957807,0.60166335,0.010293998,0.0053937505,0.0036045776,0.03219156,0.7638701,0.68625647,0.008281496,0.010473588,0.9225291,179.1.jpg
0.76544803,0.034113206,0.014467372,0.0007919778,0.00017447844,0.013035536,0.10008088,0.040388756,7.7192315e-05,0.0046973513,0.969504,179.2.jpg
0.9989189,0.9478139,0.021589166,0.00356625,0.0003518409,0.024183271,0.37677306,0.19594917,0.0022854938,0.00048344617,0.64565015,179.3.jpg
0.16336355,0.004205328,0.011017518,0.026452577,0.002719813,0.001172417,0.14541627,0.8827696,0.00027470232,0.008824528,0.9646193,179.4.jpg
0.9957867,0.77330333,0.0056586904,0.0066766934,0.004708066,0.0024948877,0.49089736,0.4001202,0.0044961767,0.0007037082,0.43578452,180.1.jpg
0.06373495,0.010686355,0.017269835,0.17565404,0.0064971033,0.0017025992,0.08200545,0.77275425,0.0014220597,0.0068472726,0.60847795,180.2.jpg
0.6633301,0.8583029,0.33134297,0.34034726,0.25808573,0.13907479,0.20838939,0.38738632,0.055149633,0.112568036,0.6474179,180.3.jpg
0.16025682,0.046379417,0.7164735,0.23439963,0.035665747,0.06243028,0.28672037,0.8653794,0.010441878,0.017028507,0.6892053,180.4.jpg
0.9917611,0.7826067,0.033222765,0.037710447,0.0021147633,0.13107702,0.4884818,0.11019826,0.007128607,0.0034109403,0.88110846,181.1.jpg
0.09202206,0.0012899658,0.21288222,0.1636518,0.0003495384,0.017180154,0.2807322,0.24804083,3.5926576e-05,0.0023480142,0.98881066,181.2.jpg
0.96073866,0.43684304,0.022439515,0.020714637,0.053691655,0.39360267,0.40452397,0.012741577,0.026419662,0.018324073,0.47592378,181.3.jpg
0.9651259,0.66729087,0.07722752,0.09502981,0.2006364,0.7944355,0.3685866,0.079423174,0.34170145,0.10920803,0.3724866,181.4.jpg
0.41903892,0.24423799,0.06597434,0.021960756,0.005103497,0.015726656,0.27535802,0.87305343,0.0009708289,0.015976924,0.9708846,182.1.jpg
0.1845167,0.06704009,0.18014243,0.0069580763,0.026398893,0.006925508,0.46187347,0.74221176,0.0007220914,0.04700494,0.9880234,182.2.jpg
0.45213485,0.30654514,0.1699644,0.035129562,0.0027555786,0.0067564836,0.22945406,0.7007791,0.0010512292,0.034174282,0.9609906,182.3.jpg
0.0069663315,0.013154229,0.45120618,0.026588311,0.0048662974,0.0013022306,0.11895322,0.5302449,0.00013002686,0.08516127,0.9859542,182.4.jpg
0.99899,0.9966768,0.0021775248,0.0014705186,2.7735112e-05,0.0032518192,0.15352468,0.021313863,6.17126e-05,4.074098e-05,0.7866108,183.1.jpg
0.91892254,0.73716295,0.14024056,0.039903276,0.0037751892,0.018660314,0.48656893,0.8049757,0.0029661336,0.0022935702,0.7491501,183.2.jpg
0.9940678,0.99456894,0.0030037875,0.0016563201,0.00013852883,0.018232128,0.34897494,0.08296287,3.5016605e-05,4.085217e-05,0.7110964,183.3.jpg
0.9668792,0.96414864,0.010292123,0.0030627763,9.2371614e-05,0.002473776,0.25277483,0.2685303,2.9032813e-05,9.5436844e-05,0.5988622,183.4.jpg
0.3928598,0.07665042,0.04207499,0.028367078,0.0025688943,0.023299713,0.286373,0.08859189,0.0012390875,0.0463448,0.7998211,184.1.jpg
0.00772832,5.2847347e-05,0.0025247256,0.0018705077,4.1759104e-05,2.1453827e-05,0.015452712,0.050962057,6.287703e-05,0.005654418,0.37822872,184.2.jpg
0.32543764,0.03558542,0.006280247,0.0008758795,2.3691475e-05,0.00016140522,0.02356258,0.02502648,2.5541208e-06,0.0010297633,0.5539501,184.3.jpg
0.098998204,0.0076509444,0.005236044,0.00015036581,0.0002137269,0.0020283144,0.11955401,0.029420529,2.4493442e-05,0.0012188752,0.3745988,184.4.jpg
0.038220182,0.002591503,0.0038452444,0.0009937846,3.0438274e-05,5.1196625e-06,0.0018153224,0.15025887,1.4775545e-05,0.006549896,0.80006766,185.1.jpg
0.049058028,0.006334016,0.11696552,0.019031309,0.0022460243,0.00035090695,0.032596733,0.16592486,0.00093497685,0.09210363,0.21321122,185.2.jpg
0.032578006,0.009706538,0.38536474,0.027560797,0.0071180854,0.008015739,0.159359,0.19969717,0.007852835,0.20932469,0.5668199,185.3.jpg
0.0005063299,0.0004933392,0.21448952,0.005032767,0.0042864024,0.0008358752,0.060100373,0.12721331,0.0013777161,0.03293313,0.08656056,185.4.jpg
0.27498507,0.16973811,0.27545923,0.093966834,0.009891366,0.023265991,0.35395142,0.15841167,0.0118120015,0.2643585,0.91723335,186.1.jpg
0.048813313,0.009914938,0.06932487,0.084897555,0.006187358,0.017318174,0.15292104,0.14594217,0.0044673365,0.42754412,0.9575183,186.2.jpg
0.24909444,0.10249676,0.08024905,0.053172912,0.0052140276,0.01118739,0.30819896,0.120522045,0.0041060825,0.28110626,0.9828934,186.3.jpg
0.211959,0.026493924,0.080689296,0.026853183,0.004500642,0.019839033,0.38973123,0.29435688,0.00089036964,0.15766147,0.9423617,186.4.jpg
0.44239905,0.057743423,0.84102684,0.023945045,0.00020761133,0.008915305,0.22663833,0.4383519,0.00024742293,0.008384032,0.99102646,187.1.jpg
0.005507785,0.00049672206,0.13924848,0.027366214,0.0012525986,0.00094465684,0.18040809,0.43809226,7.210354e-05,0.037859593,0.95229745,187.2.jpg
0.7209308,0.05375655,0.05292742,0.0093636885,0.00035767883,0.0010114696,0.43113148,0.5285779,7.817475e-05,0.0020574578,0.987728,187.3.jpg
0.030517569,0.013936872,0.15014814,0.02506204,0.005520048,0.000661248,0.17506216,0.5393964,0.00010639426,0.016053434,0.9882239,187.4.jpg
0.013393781,0.00074936467,0.014266831,0.0017891804,9.104803e-05,0.008775566,0.074353,0.09343055,1.4095222e-05,0.1171523,0.9821989,188.1.jpg
0.046205286,0.0034784868,0.040101033,0.021598322,0.0008219452,0.04851873,0.2703675,0.120933205,0.00021640575,0.15278931,0.9914095,188.2.jpg
0.31739524,0.006506846,0.0084195,0.0007335526,0.00013039015,0.034768112,0.47919032,0.14446476,7.3309835e-05,0.072767176,0.9925742,188.3.jpg
0.00630521,5.173626e-05,0.0060489327,0.00017281246,0.0018348449,0.012505901,0.056920957,0.061213307,4.2530646e-06,0.20440154,0.9622299,188.4.jpg
0.09129332,0.0018341864,0.02361152,0.004218968,0.003155518,0.0007995489,0.03460168,0.13158283,0.0022087356,0.025049213,0.33656672,189.1.jpg
0.023553735,0.0013462289,0.051876377,0.075153,0.082240075,0.0009249313,0.20444201,0.44403118,0.005188076,0.19653462,0.40171131,189.2.jpg
0.09460345,0.0035610315,0.0010769971,0.0010138719,8.1022554e-05,8.540528e-05,0.39480215,0.14906849,0.0018709326,0.0037019765,0.06876099,189.3.jpg
0.14015803,0.00073636294,0.005353286,0.013783881,0.004004287,0.0012172619,0.22994241,0.100624256,0.022511484,0.02832072,0.13517058,189.4.jpg
0.12368407,0.007104722,0.018946378,0.013117271,0.034398712,0.035875417,0.15533675,0.02968959,0.007434102,0.8465049,0.3246062,19.1.jpg
0.02901969,0.0018704409,0.009846974,0.0053826068,0.017963687,0.02083641,0.08023709,0.0644356,0.0023599593,0.9942906,0.88100386,19.2.jpg
0.24237002,0.021136692,0.025850823,0.010296106,0.0019046993,0.043564454,0.28809795,0.032273486,0.017413743,0.42746934,0.21037495,19.3.jpg
0.11783179,0.0063705817,0.013183762,0.007070247,0.00619292,0.12749417,0.17665717,0.03169766,0.013800518,0.80515444,0.4655156,19.4.jpg
0.11980281,0.0012676741,0.005607821,0.001985835,6.441272e-05,0.000105793624,0.014340549,0.020076074,0.00018228385,0.0030848884,0.2190201,190.1.jpg
0.010258793,0.0008069762,0.10610032,0.0016672744,0.00062379334,0.0004162026,0.0129169645,0.0868498,0.0007681407,0.04980547,0.19929183,190.2.jpg
0.30973548,0.0026377398,0.0029733824,0.0010507787,5.6530804e-05,3.4111723e-05,0.0125183975,0.050935198,0.00028509062,0.006356031,0.03374332,190.3.jpg
0.008236004,0.0026633663,0.032692574,0.03218739,0.00053089275,0.0002166058,0.010450786,0.011028394,0.00040783803,0.051819302,0.030618083,190.4.jpg
0.6437828,0.1088446,0.31316328,0.35320497,0.07248728,0.24309444,0.66102946,0.47690558,0.3721212,0.27401406,0.61646426,191.1.jpg
0.045198455,0.003904545,0.18067808,0.15358534,0.027336618,0.023034066,0.10705063,0.31036806,0.009913479,0.60450184,0.9291063,191.2.jpg
0.9971957,0.9482847,0.18528394,0.039341774,0.0016124762,0.012973396,0.2653537,0.110788964,0.001497019,0.006578466,0.8492286,191.3.jpg
0.99975806,0.9946794,0.013797382,0.01414642,7.115668e-05,0.0021139686,0.14494687,0.0037671314,0.0001712076,4.689439e-05,0.6544344,191.4.jpg
0.51911515,0.0066428054,0.00083918794,0.0015695042,0.00074938074,0.09380753,0.23556851,0.07395796,0.0003428375,0.1950398,0.34107703,192.1.jpg
0.0051868036,0.00033733496,0.00016209386,6.730692e-05,0.004383323,0.004256181,0.011491042,0.023482135,1.6094116e-05,0.80366087,0.06381842,192.2.jpg
0.3899002,0.010476143,0.0036291145,0.00023205386,0.0005965835,0.0047219284,0.1569445,0.1676961,0.00010640339,0.18051568,0.36817783,192.3.jpg
0.022737201,0.00016516747,0.001031711,0.00015613802,0.0022386634,0.01034839,0.060367458,0.037959777,4.0156603e-05,0.34918928,0.4506073,192.4.jpg
0.31537172,0.07671429,0.019667273,0.011143709,0.005544824,0.048116773,0.07720668,0.4281281,0.0018476774,0.34540847,0.8018359,193.1.jpg
0.1435601,0.02092956,0.0386098,0.0062005576,0.007181708,0.24287435,0.27472052,0.34153175,0.0012023596,0.8737436,0.9626626,193.2.jpg
0.6430423,0.5712577,0.22265379,0.074408166,0.055316422,0.66925806,0.315546,0.25647885,0.012829303,0.46141267,0.82615477,193.3.jpg
0.04449526,0.003277425,0.011016199,0.013786966,0.0073110545,0.09076041,0.14142737,0.28313768,0.00039818557,0.9455293,0.9873613,193.4.jpg
0.80907625,0.3969181,0.054457,0.09585308,0.002570895,0.014289642,0.30808356,0.47082427,0.010119912,0.10613803,0.86559397,194.1.jpg
0.0022550186,0.000110602945,0.004123293,0.025085157,0.00011608836,9.258298e-06,0.0012160029,0.12024259,3.56205e-05,0.092842765,0.89422655,194.2.jpg
0.1396393,0.020007294,0.06251113,0.08136021,0.0018041983,0.006328952,0.07504236,0.19311346,0.008050068,0.030321088,0.72594535,194.3.jpg
0.10835195,0.030915264,0.49640116,0.23187196,0.021569856,0.0051520388,0.17140459,0.20312965,0.02947293,0.19225422,0.75150716,194.4.jpg
0.9586804,0.18777536,0.7770128,0.004673524,7.6425305e-05,0.41220567,0.3850036,0.007741122,0.00029704315,0.00017698259,0.22695355,195.1.jpg
0.947566,0.41766727,0.845243,0.019812556,3.2908745e-05,0.28595266,0.39059365,0.0130644385,0.0020128398,0.0006558885,0.7677,195.2.jpg
0.85739213,0.40176466,0.0530842,0.044556607,0.007822765,0.006412368,0.3507766,0.5374119,0.016013077,0.008172315,0.2753112,195.3.jpg
0.30795088,0.020066358,0.7167087,0.085003085,0.020378562,0.020617368,0.54924226,0.82247704,0.013553457,0.004907224,0.8264863,195.4.jpg
0.91116214,0.4459705,0.16952458,0.02700481,0.021378588,0.40755355,0.54919654,0.07754869,0.016002944,0.076289974,0.24534883,196.1.jpg
0.9767021,0.48807207,0.012990254,0.0043710913,0.0015665174,0.40183508,0.32122377,0.006266442,0.006076027,0.00083161256,0.089752905,196.2.jpg
0.6039832,0.074451715,0.013421401,0.024209969,0.00027510987,0.022208678,0.60474974,0.147005,0.00011894938,0.0033319884,0.9385371,196.3.jpg
0.889563,0.2733524,0.0616625,0.0007738674,0.0003344526,0.4970436,0.34511948,0.03886969,0.00033578376,0.0010491802,0.9110444,196.4.jpg
0.75175846,0.048344318,0.10207887,0.0061194217,0.00029209765,0.0020998688,0.20945647,0.4430109,0.00030823576,0.005141842,0.8369335,197.1.jpg
0.98350555,0.07142298,0.10381346,0.0017231691,2.3129216e-05,0.0014405724,0.16299199,0.07839761,6.583456e-05,0.00013735006,0.473084,197.2.jpg
0.12243332,0.013458756,0.8990989,0.052567717,0.0036613035,0.013552151,0.6928789,0.37168592,0.0005046771,0.0036533163,0.32356268,197.3.jpg
0.08502519,0.00052509137,0.19031404,0.03244071,0.033693194,0.050584167,0.5117697,0.522297,0.0063209054,0.09475397,0.96171135,197.4.jpg
0.6468349,0.030549185,0.014816648,0.0012977893,0.0020658385,0.39572498,0.20137231,0.077614926,0.00095177814,0.668135,0.7889983,198.1.jpg
0.080008574,0.0023798076,0.0038396518,0.00076982647,0.0050128233,0.023113385,0.017621195,0.06743676,0.00037079782,0.97679275,0.27315348,198.2.jpg
0.2726849,0.0045931395,0.008498846,0.00029522748,0.00023268552,0.0049712593,0.033928394,0.004991748,2.4785793e-05,0.082131445,0.88272035,198.3.jpg
0.03372156,0.0024536839,0.004867237,0.00082078495,0.00013527677,0.002768804,0.014033661,0.036600813,4.751535e-06,0.6941728,0.9785373,198.4.jpg
0.9188355,0.38493633,0.060849875,0.018308984,0.008420499,0.22010605,0.31110886,0.092103414,0.0040223827,0.35194495,0.82202625,199.1.jpg
0.07481074,0.008294802,0.065661244,0.011798501,0.10549186,0.19840279,0.27222416,0.33075562,0.0055953427,0.8861682,0.772911,199.2.jpg
0.8485588,0.571602,0.12804762,0.019455101,0.0025484446,0.09023104,0.461815,0.7900978,0.00043756253,0.07395556,0.94500947,199.3.jpg
0.3403568,0.102054164,0.04986246,0.014905062,0.0106357895,0.12431327,0.17237361,0.24642211,0.003941676,0.011115087,0.5557946,199.4.jpg
0.017573565,0.0015706074,0.022868855,0.005774423,0.00042824497,0.0003041707,0.043385316,0.6574272,4.8459282e-05,0.0023823914,0.9606061,2.1.jpg
0.0018229948,0.0002896694,0.18032475,0.010462681,0.0011652551,5.243866e-05,0.005409159,0.46886614,7.0070935e-05,0.0013293358,0.7495318,2.2.jpg
0.004337093,0.0003914523,0.019301185,0.006800233,0.000286543,0.00037511231,0.010958362,0.33371323,0.00025124356,0.015864922,0.978229,2.3.jpg
0.13234977,0.015091328,0.03422599,0.011691902,0.016016066,0.0026522041,0.2401418,0.35343373,0.0021956426,0.028678851,0.9664633,2.4.jpg
0.08902262,0.01686395,0.09110179,0.41067472,0.003770078,0.003638252,0.11307938,0.18153681,0.008342181,0.037610777,0.4797642,20.1.jpg
0.06071929,0.0011841644,0.035551965,0.027999174,0.003923483,0.00013477463,0.11178215,0.56546754,0.0010909599,0.006474646,0.591207,20.2.jpg
0.0672891,0.0015601486,0.35018066,0.012327301,0.000496495,0.00021492052,0.29131943,0.13282003,0.00029659888,0.0001846889,0.17056796,20.3.jpg
0.013525505,0.00022191454,0.07342466,0.040378377,0.0021441428,0.00016906041,0.018737104,0.12747695,0.0032423262,0.029564282,0.4059053,20.4.jpg
0.026787182,0.0017474364,0.0665859,0.0059569646,0.030875443,0.0060197744,0.18053102,0.04775725,0.0026726502,0.4419959,0.6469296,201.1.jpg
0.0003896139,5.9997394e-05,0.027986849,0.004332779,0.08729014,0.0011917748,0.016152766,0.020601997,0.00022171024,0.67120546,0.5982844,201.2.jpg
0.0007420318,7.069515e-06,0.0026503394,0.00695892,0.0021022882,4.2184973e-05,0.018613981,0.021950757,0.0006976786,0.13265489,0.07716099,201.3.jpg
0.000100515485,9.0286985e-06,0.00072428543,0.0005766142,0.0070612845,6.949791e-05,0.0010754189,0.0095775435,8.4404255e-06,0.35798785,0.13094248,201.4.jpg
0.0037214132,3.8754202e-05,0.0020293167,0.010843363,2.6429376e-05,0.0002802735,0.017048314,0.037738964,0.0012849579,0.007634638,0.8916858,202.1.jpg
0.04127962,0.0028795649,0.17213196,0.02252718,0.01988739,0.0076714195,0.10437456,0.72397345,0.0017427903,0.07145113,0.9729364,202.2.jpg
0.2929283,0.0006645939,0.017890505,0.012934425,0.002361146,0.0029409272,0.44080976,0.2287128,0.004236535,0.004216491,0.56765836,202.3.jpg
0.032158587,0.0013900044,0.14056166,0.035618972,0.013201827,0.018697837,0.15789329,0.26830983,0.01383055,0.08264486,0.8097241,202.4.jpg
0.9907108,0.81587046,0.15646444,0.007820628,0.0007842284,0.045328856,0.12391249,0.21246839,0.0024668432,0.017190117,0.7635821,203.1.jpg
0.07745632,0.009942627,0.29549178,0.014458041,0.016440794,0.020965204,0.2134452,0.50462574,0.0031443152,0.02887522,0.7340632,203.2.jpg
0.26660243,0.027336083,0.56280905,0.019535664,0.0026957379,0.19886817,0.58296907,0.26753843,0.00067244924,0.048571937,0.9061229,203.3.jpg
0.020315709,0.0005037572,0.15257658,0.002522805,0.00085461873,0.0031315966,0.15667568,0.40490162,1.1923966e-05,0.010245999,0.97730434,203.4.jpg
0.84234667,0.87091976,0.15495959,0.027303712,0.06503823,0.14312097,0.21744844,0.5148658,0.05005459,0.022728108,0.7920735,204.1.jpg
0.07077045,0.028541882,0.38558945,0.18387604,0.19212148,0.0059709856,0.108520694,0.9326772,0.059421092,0.031171085,0.5328239,204.2.jpg
0.58747375,0.076839015,0.18325825,0.012076065,0.011166715,0.0048816935,0.42743376,0.47129998,0.028450152,0.0035063596,0.27793962,204.3.jpg
0.011649854,0.006711507,0.30987883,0.10675153,0.06706294,0.001432287,0.12882666,0.25868833,0.04916842,0.0059330575,0.29671785,204.4.jpg
0.91971487,0.58303434,0.12991524,0.39350694,0.002760254,0.0070587634,0.24089761,0.16737615,0.0054138997,0.025516858,0.6175114,206.1.jpg
0.08937153,0.0039208992,0.01610165,0.054251637,0.0068857046,0.0024066349,0.044672754,0.6582651,0.0067915847,0.28082857,0.5138902,206.2.jpg
0.99993086,0.9992835,0.0008488346,0.0003950152,6.111141e-07,4.4601547e-05,0.012452127,0.0016910445,1.9955098e-06,7.0147144e-06,0.100835726,206.3.jpg
0.8610276,0.06597706,0.0070669395,0.015437671,0.04275445,0.005908564,0.11251791,0.40811557,0.02940957,0.2737391,0.3039203,206.4.jpg
0.0002600701,0.00017754306,0.0005809092,0.001019024,3.432527e-05,2.0538416e-06,0.0012970157,0.14341722,1.6228325e-05,0.00086957077,0.25243542,207.1.jpg
0.06653443,0.0054471046,0.077428326,0.06365199,0.001265666,0.0027643484,0.15363899,0.12555139,0.0027440886,0.012911317,0.18889187,207.2.jpg
0.16579169,0.091674335,0.032763194,0.019000066,0.0040406077,0.00083406275,0.06404363,0.32621887,0.0004659451,0.040505707,0.8841407,207.3.jpg
0.18801217,0.10820746,0.20195685,0.058354195,0.0034868855,0.0011202646,0.027622534,0.24536979,0.0001307289,0.012713015,0.9082843,207.4.jpg
0.05698347,0.18728139,0.0039435467,0.022611147,0.0001943469,0.0007592501,0.08860211,0.24078405,3.7515543e-05,0.027627159,0.951949,208.1.jpg
0.023069186,0.005419867,0.0033979265,0.0038714374,7.158723e-06,6.1717714e-05,0.014818429,0.1193071,5.979239e-06,0.0051028943,0.94835687,208.2.jpg
0.834979,0.9743679,0.0027954557,0.01763126,0.00012632945,0.0016844069,0.113140844,0.023626393,4.8289156e-05,0.0030770837,0.10087644,208.3.jpg
0.17228761,0.18125139,0.0012626961,0.0047405744,7.327189e-05,0.00011155464,0.022969486,0.050972,2.6562737e-05,0.0013844096,0.65446675,208.4.jpg
0.99865663,0.99885416,2.9997667e-05,2.66637e-05,2.274476e-07,6.4626336e-05,0.0072673764,0.0001655997,4.191455e-08,2.6584195e-07,0.07821239,209.1.jpg
0.9583152,0.9562585,2.7079886e-05,1.3877824e-05,3.3695872e-07,8.515984e-05,0.018599628,0.0010665999,9.756267e-08,3.959706e-06,0.049111612,209.2.jpg
0.48852924,0.6105016,8.843631e-05,0.0008049495,9.766358e-06,0.00012451461,0.07299601,0.007697315,4.150394e-05,0.00029906866,0.0809237,209.3.jpg
0.8672374,0.9023283,7.5987395e-05,7.068071e-05,7.952549e-07,0.00012109361,0.010253784,0.001269882,1.4915584e-07,5.421368e-05,0.24502413,209.4.jpg
0.2057782,0.024850868,0.07712388,0.024237404,0.16333807,0.11102597,0.09862985,0.085834466,0.10773314,0.9389116,0.6384993,21.1.jpg
0.0048124264,0.0009951665,0.006716964,0.0046636835,0.011525286,0.0018139818,0.013974719,0.053993393,0.00040093926,0.99635565,0.35717857,21.2.jpg
0.037266407,0.0029124385,0.011808801,0.0012381815,0.030153915,0.10110095,0.027327742,0.03658122,0.061364662,0.57586086,0.25865534,21.3.jpg
0.002139978,0.00017794134,0.0022738662,0.00032227056,0.0034048492,0.011308454,0.021041369,0.0369107,0.0003114773,0.9208227,0.45631945,21.4.jpg
0.08079393,0.0030567618,0.057766654,0.047927707,0.0030767997,0.0047981967,0.06945795,0.060099572,0.0042163567,0.42866233,0.6950067,210.1.jpg
0.008202576,0.00031067064,0.0032183575,0.014589905,0.057804365,0.004866041,0.076659076,0.05402329,0.00447378,0.7698005,0.71149516,210.2.jpg
0.037574768,0.00019808256,0.004984258,0.00024124935,0.00017114362,0.0006418907,0.011656955,0.0112594785,7.881669e-05,0.45688218,0.21667421,210.3.jpg
0.12036242,0.00040189043,0.0016972892,0.0035364726,0.016287718,0.07089822,0.12973367,0.13477731,0.003447773,0.5683775,0.75359833,210.4.jpg
0.8350627,0.034782227,0.003412179,0.0015868724,0.001757965,0.0014224538,0.8511038,0.29382518,0.0037520991,0.00092849985,0.20086215,211.1.jpg
0.0053884247,0.000598888,0.025883345,0.010203664,0.007725911,0.0012305429,0.04244667,0.20565298,0.0003640469,0.012499949,0.26139554,211.2.jpg
0.007130447,0.00058206724,0.0039051382,0.0008225172,4.9544014e-05,0.0004005859,0.012222672,0.036962107,0.0003251462,0.0049051405,0.22617817,211.3.jpg
0.0011633531,0.0003727583,0.028741613,0.002453203,0.0021924672,0.00027158824,0.004733003,0.025772171,0.0015817938,0.14172265,0.31613925,211.4.jpg
0.014200227,0.00032831935,0.0040180427,0.01894789,0.010233986,7.840603e-05,0.027034812,0.21412872,0.00443494,0.028455017,0.11044173,212.1.jpg
0.0066614514,0.00033681325,0.011994007,0.00760316,0.014900015,0.0009641177,0.01574642,0.1125497,0.00094106316,0.32928807,0.32987463,212.2.jpg
0.3270055,0.038039103,0.2048059,0.29427382,0.09063457,0.09424297,0.2944283,0.103920974,0.122953735,0.31870446,0.44519886,212.3.jpg
0.01444399,0.001230401,0.2390381,0.02716167,0.07891023,0.025815204,0.04750496,0.09998948,0.0070188907,0.10530302,0.20159437,212.4.jpg
0.037595086,0.0007498529,0.001227943,0.0013710825,0.010551201,0.044425014,0.072273076,0.029113075,0.008300008,0.9664993,0.32921746,213.1.jpg
0.008859699,0.0016683683,0.010363793,0.0112247765,0.15065336,0.037042625,0.057117794,0.19725986,0.0015189124,0.969389,0.22106256,213.2.jpg
0.009037559,0.0019073352,0.0054032803,0.0044392683,0.033349372,0.0059869494,0.018072592,0.02165193,0.0019418871,0.98022056,0.15627074,213.3.jpg
0.0017665882,6.5193206e-05,0.0030763862,0.0033378254,0.04142373,0.0003547859,0.04518525,0.04421932,0.0013866957,0.9107406,0.09884674,213.4.jpg
0.4950557,0.8695574,0.08373195,0.07098898,0.0077457675,0.010369508,0.15073986,0.14571714,0.0018648694,0.03180293,0.7389916,214.1.jpg
0.0030413321,0.0015285886,0.00489685,0.0027548152,0.0011948085,1.8849929e-05,0.0047618775,0.1991322,2.0528725e-05,0.0044740234,0.91259927,214.2.jpg
0.21766312,0.6049556,0.008743599,0.0022861212,0.00020979426,0.0005797852,0.009460272,0.03622062,3.557701e-05,0.013177425,0.8405794,214.3.jpg
0.013422817,0.005918131,0.010181074,0.0021455889,6.841908e-05,0.00014388496,0.015595297,0.037441768,3.186825e-05,0.009831495,0.6026987,214.4.jpg
0.9055164,0.32320207,0.0068149925,0.0022328927,0.005081604,0.51515216,0.4955514,0.5281573,0.0022351523,0.016889766,0.9525765,215.1.jpg
0.630103,0.07613097,0.08272084,0.006071779,0.017284926,0.45886648,0.58442515,0.3323393,0.0028643054,0.1769375,0.98266083,215.2.jpg
0.13971753,0.034746874,0.024361793,0.0041567413,0.013532294,0.6261501,0.40201107,0.2538166,0.00026857987,0.5441216,0.97834617,215.3.jpg
0.050876092,0.028283639,0.08429693,0.01269772,0.03940634,0.23517646,0.29072908,0.20996283,0.00091722206,0.8641567,0.97680897,215.4.jpg
0.10434792,0.0062493025,0.10087873,0.01742316,0.016332198,0.010419822,0.04834289,0.086403735,0.0014619963,0.29549894,0.46830416,216.1.jpg
0.07612292,0.0019803802,0.027216509,0.038578384,0.07001674,0.00857566,0.03985829,0.026188737,0.012921842,0.9368082,0.5604245,216.2.jpg
0.1527455,0.00235222,0.0034394243,0.00807295,0.01864459,0.0028085061,0.020600775,0.04204747,0.00795473,0.6894281,0.1409036,216.3.jpg
0.16880961,0.00546509,0.01005712,0.014331525,0.02518661,0.01233401,0.031073699,0.044703662,0.061067563,0.67507106,0.07200812,216.4.jpg
0.09697324,0.029323822,0.028066773,0.10534395,0.002891164,0.0020519423,0.033531822,0.22684617,0.0002646854,0.035271753,0.9972024,217.1.jpg
0.0023148134,0.0010951916,0.020028686,0.019885913,0.0055781608,8.867479e-05,0.01926707,0.05017934,0.00010094254,0.123718046,0.97830874,217.2.jpg
0.22534887,0.068862036,0.055544507,0.012488465,0.0008286849,0.004781136,0.19727431,0.17054068,0.00037229326,0.005001295,0.9433897,217.3.jpg
0.20651805,0.024973324,0.042668745,0.004083318,0.0015614356,0.002700489,0.20353118,0.40925294,0.00060932065,0.008918478,0.9138966,217.4.jpg
0.7483509,0.08544718,0.0060556964,0.005521766,0.0013602017,0.0010549523,0.8257532,0.7870548,0.00011239978,0.0008823979,0.1252309,218.1.jpg
0.5576257,0.003468089,0.02130701,0.004987158,0.01092396,0.009908163,0.089111075,0.22170876,0.0007985774,0.005101933,0.24037446,218.2.jpg
0.5312579,0.030801335,0.01380221,0.015057523,0.00038984296,0.00093420746,0.41101134,0.2564362,0.0004869602,0.01888277,0.5539473,218.3.jpg
0.83913517,0.39941058,0.010286801,0.017673945,0.000610985,0.007359365,0.71257925,0.7285832,0.00032146196,0.0020303552,0.7047847,218.4.jpg
0.0030424225,0.00070392515,0.012030634,0.0036186152,0.009237188,0.0018749724,0.016079584,0.0095090205,0.00019813394,0.5272128,0.038195297,22.1.jpg
0.00085994595,0.00015166945,0.0017466439,0.002375886,0.037832696,0.00019628444,0.0042564357,0.021428205,9.773936e-05,0.2877675,0.0675882,22.2.jpg
0.0041592503,5.295324e-05,0.00030021567,0.0003141284,0.0004828555,0.0003038131,0.0065727965,0.06060609,7.5681426e-05,0.029258275,0.8571443,22.3.jpg
0.007939278,9.754373e-05,0.0019121624,0.0016006526,0.007434109,0.00012874548,0.006022574,0.117292374,0.0002771338,0.41333178,0.8620324,22.4.jpg
0.047847725,0.007059008,0.22638772,0.18498789,0.0005532285,0.0002677068,0.036894348,0.0864323,0.0017044717,0.05212871,0.7399938,220.1.jpg
0.009687864,0.00044358216,0.16277954,0.028770305,0.0010403012,0.00083400484,0.06671818,0.62930775,0.001539155,0.029225992,0.85513943,220.2.jpg
0.0011282073,0.0012844305,0.03309118,0.01929484,0.0003618811,0.0014398737,0.1824273,0.22633561,0.0007331462,0.035422876,0.9336017,220.3.jpg
0.009054759,0.0037659325,0.40438542,0.24749981,0.016659383,0.0030340308,0.09355854,0.07144858,0.0039013212,0.25439382,0.8323613,220.4.jpg
0.62809044,0.047602244,0.06305633,0.028424554,0.013868667,0.0033249394,0.88063335,0.67984784,0.15046084,0.005478108,0.15787894,221.1.jpg
0.07794783,0.037307583,0.28509724,0.306923,0.021999745,0.0044275476,0.32202616,0.69258064,0.060397834,0.058291502,0.073226504,221.2.jpg
0.8293651,0.67519903,0.13637087,0.26648018,0.037045185,0.006759563,0.43008506,0.15083498,0.063059054,0.0066509694,0.07892874,221.3.jpg
0.035631783,0.011396362,0.120158345,0.03548355,0.0051019527,0.0007304953,0.054850373,0.14771745,0.003197832,0.08672616,0.060352255,221.4.jpg
0.023580765,0.0026829077,0.033542696,0.08205067,0.0030522835,0.003399569,0.031385124,0.09774757,0.0031337303,0.3993276,0.9346188,222.1.jpg
0.0027401312,0.0009990619,0.036093563,0.016093705,0.033978656,0.031737648,0.025955718,0.09932158,0.0020327556,0.8555404,0.8706093,222.2.jpg
0.0013874882,0.00011619767,0.00082770165,0.015832331,0.0002228917,7.8332945e-05,0.001630247,0.0054976447,3.09352e-05,0.70144117,0.76952785,222.3.jpg
0.0059954287,0.00014695385,0.0015287327,0.010577104,0.023568828,0.0007713194,0.013478385,0.06575548,0.00012532114,0.695893,0.6216384,222.4.jpg
0.5114483,0.2264492,0.20829275,0.13415565,0.001732354,0.020558981,0.39625624,0.72477406,0.003273284,0.04644836,0.98385596,223.1.jpg
0.38699585,0.059439715,0.20952052,0.08348491,0.0036192257,0.022872766,0.12833534,0.72475415,0.0013550821,0.015412036,0.9897798,223.2.jpg
0.9942999,0.10287822,0.0072470796,0.0001487942,2.7012544e-07,0.07070887,0.40352866,0.005654538,1.393755e-05,1.9572753e-05,0.96975815,223.3.jpg
0.9666833,0.10277827,0.025749061,7.181368e-05,3.6142849e-06,0.40594855,0.3356305,0.0094067715,3.7146267e-05,0.0002507269,0.97259325,223.4.jpg
0.0011049196,0.0003410597,0.00866775,0.17381267,0.00038368406,8.097018e-06,0.0003452435,0.021279514,0.0017966502,0.017164035,0.08171723,224.1.jpg
0.00072063337,0.000127538,0.0041642366,0.003810459,0.0001942452,4.3318682e-06,0.0010015224,0.102428265,0.00013196898,0.0010533801,0.0057605226,224.2.jpg
0.011436961,0.00058855827,0.0020429932,0.012200068,7.029736e-05,5.803701e-05,0.0026416187,0.009044368,0.0002603063,0.014904733,0.014910929,224.3.jpg
0.0028690377,6.153466e-05,0.0022589313,0.008418974,4.4852477e-05,8.3095465e-06,0.005841434,0.02850694,0.0005253532,0.004276596,0.0033793864,224.4.jpg
0.035212085,0.009630873,0.02693386,0.019796768,0.06880296,0.009360611,0.27976176,0.62668824,0.024341326,0.69333845,0.32870856,225.1.jpg
0.04678056,0.0028215835,0.014055589,0.012524092,0.09049601,0.049963854,0.19192365,0.4806541,0.012409215,0.6777276,0.8509234,225.2.jpg
0.4414425,0.33662373,0.004637127,0.0006236139,0.38390505,0.92298275,0.5744733,0.10952371,0.08193691,0.2986897,0.30825064,225.3.jpg
0.37073332,0.22833796,0.024747116,0.00801798,0.6000083,0.69849193,0.61796945,0.19679758,0.06170221,0.44587573,0.35208848,225.4.jpg
0.03085532,0.0008277549,0.0069911815,0.0006078899,9.459909e-05,0.0002586781,0.1418832,0.5221652,3.599561e-05,0.005767952,0.9909155,226.1.jpg
0.00079078967,0.00013879499,0.0094404835,0.007898211,0.0024723455,0.00030983027,0.14030984,0.515761,5.351623e-05,0.043881115,0.967996,226.2.jpg
0.66145587,0.049643055,0.07283236,0.027497092,0.0028095664,0.013997183,0.39153293,0.3534555,0.0028299545,0.12672089,0.8357548,226.3.jpg
0.0025587599,5.8842175e-05,0.021124715,0.00459483,3.4610548e-05,3.422042e-05,0.017381333,0.4289772,2.0603411e-05,0.01000457,0.92410964,226.4.jpg
0.04925351,0.0008948467,0.03314514,0.009738863,0.0005652466,0.0034393766,0.65713346,0.5407333,0.0026360655,0.0063023907,0.94908655,227.1.jpg
0.0007436707,0.00016541521,0.09250632,0.06692298,0.016856983,0.00047758815,0.02761365,0.4407024,0.0012342104,0.49054155,0.9208904,227.2.jpg
0.027771942,0.0008360457,0.10560956,0.0756577,0.0026163291,0.005410047,0.29847294,0.3300001,0.010745113,0.0087984335,0.73824805,227.3.jpg
0.006323664,0.005750159,0.24546832,0.11105486,0.05153067,0.0076489467,0.07774876,0.3672589,0.02559008,0.32279146,0.8666817,227.4.jpg
0.34814435,0.014085807,0.06866372,0.006126859,0.00016057276,2.9464305e-05,0.27670756,0.22326487,6.1278115e-05,0.00018880195,0.032215226,228.1.jpg
0.047023147,0.01050265,0.25683412,0.09653656,0.012946745,0.00041112906,0.21880347,0.20876661,0.0031773427,0.03330494,0.091677055,228.2.jpg
0.48178068,0.0042604553,0.1144864,0.0135113625,0.0007821994,0.0024555835,0.68784595,0.09092759,0.002228906,0.0052987197,0.33290955,228.3.jpg
0.008384742,0.00065888267,0.005984592,0.0037202411,5.474024e-05,0.0001280315,0.06971123,0.034615684,0.0011236009,0.00833484,0.20253892,228.4.jpg
8.024541e-05,1.6462891e-05,8.890322e-05,0.0041154562,0.0001588413,6.5045588e-06,0.0016286629,0.0033460048,3.5496316e-06,0.48548073,0.11658765,229.1.jpg
0.00043496458,0.00031502187,0.00050301204,0.002309373,0.0027197485,0.00017011959,0.000834926,0.009736932,7.7752535e-05,0.86789125,0.06556055,229.2.jpg
2.6135527e-05,2.7633854e-07,0.00017908138,0.0020195663,2.8794826e-05,1.4817355e-05,0.0036757435,0.005540419,4.0395603e-06,0.051035684,0.83637786,229.3.jpg
0.00026805213,1.5908612e-06,8.2081424e-05,3.225047e-05,0.0007005412,1.272884e-05,0.00065523,0.0037147172,5.106964e-06,0.04421134,0.085595794,229.4.jpg
0.3675181,0.10881665,0.18562189,0.07646149,0.032287095,0.015165259,0.4955332,0.670539,0.005797379,0.016411344,0.87605387,23.1.jpg
0.001450206,0.0018813388,0.28874725,0.0320622,0.18965884,0.0010632809,0.08821616,0.28420663,0.018916365,0.061998095,0.5069461,23.2.jpg
0.3611595,0.19355819,0.078123964,0.008727475,0.011265744,0.002172891,0.03875009,0.46102694,0.0030609467,0.0057879463,0.2596628,23.3.jpg
0.0005522738,0.00015242072,0.13638826,0.0024760067,0.0045478144,8.1852864e-05,0.016774153,0.11612913,0.00086587534,0.014995585,0.5367771,23.4.jpg
0.010623884,0.0019137493,0.10705617,0.013492468,0.020879619,0.005806654,0.19777048,0.34906155,0.0007208112,0.012993514,0.12379993,230.1.jpg
0.00013629667,3.0063737e-07,0.00021299007,0.00053770596,0.00041451305,1.231342e-05,0.02323014,0.34161237,8.724485e-06,0.045042895,0.94733715,230.2.jpg
0.02055383,0.0004874144,0.009225565,0.0013234729,0.017701607,0.0999742,0.07666306,0.025382528,0.0019079918,0.83477384,0.9443688,230.3.jpg
0.029970512,0.007425201,0.07920417,0.009057049,0.004059135,0.030587893,0.2558881,0.17413494,0.00083968794,0.6377683,0.9620386,230.4.jpg
0.03788019,0.0040571135,0.00883072,0.0067606573,0.0045105377,0.3954843,0.31826392,0.11698793,0.008903191,0.7799579,0.9625827,232.1.jpg
0.034435205,0.008711062,0.0073290197,0.0026625127,0.0031731622,0.21969192,0.20524211,0.12710923,0.00044222336,0.73950523,0.87924194,232.2.jpg
0.10223615,0.11318569,0.107378595,0.05824829,0.17472556,0.9132859,0.49576557,0.13347301,0.38195872,0.9659678,0.5672343,232.3.jpg
0.09048471,0.06933532,0.021486524,0.029492091,0.037200086,0.6857799,0.48302737,0.17231685,0.21694489,0.84906745,0.50868547,232.4.jpg
0.0007036542,0.00036808418,0.0011709433,0.0031728502,0.0016003684,9.7384895e-05,0.0035729052,0.016864754,9.634741e-05,0.65341306,0.11085099,233.1.jpg
0.004023405,0.00088641787,0.020029983,0.0068569263,0.0048346743,0.0037891206,0.03282987,0.019562287,0.000996281,0.7202423,0.10983201,233.2.jpg
0.021127213,0.00014554927,0.002556756,0.0011458943,0.001264228,0.0006906639,0.009055409,0.015019192,0.0006287121,0.17283578,0.06308236,233.3.jpg
0.0014962492,5.041727e-05,0.00017969923,0.00020045295,0.0036774657,0.0014587033,0.0033983395,0.014613156,6.301034e-05,0.6356301,0.04615012,233.4.jpg
0.85288334,0.50269645,0.018089715,0.08802016,0.0010180445,0.0018222359,0.054471094,0.7374981,0.0006301272,0.0025829242,0.4399264,234.1.jpg
0.06819441,0.012370542,0.005529052,0.044305507,0.0025378258,0.0005008574,0.010017731,0.6925616,0.00037358882,0.07554572,0.7658746,234.2.jpg
0.9244984,0.46384168,0.04369912,0.016310714,0.02724406,0.02272637,0.58763266,0.88497627,0.023675486,0.008326166,0.27805752,234.3.jpg
0.68945086,0.22111213,0.024984345,0.027339337,0.024497215,0.0027560715,0.20419528,0.9751908,0.0051915473,0.0014269195,0.13448502,234.4.jpg
0.25860426,0.10956507,0.01927021,0.004173747,0.0027733804,0.0034153925,0.025785796,0.14809261,0.0010143874,0.028367143,0.98009163,235.1.jpg
0.71656424,0.4114019,0.08362786,0.017579436,0.031065177,0.010936068,0.1671087,0.23568434,0.011441707,0.054968655,0.8930401,235.2.jpg
0.008042347,0.00030668575,0.0023548387,0.0013269995,0.00338949,7.237551e-05,0.18725307,0.33415797,7.795469e-06,0.0031093957,0.993986,235.3.jpg
0.025134241,0.0018004176,0.08388579,0.006467928,0.009507834,0.000739844,0.12157623,0.28219098,0.00056418194,0.008930157,0.979314,235.4.jpg
0.013816282,0.0009978034,0.15879332,0.018791942,0.0016997438,7.441587e-05,0.016539892,0.7476287,0.0002856353,0.0020561481,0.78970623,236.1.jpg
0.010355272,0.003652608,0.20234095,0.1431034,0.019674197,0.00038841923,0.032923535,0.8499347,0.003957835,0.0933588,0.78962594,236.2.jpg
0.02771172,0.003997984,0.35733166,0.19382599,0.0067475773,0.00030940727,0.03472688,0.45337564,0.004050081,0.038068708,0.36679694,236.3.jpg
0.033688173,0.011308022,0.15286924,0.2254576,0.025875326,0.0025933292,0.044003893,0.44395763,0.0127838375,0.07550355,0.78355783,236.4.jpg
0.9994211,0.9845797,0.052804243,0.0014040698,5.770286e-05,0.002616175,0.031033557,0.007672792,0.0002420486,0.00085729634,0.44743553,237.1.jpg
0.8438295,0.1434351,0.42244998,0.017593466,0.012149235,0.1995455,0.18854943,0.16351394,0.08299086,0.10815222,0.6035441,237.2.jpg
0.99976593,0.9955304,0.0033004312,0.0013141249,6.398032e-06,0.0022227627,0.34939587,0.009464339,4.0855874e-05,1.5967777e-05,0.4864572,237.3.jpg
0.99834824,0.98352516,0.01486159,0.0019833078,0.00019931268,0.020656014,0.13009204,0.10758778,0.00077099964,2.3768735e-05,0.6531089,237.4.jpg
0.108395085,0.0014200724,0.0019509031,0.0010454586,0.0003579405,0.0015857522,0.042634957,0.036106788,0.00017271953,0.49575758,0.9550326,238.1.jpg
0.0022702029,8.094486e-05,0.009795399,0.0027060155,0.010107076,0.0024069222,0.052271202,0.027768344,0.00018037441,0.7504899,0.8928277,238.2.jpg
0.15002854,0.027843699,0.047703736,0.005801539,0.0003215058,0.0052283974,0.18383743,0.23846692,0.0008654143,0.03548066,0.8879284,238.3.jpg
0.048737388,0.0059370007,0.24718866,0.0472893,0.022209562,0.045436688,0.5058573,0.21742421,0.0047415504,0.72335863,0.88957614,238.4.jpg
0.21953514,0.0028532909,0.023315394,0.008660518,0.0005500357,0.0051931064,0.4135901,0.24140722,0.00059538323,0.02993976,0.9441572,239.1.jpg
0.10109064,0.0071118097,0.12931602,0.07478355,0.004300715,0.029840158,0.20720336,0.3452586,0.007647134,0.2073188,0.8650154,239.2.jpg
0.39576238,0.07546001,0.6301171,0.4754584,0.030462744,0.039043628,0.17950696,0.16553432,0.02599473,0.07739477,0.45505863,239.3.jpg
0.027849672,0.0009783608,0.022476532,0.046082184,0.0016378539,0.0005661635,0.02288025,0.045265496,0.0019681812,0.13948984,0.51475316,239.4.jpg
0.0069862576,5.6502133e-05,0.0014174316,0.00047256716,0.013956038,0.00094851374,0.038027808,0.27425113,0.026397636,0.0012156073,0.4317317,24.1.jpg
0.15323763,0.010528619,0.12389128,0.057169415,0.41032904,0.023619162,0.34792426,0.52672875,0.143637,0.2232452,0.76379263,24.2.jpg
0.0033714047,0.00017585,0.014996079,0.0068507823,0.00013946109,0.00029595118,0.006429193,0.06127592,0.0026207976,0.04309592,0.35153055,24.3.jpg
0.004260255,0.00015134252,0.08482416,0.0070400354,0.0015819406,0.00097086816,0.010909868,0.21551855,0.0037280826,0.086040094,0.8340263,24.4.jpg
0.073779024,0.0041808323,0.048119575,0.061513897,0.017448712,0.011268623,0.71254915,0.553307,0.0026487391,0.013583268,0.970573,240.1.jpg
0.09113747,0.01109034,0.47670692,0.1262123,0.066209175,0.03905393,0.5961475,0.56247395,0.04202711,0.080585875,0.94137186,240.2.jpg
0.007166072,0.0012703593,0.003816127,0.001353745,0.00024366948,0.00010868155,0.016119292,0.29481152,3.8840182e-05,0.01786144,0.9603992,240.3.jpg
0.010016554,0.0006847486,0.02162242,0.02192186,0.0015796603,0.00021318553,0.0378155,0.16108386,0.0013380348,0.07787004,0.92253053,240.4.jpg
0.8309942,0.49839014,0.010501545,0.015138349,0.00020940135,0.0009784345,0.10113976,0.036926188,0.00012337223,0.0012950248,0.38139704,241.1.jpg
0.010540792,0.0016619026,0.078243695,0.015353384,0.00034905822,7.901287e-05,0.020911759,0.21044941,2.33321e-05,0.0022538442,0.36741987,241.2.jpg
0.854067,0.9823614,0.004952594,0.029026078,0.00022607733,0.0037462339,0.02916148,0.049461238,0.0001136216,0.0027214834,0.67725074,241.3.jpg
0.049282108,0.06508881,0.010730996,0.02625009,0.00016550231,0.0011589179,0.025156936,0.0649366,7.443334e-05,0.0069329333,0.7106907,241.4.jpg
0.9052216,0.8577368,0.0033484101,0.004531674,0.00021758342,0.003121581,0.042436995,0.037113573,1.8974211e-05,0.00792385,0.97294587,242.1.jpg
0.050084405,0.009000638,0.004373642,0.040317744,0.0006399064,0.0016811625,0.051217347,0.30168703,2.531333e-05,0.22069551,0.9977253,242.2.jpg
0.51831216,0.58292794,0.015502805,0.0061864224,0.0007894871,0.0040323744,0.22290507,0.04416452,0.000245066,0.028463626,0.88785946,242.3.jpg
0.20173232,0.2475037,0.049751837,0.027598402,0.0011646498,0.012991011,0.045904715,0.13544336,0.00015220462,0.30470094,0.9656792,242.4.jpg
0.45352706,0.0141874775,0.008026161,0.0048027826,0.0014321274,0.014382086,0.14307866,0.15404892,0.00066833606,0.066487946,0.963918,243.1.jpg
0.0059553273,5.190156e-05,0.002291315,0.011321047,0.0004195789,0.00043983533,0.01473049,0.100103244,0.00047540184,0.17739977,0.9890905,243.2.jpg
0.10628737,0.004211059,0.02090137,0.020998998,0.0028727152,0.0018244714,0.032194167,0.050585736,0.0006101426,0.5495358,0.9014496,243.3.jpg
0.046901412,0.0015457976,0.010122472,0.0033594908,6.379062e-05,0.0006019802,0.11537354,0.04123913,0.00043013517,0.050353874,0.8550739,243.4.jpg
0.19483903,0.00425492,0.0009882532,4.5263685e-05,4.396847e-05,7.686449e-05,0.016370606,0.30802956,7.628947e-06,0.002294127,0.959607,244.1.jpg
0.20956472,0.0667809,0.13632303,0.020466179,0.01099365,0.01187053,0.383967,0.64921683,0.00079424743,0.052124325,0.91067857,244.2.jpg
0.42855838,0.04763265,0.0126748625,0.000423521,0.00014738805,0.0008151621,0.06701741,0.1340985,0.0001453145,0.0026029302,0.34891695,244.3.jpg
0.3046136,0.0576061,0.08819413,0.0058685895,0.007234243,0.0039165197,0.2930219,0.8650304,0.00055409374,0.0074607106,0.54126966,244.4.jpg
0.053490333,0.0015561945,0.08524826,0.005654064,0.12276608,0.41938353,0.56285805,0.115816094,0.013249628,0.7349235,0.6876187,245.1.jpg
0.009209953,0.001168222,0.037926145,0.030139834,0.046362568,0.09780042,0.5084513,0.15655312,0.00067449064,0.8668078,0.973083,245.2.jpg
0.2309354,0.001805407,0.013735168,0.0005975546,0.0018178369,0.2783954,0.1341544,0.08234999,0.00040101574,0.084558986,0.8525176,245.3.jpg
0.17463118,0.0066442024,0.0057781967,0.0019321074,0.001754409,0.22048867,0.28408128,0.11395291,0.00022856204,0.066000745,0.8710849,245.4.jpg
0.64178425,0.10617255,0.039784603,0.014180876,0.00038965774,0.0063822526,0.46292314,0.37349275,0.0073990137,0.013989064,0.8745077,246.1.jpg
0.120011404,0.018401569,0.5002797,0.01764395,0.0019329193,0.008019987,0.24926047,0.52954155,0.0011383693,0.0130226035,0.84973294,246.2.jpg
0.021635598,0.0012529816,0.0013250497,0.0057188338,4.8248374e-05,4.2655643e-05,0.034000013,0.08231613,5.477414e-06,0.0034082183,0.5568918,246.3.jpg
0.6636931,0.08974188,0.16295609,0.0012512584,0.0030166511,0.024436573,0.18310973,0.6497576,0.00096963637,0.013260385,0.43201107,246.4.jpg
0.0013396727,7.297535e-06,0.06672349,0.01964933,0.001211932,0.004271963,0.15891182,0.04218591,0.0006239444,0.1266835,0.93780905,247.1.jpg
0.05431996,0.0131452065,0.22919048,0.08680385,0.025549415,0.029164834,0.19246544,0.29103994,0.00538215,0.8333283,0.97468126,247.2.jpg
0.10310326,0.001368089,0.030463286,0.009041624,0.0005997722,0.028172595,0.23761173,0.09850338,0.0001838545,0.10468567,0.98449546,247.3.jpg
0.0017160273,0.000146481,0.15270972,0.06615612,0.002621638,0.002011281,0.05535166,0.07738655,5.2548592e-05,0.13411166,0.99487644,247.4.jpg
0.8478572,0.3211573,0.058891043,0.02256561,0.005711412,0.03774382,0.37508422,0.48540518,0.011378379,0.038188607,0.8818036,248.1.jpg
0.25258225,0.014779677,0.100758925,0.030456174,0.0045952247,0.024093037,0.07332854,0.10063225,0.00071102264,0.1294056,0.96490735,248.2.jpg
0.95058775,0.6386637,0.03308427,0.04962948,0.00090430846,0.016067728,0.25347197,0.063531086,0.00041643056,0.0107023725,0.9599297,248.3.jpg
0.25516483,0.015683489,0.062183008,0.038737517,0.010339164,0.057314582,0.13128103,0.5879264,0.0038431936,0.084538564,0.98840415,248.4.jpg
0.22305277,0.0006591125,0.38359714,2.0813297e-05,3.407154e-08,0.00017329362,0.0090534715,0.0021288474,7.258683e-08,6.281294e-06,0.20645528,249.1.jpg
0.50510216,0.11422409,0.8010771,3.5626814e-05,4.718858e-07,0.0026588228,0.009459991,0.009181479,7.759186e-08,0.00018187602,0.7166579,249.2.jpg
0.08324038,0.009444543,0.24742523,0.026980938,0.0015841753,0.15415007,0.49646923,0.444053,0.0013580738,0.014288896,0.8935083,249.3.jpg
0.0041991263,0.00060135516,0.42777553,0.018244928,0.017840475,0.0031018294,0.2819404,0.44645184,0.000697792,0.0147733465,0.78379154,249.4.jpg
0.18562189,0.039855488,0.005419068,0.004073479,0.0001811032,0.0015716644,0.053441178,0.10558601,0.00029627726,0.010970659,0.8673063,25.1.jpg
0.015128761,0.0031539013,0.017383588,0.0016661857,0.00019115058,0.00018145148,0.047915295,0.15616558,1.9755065e-05,0.0017055228,0.25867388,25.2.jpg
0.022108044,0.0026641658,0.63449186,0.10255674,0.068262935,0.0030574808,0.09080674,0.05655873,0.011567469,0.12691781,0.23354886,25.3.jpg
0.0026142374,0.0013665506,0.14702207,0.12097019,0.0034316746,0.0020132083,0.019616714,0.0536411,0.0010980279,0.071556136,0.6987942,25.4.jpg
0.0053145485,8.307361e-05,0.0032134375,0.0022932866,3.8196096e-05,4.7103164e-05,0.009420912,0.463898,3.7410182e-06,0.0037039716,0.6711103,250.1.jpg
0.03623569,0.0025749565,0.017682863,0.0042755078,0.0008290352,0.0014378785,0.2080998,0.5805058,0.0009049467,0.011308268,0.6145312,250.2.jpg
0.0062509617,0.00028827673,0.005485834,0.00821468,0.00021292266,0.00013389514,0.0040294128,0.060320232,2.5891171e-05,0.196519,0.904639,250.3.jpg
0.00017274392,6.130257e-06,0.0015073854,0.0002621461,0.0022202767,0.0001672011,0.0010236781,0.057386205,1.771289e-05,0.7143001,0.8133436,250.4.jpg
0.021787854,0.0017539121,0.010804277,0.0017649218,0.000613643,0.00022767462,0.14845136,0.38343632,0.0008301432,0.0056037754,0.2205384,251.1.jpg
0.014141355,0.0021921322,0.030111684,0.0914491,0.0035549407,0.00072957494,0.19232221,0.22183916,0.015236111,0.016996013,0.08191073,251.2.jpg
0.66944313,0.16791248,0.017256916,0.011019514,0.0016624652,0.0013359135,0.05710351,0.08923601,0.0020625913,0.05909043,0.10997953,251.3.jpg
0.04602221,0.0011874337,0.012708946,0.008636462,0.0063230083,0.0002836015,0.024900133,0.15385504,0.00056665123,0.49580535,0.20314607,251.4.jpg
0.44008282,0.054539643,0.07785174,0.040469527,0.05422896,0.053962618,0.8549766,0.85800505,0.07000587,0.029398954,0.93576705,252.1.jpg
0.04683807,0.0064167925,0.59778005,0.036145285,0.14740562,0.01730158,0.4562715,0.5750452,0.03508259,0.04009744,0.5433742,252.2.jpg
0.08625011,0.003070968,0.26286682,0.02764188,0.0063818567,0.01148801,0.54287624,0.45559168,0.0019442248,0.083920464,0.9133984,252.3.jpg
0.021214614,0.0026550726,0.3203059,0.009151306,0.007615798,0.011723821,0.30606505,0.27808475,0.01345411,0.04599315,0.8731013,252.4.jpg
0.6466035,0.42745772,0.84166473,0.21124724,0.0718037,0.12805374,0.5911216,0.66538393,0.012288574,0.02360547,0.88193727,253.1.jpg
0.009934773,0.008133748,0.3835406,0.07214504,0.015064079,0.008809839,0.3685822,0.25506184,0.002516955,0.3793238,0.9782356,253.2.jpg
0.93504757,0.91269904,0.16485842,0.035203986,0.010538494,0.0072251735,0.057146206,0.26157776,0.0023412425,0.0059207436,0.6816143,253.3.jpg
0.25943947,0.050862677,0.060782004,0.013626988,0.09518441,0.0031626793,0.2611177,0.8823716,0.0015646883,0.0033131265,0.39250472,253.4.jpg
0.504884,0.056510266,0.023330247,0.005268231,0.0028508243,0.0026420057,0.52876896,0.3108405,0.00083839585,0.04400267,0.9048753,254.1.jpg
0.0009923801,8.029248e-05,0.022960367,0.0061620236,0.0011505377,0.0002792812,0.053464532,0.28682497,0.00044365213,0.008828892,0.82401747,254.2.jpg
0.13970374,0.009865504,0.021218585,0.021561911,0.0025717805,0.00041313114,0.18767034,0.11881571,0.008381182,0.03110915,0.2544492,254.3.jpg
0.59124166,0.06588463,0.2208161,0.07239432,0.0015054281,0.0002892869,0.11166135,0.20235682,0.008558913,0.0015944404,0.600885,254.4.jpg
0.06464636,0.007887793,0.010711414,0.006372172,0.0014069183,0.0088383695,0.16918167,0.35719895,0.00018270392,0.016612595,0.9974136,255.1.jpg
0.049053557,0.0053955647,0.24213259,0.012716696,0.001841473,0.0017902837,0.077705346,0.513197,0.00019826698,0.012473631,0.9741692,255.2.jpg
0.0066474825,7.38816e-05,0.00017523306,7.0329275e-05,7.3835855e-07,3.7028753e-06,0.0011918743,0.25333127,1.4532167e-06,0.00018360556,0.9072113,255.3.jpg
0.01551966,0.016015925,0.22321683,0.01800276,0.017217126,0.011144992,0.28893852,0.6791143,0.0014154784,0.026945673,0.765785,255.4.jpg
0.33508384,0.15087427,0.13611539,0.0142240375,0.0052821203,0.03054793,0.0738537,0.074473746,0.0028320854,0.7054777,0.42342883,256.1.jpg
0.043046337,0.00079635077,0.0004248647,0.0004868523,0.006144137,8.8883724e-05,0.02139213,0.07527537,9.3165465e-05,0.74454,0.25443494,256.2.jpg
0.70111203,0.6806109,0.04921163,0.026280712,0.007815216,0.03507553,0.2835914,0.16418728,0.0017622546,0.22116008,0.39449638,256.3.jpg
0.27222654,0.118432954,0.2084192,0.020984137,0.0059160357,0.02053009,0.08690483,0.103058234,0.0014527239,0.3643931,0.64300376,256.4.jpg
0.15060721,0.01681769,0.004426259,0.020607285,0.00028265858,0.0012981527,0.079132445,0.1451168,0.000108373366,0.04966149,0.97194695,257.1.jpg
0.0005645709,9.6024916e-05,0.00067042495,0.046791494,8.8594235e-05,5.6726126e-06,0.0002533268,0.018730626,1.3188229e-05,0.021689689,0.6046242,257.2.jpg
0.9329969,0.6857724,0.03433204,0.01955712,0.013044852,0.27692083,0.17548114,0.16855045,0.0064246715,0.061881203,0.9108606,257.3.jpg
0.04451811,0.004283822,0.03167183,0.03398739,0.024003217,0.0697517,0.105979316,0.13297611,0.0011998814,0.8592134,0.9613457,257.4.jpg
0.5435823,0.10003506,0.12588534,0.03393438,0.015469558,0.01613746,0.45128465,0.594683,0.0051143453,0.22296941,0.9870841,258.1.jpg
0.07444274,0.0060592047,0.2873713,0.018790958,0.004895528,0.0034074278,0.086697966,0.83662367,0.00078115537,0.012725942,0.97424275,258.2.jpg
0.42124638,0.15101048,0.26544738,0.26128364,0.049693335,0.011257976,0.14766629,0.91451514,0.0310702,0.2104423,0.9231935,258.3.jpg
0.027195996,0.013627276,0.61926854,0.25044942,0.011158383,0.0020571942,0.03585511,0.2790939,0.0043439656,0.6243774,0.64538395,258.4.jpg
0.006128294,0.00021032963,0.034717876,0.0060121897,0.0005113208,1.0521161e-05,0.008538875,0.052777547,0.00014112794,0.014582845,0.45123488,259.1.jpg
0.0028644688,0.00043612774,0.109633096,0.049793456,0.0018731476,0.00011314177,0.013766014,0.06509882,0.0016445873,0.027162723,0.16483676,259.2.jpg
0.050714836,0.005555628,0.4004655,0.32027414,0.0038615912,0.0027858592,0.025329659,0.10307532,0.0050942907,0.36396986,0.73321563,259.3.jpg
3.1280237e-05,4.3719137e-06,0.03350449,0.010830191,0.00019348324,1.98328e-05,0.0031841327,0.015759587,1.8331159e-05,0.009273282,0.6371767,259.4.jpg
0.9820822,0.62577486,0.011165794,0.014931108,0.0075572594,0.027344575,0.219185,0.06353755,0.00392941,0.0152174495,0.95080096,26.1.jpg
0.21972454,0.031618487,0.011531819,0.012893251,0.004395868,0.08233942,0.19418442,0.21751861,0.00095735874,0.26812175,0.99548304,26.2.jpg
0.94442815,0.5488433,0.039819866,0.013381097,0.007966456,0.1271898,0.67701304,0.1535669,0.008925073,0.027222829,0.85950845,26.3.jpg
0.81238157,0.14440314,0.05669051,0.006677997,0.0029714748,0.006123457,0.22339787,0.42102203,0.0007974777,0.013766027,0.7401556,26.4.jpg
0.22545275,0.005496946,0.004989641,0.007265065,0.00023436855,0.011491904,0.39823702,0.25638777,0.0012618954,0.0039066137,0.98999095,260.1.jpg
0.99856514,0.9911835,0.035779864,0.009283907,0.006075463,0.0026330284,0.040208247,0.3616747,0.0014809226,0.00018951474,0.17578484,260.2.jpg
0.5847786,0.06333709,0.005345355,0.045193486,0.0024861016,0.0040288754,0.375074,0.27331227,0.0020606706,0.04796521,0.94726676,260.3.jpg
0.107000835,0.03675393,0.06824087,0.11944539,0.013121815,0.01027991,0.06353924,0.30789176,0.003050244,0.12635991,0.99085605,260.4.jpg
0.55887204,0.11298105,0.09071656,0.24410608,0.004271959,0.004350764,0.15868776,0.5554282,0.0035739308,0.032128792,0.84229195,261.1.jpg
0.05878318,0.015027214,0.19498505,0.047346633,0.006318133,0.020270959,0.30260932,0.34629977,0.0011312012,0.15460847,0.96706134,261.2.jpg
0.50029683,0.53175944,0.07198209,0.15541951,0.0020218089,0.005001176,0.10397479,0.3227199,0.0003613662,0.039091542,0.71971035,261.3.jpg
0.07130307,0.0068157935,0.21366288,0.11496949,0.015891546,0.0062494334,0.35470214,0.5628506,0.0014263347,0.012703035,0.83064455,261.4.jpg
0.5408061,0.017982917,0.0052018166,0.00076703983,0.0006515669,0.0030283274,0.5301555,0.71115255,8.090335e-05,0.0009127582,0.9915883,262.1.jpg
0.71001804,0.02275731,0.01383962,0.0021652377,0.0013925259,0.009144118,0.70943683,0.8155599,0.00051759946,0.0002544413,0.9505086,262.2.jpg
0.9785575,0.9402167,0.026836324,0.008640415,0.0014896131,0.0058420184,0.08816949,0.08667777,0.00021100572,0.00044149192,0.9756589,262.3.jpg
0.94284403,0.7203287,0.0132763665,0.0026048732,0.0020138265,0.0070092194,0.11673307,0.2667777,0.000162677,0.00040993618,0.96636623,262.4.jpg
0.00068959646,5.2488493e-05,0.0030758625,0.033762064,1.111867e-05,2.9538278e-06,0.0005557394,0.028434703,1.2137221e-05,0.030873464,0.9713419,263.1.jpg
0.0011956749,0.00016667756,0.10262749,0.098178126,0.009938755,0.0001582754,0.0076469956,0.03935877,0.0006668717,0.4508138,0.8667772,263.2.jpg
0.0011638951,0.00026242988,0.041328467,0.015294227,1.863514e-05,3.191192e-05,0.045519136,0.014254873,4.8452723e-05,0.014769517,0.2490306,263.3.jpg
0.017089251,0.001975711,0.072191305,0.09929333,0.0049484344,0.0014400609,0.06772038,0.18003331,0.0015003205,0.28658023,0.68131447,263.4.jpg
0.08737352,0.0047339867,0.032424722,0.021060409,0.0028935112,0.015647916,0.49435195,0.19636838,0.0021841605,0.0146259405,0.9283354,264.1.jpg
0.5773281,0.034657363,0.07632454,0.02448467,0.0024199155,0.027755758,0.4751119,0.3837934,0.0034569763,0.08151006,0.9622865,264.2.jpg
0.068484634,0.0004898354,0.020493647,0.01687983,0.0009684906,0.018055407,0.4540874,0.14799528,0.0012182577,0.083399594,0.88912404,264.3.jpg
0.29498738,0.011281492,0.017307635,0.03619023,0.0054236855,0.03272334,0.25280264,0.063428774,0.010577474,0.058068648,0.40072787,264.4.jpg
0.00012225173,2.549131e-05,0.0009186026,0.0029129968,5.9960385e-05,2.421451e-05,0.012117173,0.01956949,8.899538e-06,0.045683138,0.98479235,265.1.jpg
0.0032923957,0.00045177122,0.015733322,0.041755147,0.001272987,0.002252205,0.009367581,0.164087,0.00016380734,0.14286767,0.9982186,265.2.jpg
0.15040365,0.06037802,0.0084431665,0.09141089,0.0028268946,0.001142253,0.012797403,0.23274155,8.856696e-05,0.012960562,0.8911534,265.3.jpg
0.049373556,0.018042084,0.04667962,0.22485565,0.017472748,0.01372261,0.06951029,0.15969938,0.003995059,0.23489837,0.87285584,265.4.jpg
0.007958403,0.00015076883,0.0012580138,0.1150427,3.6209723e-05,6.813209e-05,0.014881821,0.05694164,2.4517278e-05,0.20352325,0.9544583,266.1.jpg
0.05988095,0.0032304295,0.009463539,0.039620936,0.0024142473,0.03226468,0.046889804,0.1765422,0.005142074,0.66543925,0.98769903,266.2.jpg
0.040715937,0.0023026897,0.025911631,0.027867435,0.0031434502,0.011225035,0.24370673,0.057227023,0.0059868535,0.37445414,0.93021053,266.3.jpg
0.17828207,0.0028969457,0.026927054,0.009899919,0.03352572,0.08331502,0.103510045,0.08866937,0.043628976,0.3827102,0.8451743,266.4.jpg
0.021499643,0.000573395,0.05025272,0.010168731,0.003329938,0.005272673,0.06687266,0.08421598,0.0012597187,0.31049803,0.88313305,267.1.jpg
0.008984095,0.00030444897,0.0046867426,0.0020020495,0.017678183,0.0030591777,0.10371493,0.123539165,0.000778623,0.23890342,0.44023836,267.2.jpg
0.0126335295,0.0015485759,0.042030472,0.102092646,0.0093352785,0.028490575,0.1245445,0.30939737,0.0010584258,0.19809017,0.9624834,267.3.jpg
0.016705856,0.00036207764,0.035618808,0.024067767,0.010310388,0.030548798,0.06352351,0.07222405,0.0045358776,0.23409963,0.9032491,267.4.jpg
0.1424598,0.1044966,0.13687825,0.06299606,0.012349342,0.002942751,0.1543926,0.98194355,0.0011667062,0.00532428,0.97710574,268.1.jpg
0.107782535,0.067224786,0.30201432,0.08283662,0.013154669,0.009227435,0.10599492,0.72919077,0.003878065,0.0709246,0.973665,268.2.jpg
0.7151354,0.81390303,0.13523027,0.03901489,0.004523304,0.013663941,0.042759,0.67885226,0.0031596934,0.019240363,0.90437704,268.3.jpg
0.05600476,0.015574755,0.22270416,0.03268789,0.040927544,0.002193625,0.023894822,0.8834686,0.00256773,0.0039280234,0.9186227,268.4.jpg
0.9958264,0.9546799,0.27520525,0.022362206,0.0017707782,0.029551754,0.44183877,0.08117533,0.00036830845,0.00041090162,0.8053923,269.1.jpg
0.8592481,0.41332647,0.6035793,0.12519783,0.021959139,0.09381941,0.77450114,0.16046545,0.019340228,0.019045837,0.79454917,269.2.jpg
0.99097365,0.9818594,0.031583812,0.055555195,0.039821774,0.024095077,0.46497983,0.28915712,0.0034770607,0.00071352365,0.4690406,269.3.jpg
0.78153497,0.7479854,0.14124328,0.26717478,0.08097295,0.013509062,0.40191802,0.3955433,0.017433792,0.0040237564,0.49482885,269.4.jpg
0.016114142,0.0036653678,0.023707014,0.013379517,0.006218074,0.0035966379,0.1924089,0.39415,0.004038359,0.5953688,0.63484067,27.1.jpg
0.025602369,0.0018966792,0.013107255,0.044989556,0.0076106405,0.013433859,0.19885209,0.17149505,0.0031171709,0.8505689,0.881852,27.2.jpg
0.070011586,0.0006887229,0.0029420601,0.00055844616,0.00028376942,0.00015875317,0.10906728,0.19095568,8.773653e-05,0.030565262,0.2999181,27.3.jpg
0.0011593573,2.8473101e-05,0.00067477766,0.00021431541,0.00045974922,0.0002166343,0.012534588,0.02019228,2.061823e-05,0.03144023,0.2431676,27.4.jpg
0.27699497,0.0012927435,0.0067574303,0.0027507413,0.0019982487,0.008461307,0.24602604,0.2742446,0.0020649838,0.36243713,0.6106242,270.1.jpg
0.0083840955,0.0007761609,0.21110184,0.04175778,0.27462277,0.26739,0.22317383,0.14732467,0.08450657,0.91863304,0.86356246,270.2.jpg
0.18531713,0.0034116893,0.0061006118,0.0009845574,0.0008172403,0.024352772,0.089472845,0.013195287,0.00031827978,0.71984977,0.4044642,270.3.jpg
0.008901467,0.00086275407,0.011734532,0.0027723836,0.03459303,0.05914704,0.235813,0.21428496,0.0013622753,0.94255686,0.6681185,270.4.jpg
0.040931277,0.0022950198,0.007898846,0.013468776,0.00045554014,0.00052449835,0.03650521,0.026241206,0.0006061254,0.09674991,0.37768352,271.1.jpg
0.010158812,0.00038244517,0.027164638,0.017506227,0.017873045,0.0022131137,0.09187565,0.34453985,0.0011967614,0.5290622,0.8193551,271.2.jpg
0.43183944,0.06956489,0.004186315,0.011809385,0.00042024718,0.000101698955,0.011908265,0.33191136,0.00013928115,0.004407748,0.1898138,271.3.jpg
0.016875494,0.0005091213,0.14465831,0.053911693,0.06337515,0.0016648808,0.03387552,0.068488896,0.001676631,0.14500023,0.10484977,271.4.jpg
0.6518671,0.051707298,0.23382874,0.0060829227,0.016878437,0.036378395,0.50282633,0.5577075,0.03707752,0.008490641,0.2344964,272.1.jpg
0.12182534,0.00314319,0.39972964,0.008635634,0.011159094,0.01806203,0.17499559,0.6413392,0.0007889475,0.019673852,0.5908446,272.2.jpg
4.4499713e-05,8.9545e-06,0.0010831212,0.0025648824,3.123335e-05,5.4628545e-06,0.0015110831,0.022033304,5.349903e-05,0.0054700836,0.12273011,272.3.jpg
0.0016372429,9.297662e-05,0.012910582,0.0049329125,0.00032111403,8.369046e-05,0.0035285417,0.016396949,0.0006168284,0.138192,0.089966856,272.4.jpg
0.0059229806,0.00013634411,0.0070047635,0.0008445639,0.014291685,0.008329442,0.08271785,0.039045725,0.0010672549,0.37997684,0.20932886,273.1.jpg
0.0041644108,0.00037233124,0.00437155,0.002110723,0.17872512,0.014419465,0.05393529,0.109055564,0.00071980356,0.84132016,0.21669091,273.2.jpg
0.13189685,0.025694808,0.2850382,0.28410935,0.05450619,0.19465591,0.36346605,0.2622101,0.06518016,0.69793683,0.94374937,273.3.jpg
0.054607138,0.0021941878,0.020952582,0.17162538,0.017722482,0.009016384,0.28716105,0.35341588,0.008812954,0.5621562,0.94723797,273.4.jpg
0.97706556,0.7194751,0.051921993,0.051614746,0.012071548,0.07739549,0.783401,0.6381563,0.030683486,0.013497933,0.6928745,274.1.jpg
0.9875063,0.7980242,0.023487011,0.0061293365,0.0008134054,0.0035910695,0.49365428,0.10448194,0.0015627549,0.0021825628,0.1828866,274.2.jpg
0.9947513,0.94795734,0.023661459,0.0017026941,0.0004958388,0.06643812,0.53078777,0.51143026,0.00020366356,0.0003730189,0.80795944,274.3.jpg
0.915539,0.6075425,0.061444703,0.0026460597,4.9582013e-05,0.037073057,0.3755211,0.2711801,8.082746e-05,0.000105974155,0.96590304,274.4.jpg
0.013135987,0.001611293,0.0074905218,0.0022449647,5.100833e-05,2.2516365e-06,0.0030327127,0.1851632,7.3562216e-05,0.007854518,0.48727274,275.1.jpg
0.00042474509,2.2189908e-05,0.032430112,0.0038882531,0.00049382006,1.3946603e-05,0.0026666843,0.18150039,5.1136518e-05,0.0016823113,0.44579545,275.2.jpg
0.2202313,0.007160011,0.008219895,0.009382994,0.020221433,0.01218202,0.43603978,0.29045886,0.009528244,0.14959651,0.17946628,275.3.jpg
0.37906376,0.0774684,0.030871626,0.039468553,0.04029262,0.055897277,0.48407075,0.32382435,0.017122217,0.50090045,0.53789884,275.4.jpg
0.00027997224,6.964063e-06,0.0012590704,0.0016353935,0.0005348037,9.50233e-05,0.0026339116,0.013783069,7.176091e-05,0.32401958,0.2611647,276.1.jpg
0.0011837854,2.697316e-05,0.00087998796,0.0011917005,0.0015049014,0.0004411375,0.0098045515,0.010990922,5.4681605e-05,0.86445785,0.23310296,276.2.jpg
0.0076485486,0.0016016207,0.005101086,0.04152853,0.003456771,0.002170014,0.0052269395,0.006132995,0.00026012468,0.74843436,0.24926823,276.3.jpg
0.0005712501,4.9495517e-05,0.0018019842,0.0016194669,0.0025261778,0.0002476677,0.0029117172,0.0016406492,1.8091716e-05,0.9302771,0.13837284,276.4.jpg
0.43170488,0.01237113,0.043059148,0.0017376314,0.002736372,0.007149044,0.5325152,0.1533542,0.0052509718,0.012058885,0.49336976,277.1.jpg
0.8352377,0.013625084,0.0066657728,0.0011622627,0.0068168426,0.012150237,0.13255952,0.33857787,0.049774688,0.021061465,0.37987277,277.2.jpg
0.8815479,0.062638834,0.026499925,0.0048235287,0.005786215,0.0060639596,0.42639765,0.38215747,0.0023877204,0.006462278,0.2104621,277.3.jpg
0.87292993,0.010657753,0.004207415,0.0011302873,0.0014683197,0.002347315,0.22392638,0.12489653,0.0037765326,0.012603479,0.29930225,277.4.jpg
0.018387744,0.0005448533,0.00645412,0.0004444435,0.0028424084,0.06297739,0.018848833,0.013545345,0.000111795205,0.18478388,0.5551679,278.1.jpg
0.23478056,0.08299304,0.019990262,0.0047221393,0.026649173,0.7292136,0.3897672,0.16024782,0.00303451,0.79232687,0.8732732,278.2.jpg
0.19300385,0.023595829,0.20784238,0.00834827,0.00880667,0.48599273,0.45915297,0.13504401,0.0047164997,0.6574254,0.92260855,278.3.jpg
0.025400048,0.00049251533,0.07527376,0.012644728,0.001727702,0.11039692,0.046404183,0.161942,6.991056e-05,0.013606692,0.84227544,278.4.jpg
0.079135776,0.0020715925,0.09189429,0.007239828,0.0005739185,0.0025825643,0.095789924,0.1143994,0.0002181083,0.0011977941,0.68229836,279.1.jpg
0.06616811,0.0024366688,0.0038635673,0.0023792076,0.0010520793,0.0072362674,0.19117153,0.048751768,0.00023260673,0.0061709685,0.34795675,279.2.jpg
0.27867195,0.020376466,0.08201349,0.019279702,0.0027742602,0.018155761,0.12555347,0.053532243,0.00069039996,0.17026353,0.6736472,279.3.jpg
0.040982112,0.0052250256,0.09390089,0.017200125,0.06097617,0.0146263875,0.030929139,0.094028294,0.0010648156,0.47710675,0.19267681,279.4.jpg
0.70627207,0.6910314,0.029875953,0.14943302,0.0015758451,0.028465485,0.194401,0.20505199,0.00040123367,0.030146439,0.98247486,28.1.jpg
0.050052993,0.008769778,0.033155363,0.027314933,0.01320796,0.03713374,0.21886946,0.2705103,0.001166972,0.51900804,0.9756203,28.2.jpg
0.6954817,0.03556944,0.030086527,0.0017743389,0.00046997718,0.021614099,0.55401987,0.09869587,0.00010242685,0.020252211,0.89774495,28.3.jpg
0.22889583,0.021658566,0.04402616,0.01860314,0.006470564,0.042660978,0.13178243,0.067349024,0.0023625598,0.80933034,0.96510035,28.4.jpg
0.9731293,0.96009684,0.0407086,0.01286155,0.0002976657,0.0315203,0.05954464,0.16227902,0.0022403256,0.0006786049,0.48843002,280.1.jpg
0.13421275,0.004285462,0.012543332,0.0067546405,0.055250045,0.0073175183,0.044153098,0.06217017,0.0085645635,0.69477075,0.54082257,280.2.jpg
0.99998486,0.99803144,0.0014255022,0.00012617644,1.8514667e-05,0.010324029,0.25737423,0.0059784367,0.00018234504,1.3535099e-05,0.46473995,280.3.jpg
0.9510673,0.5641826,0.13431501,0.011682616,0.0031954756,0.058679145,0.4136117,0.31816885,0.002403715,0.008694114,0.71656966,280.4.jpg
0.5690099,0.145322,0.032064207,0.009701406,0.045478296,0.015032882,0.08026579,0.92452765,0.0010982308,0.013036733,0.79672676,281.1.jpg
0.34563747,0.02179352,0.21679409,0.19374013,0.061031893,0.0029498246,0.221979,0.98102957,0.006910416,0.0121270055,0.50522095,281.2.jpg
0.42547184,0.16811398,0.29191145,0.028187694,0.11907446,0.019449849,0.27799124,0.7574839,0.0036467249,0.024162749,0.61657673,281.3.jpg
0.13952428,0.014930097,0.48325104,0.022904664,0.011770408,0.002205473,0.29137915,0.37276635,0.0040799957,0.022034308,0.10437382,281.4.jpg
0.98414224,0.23536824,0.03614212,0.0027649559,0.0007387305,0.05923275,0.62113684,0.119891025,0.003249761,0.0054554855,0.95332134,282.1.jpg
0.06534607,0.0004555595,0.0052038846,0.0021526262,4.003001e-05,0.00031684656,0.040217113,0.060130157,0.0005548793,0.02284696,0.752418,282.2.jpg
0.95139956,0.27274907,0.15769935,0.012705644,0.0012375944,0.5767593,0.8550935,0.2922928,0.019109387,0.02033572,0.93497294,282.3.jpg
0.9919567,0.13519338,0.015449056,0.002043318,0.00016079952,0.034691382,0.25320873,0.110574186,0.0007316299,0.0002978386,0.52163446,282.4.jpg
0.072776854,0.0013399497,0.0572911,0.0032727055,0.04603628,0.5801435,0.29162526,0.39088213,0.0012297455,0.14495853,0.92169714,283.1.jpg
0.005299655,0.0005022872,0.009242229,0.014450697,0.0022899355,0.015708707,0.3667836,0.61975086,0.00013090478,0.49922574,0.9962113,283.2.jpg
0.59210056,0.09475453,0.09536785,0.020501712,0.007847798,0.15070823,0.569557,0.32442203,0.007148682,0.12289897,0.89978814,283.3.jpg
0.052785654,0.012092875,0.13622473,0.0859992,0.013229854,0.12641552,0.2851414,0.44531953,0.0034969419,0.40708673,0.9751438,283.4.jpg
0.020142566,0.00037194134,0.0050089387,0.0014933833,3.7513182e-05,5.1213286e-05,0.11447306,0.3485223,4.1842453e-05,0.0015049666,0.97381693,284.1.jpg
0.092724554,0.031080013,0.12882304,0.06938662,0.08534605,0.010662053,0.23667157,0.34525943,0.011616409,0.20518005,0.9698757,284.2.jpg
0.20244765,0.0032110326,0.01637383,0.020985259,0.0012634221,0.007467433,0.3804855,0.24687503,0.0005458294,0.038047772,0.9750209,284.3.jpg
0.0031478342,0.00037453076,0.043137483,0.08824702,0.006046591,0.003227888,0.13776878,0.11535454,0.00013915,0.024570448,0.99648786,284.4.jpg
0.00984968,0.0016225043,0.032065988,0.03801492,2.720107e-05,0.0005773503,0.05944314,0.114605084,2.179281e-05,0.004509448,0.9825965,285.1.jpg
0.44646227,0.1367478,0.23807676,0.27329576,0.0062131053,0.11929399,0.37522018,0.19063586,0.010826693,0.6292118,0.9946273,285.2.jpg
0.80578333,0.16674607,0.3928922,0.016871627,0.03323901,0.047449045,0.33304456,0.5513145,0.007043557,0.044062406,0.97407055,285.3.jpg
0.04577635,0.002050085,0.33498695,0.0934446,0.0014501882,0.0062028174,0.084495686,0.07559162,0.0016562624,0.35885495,0.9628102,285.4.jpg
0.0060494742,6.0712566e-05,0.00012242999,3.1938132e-05,0.0049407273,0.0011360098,0.028416425,0.010575721,5.8529215e-05,0.637894,0.15376358,286.1.jpg
0.0009777704,1.9761323e-05,0.0016922582,0.00023746268,0.023272157,0.012516788,0.0041229636,0.0024358344,6.818922e-05,0.8018315,0.32527944,286.2.jpg
0.028348485,0.001283948,0.001431828,0.00012961216,0.27144828,0.004289165,0.06161634,0.028269405,0.0009898937,0.26705238,0.07312447,286.3.jpg
0.016485997,0.007706936,0.014278861,0.010962931,0.108979076,0.03881285,0.09179202,0.016457213,0.002479053,0.9697318,0.11131808,286.4.jpg
0.060434427,0.001528542,0.0027779553,0.010443573,0.0002532551,0.002875011,0.014960354,0.04120055,0.00012910174,0.07435613,0.8667264,287.1.jpg
0.056711614,0.0017436882,0.050417867,0.0068412763,0.006503028,0.02755121,0.032577574,0.20006995,0.0026579935,0.21193415,0.86781234,287.2.jpg
0.20237154,0.00065064663,0.0022690422,5.963751e-05,4.5706598e-05,0.021600088,0.16861306,0.13783671,4.889566e-06,5.444194e-05,0.9571341,287.3.jpg
0.0029572588,8.995676e-05,0.024129404,0.0042867484,0.03015344,0.0703428,0.13414066,0.029715208,0.00039167271,0.35841757,0.87017643,287.4.jpg
0.03718351,0.007059014,0.012340569,0.072523676,0.004823574,0.0031345035,0.11252786,0.19530687,0.001062396,0.17743154,0.98566645,288.1.jpg
0.17118485,0.050563205,0.20497799,0.20899089,0.018122213,0.10096128,0.33299676,0.21651696,0.009559598,0.39809173,0.9876016,288.2.jpg
0.5229683,0.8348247,0.0009952338,0.0041757016,7.553427e-05,0.002070208,0.015487941,0.06510821,3.0038282e-06,0.0011036032,0.93467623,288.3.jpg
0.05993522,0.019902974,0.047389116,0.026643766,0.0033647937,0.031335812,0.20777732,0.59813493,3.0836793e-05,0.010766772,0.96494496,288.4.jpg
0.44574657,0.040248338,0.15863906,0.0561619,0.16222301,0.67536986,0.26474217,0.10692059,0.16099553,0.91931784,0.87184423,289.1.jpg
0.010584637,4.4899767e-05,0.020101124,0.0023254603,0.0012130014,0.03237755,0.0077753435,0.033565916,0.0002476762,0.28430626,0.97952074,289.2.jpg
0.010661832,0.00058200484,0.0046040947,0.012885704,0.0026894647,0.016519893,0.065029725,0.06677746,0.0002032552,0.79930884,0.95002085,289.3.jpg
0.014717567,0.0007469556,0.020075502,0.009489114,0.007948267,0.15706675,0.055808254,0.06262348,0.00036260372,0.75363696,0.9510119,289.4.jpg
0.0014639971,2.807277e-05,0.00016869907,0.0045793233,2.190447e-05,4.5713397e-05,0.09955142,0.049645495,8.547445e-05,0.00019660284,0.90027535,29.1.jpg
0.013512419,0.006359933,0.37623063,0.17270193,0.072601594,0.001015374,0.05582187,0.4075161,0.0044955127,0.09889025,0.75667876,29.2.jpg
0.05800199,0.014731458,0.082471915,0.113139145,0.0028426626,0.0022089574,0.11740107,0.64567804,0.0013344054,0.016192295,0.67504907,29.3.jpg
0.026812537,0.004571991,0.27933642,0.20306632,0.02144295,0.00068694545,0.055561632,0.2275762,0.002217553,0.21847983,0.6189646,29.4.jpg
0.16478223,0.014887156,0.068239205,0.030590752,0.0012324789,0.0021347874,0.6667935,0.43049765,0.004994783,0.04788797,0.928361,290.1.jpg
0.034775794,0.0028921333,0.02944894,0.046470948,0.004709796,0.002725956,0.30300173,0.16582097,0.0025500911,0.28698128,0.9470053,290.2.jpg
0.03071033,0.0007227265,0.032614436,0.005561883,0.0003232355,0.00041191207,0.23454183,0.46192703,0.0026854516,0.011817797,0.9372822,290.3.jpg
0.2459565,0.01388021,0.09546132,0.015590979,0.0010708297,0.002658833,0.37971845,0.5261577,0.0048582703,0.07618681,0.89617217,290.4.jpg
0.094406925,0.014961604,0.026094127,0.0104506025,0.00041054704,0.00033948975,0.0078068604,0.10177249,0.0011656043,0.052669093,0.16930507,291.1.jpg
0.026891679,0.00062089856,0.0047087767,0.03040955,0.0035559642,0.0008319181,0.028386956,0.11344847,0.0018140941,0.03297281,0.26920316,291.2.jpg
0.13573943,0.0133731235,0.08891191,0.044173755,0.0027733753,0.013850486,0.17520276,0.025519839,0.018165557,0.3054535,0.14447966,291.3.jpg
0.0014978154,0.00026744328,0.01516073,0.0053789625,6.607344e-05,2.1270072e-05,0.0044235243,0.0553846,0.00022142463,0.007560901,0.16763777,291.4.jpg
0.34587964,0.004083415,0.08020153,0.0015945726,0.00095529674,0.0015428968,0.23685676,0.15818477,0.0009803365,0.0015961243,0.16764416,292.1.jpg
0.022891995,0.0015558655,0.0938872,0.006755674,0.0006384998,0.00047123525,0.08556604,0.18800485,3.8244136e-05,0.006236943,0.13101703,292.2.jpg
0.41093478,0.018962525,0.04830591,0.012653757,0.0009747819,0.0025243377,0.107240185,0.1915867,0.0010540365,0.009823644,0.23126702,292.3.jpg
0.2649216,0.0050389264,0.041067023,0.004681518,0.0003571723,0.002069424,0.0578219,0.21103482,0.0027614566,0.027331738,0.4088059,292.4.jpg
0.016032668,0.0065931906,0.1313975,0.017998777,0.028261634,0.004445386,0.13695155,0.41795844,0.0013756715,0.04351239,0.96563184,293.1.jpg
0.037554547,0.00503895,0.562709,0.013121265,0.026006663,0.0050368495,0.25674516,0.5580561,0.0010892142,0.013348791,0.96232486,293.2.jpg
0.11439561,0.041246485,0.34484068,0.43323284,0.04672928,0.010553108,0.12792453,0.60907835,0.023157245,0.18116666,0.83181864,293.3.jpg
0.032636832,0.008800193,0.5837604,0.054991372,0.04138681,0.0017834726,0.102441706,0.5867953,0.0023669074,0.038770586,0.84908473,293.4.jpg
0.09920459,0.036266558,0.009916774,0.006338829,0.00038027877,0.00043412056,0.088721894,0.6681884,0.002145395,0.0064541874,0.120183416,295.1.jpg
0.0031661054,0.0002620159,0.064940564,0.001029265,0.0036221102,6.394879e-05,0.007412077,0.32279673,0.00071329717,0.0020948478,0.06558609,295.2.jpg
0.47368547,0.45355654,0.17021556,0.05677552,0.07910058,0.014210817,0.34003755,0.70373756,0.13461268,0.04302084,0.07881313,295.3.jpg
0.004115001,0.00041934053,0.03461766,0.005151665,0.0015736454,0.000120212346,0.011113468,0.1105644,0.0067082876,0.0032065653,0.03528417,295.4.jpg
0.008067786,0.0015737062,0.0025301652,0.0017594494,0.017043184,0.057558645,0.15263976,0.050103296,0.00011599873,0.9775006,0.8986306,296.1.jpg
0.01475758,0.0016430848,0.002163984,0.0018711826,0.017706815,0.04917914,0.07462909,0.039608173,0.00030235184,0.97302455,0.8400345,296.2.jpg
0.17034845,0.048188724,0.08099999,0.016196748,0.0012297713,0.040623877,0.20012142,0.072808266,0.00094321213,0.7726329,0.97211885,296.3.jpg
0.10488224,0.0041683163,0.05804091,0.0065958705,0.00642465,0.19340672,0.15228981,0.19831075,0.0014557685,0.63539547,0.82695836,296.4.jpg
0.00840058,0.0014607238,0.05896316,0.0045600906,0.0001491573,0.0053696665,0.09402434,0.11490618,3.130378e-05,0.013704133,0.9071146,297.1.jpg
0.059389565,0.02179564,0.10645065,0.03539232,0.0031745685,0.02010642,0.06788699,0.15413378,0.0014777726,0.33745253,0.9738082,297.2.jpg
0.73096395,0.37202662,0.05432377,0.019208217,0.00043299698,0.010307001,0.25478706,0.3076224,8.313018e-05,0.04577222,0.99121547,297.3.jpg
0.39186886,0.056754258,0.01617751,0.060923744,0.00022217898,0.008917606,0.13774931,0.14424497,0.00023545664,0.06542791,0.9923826,297.4.jpg
0.039407838,0.004858164,0.013165647,0.060400203,0.014506088,0.00018847497,0.014739501,0.12859495,0.015703738,0.012784325,0.31302965,298.1.jpg
0.0037862668,0.0005492648,0.016231675,0.104616,0.018358622,5.4074473e-05,0.004019532,0.22144529,0.010976217,0.015965188,0.026737839,298.2.jpg
0.009187546,0.0002974181,0.00093756476,0.021022018,0.00028870496,2.5448884e-07,0.0007277261,0.10355598,0.00018330854,0.00082633126,0.05052179,298.3.jpg
0.029514741,0.0050691576,0.013630911,0.3271579,0.015539491,5.4008102e-05,0.01043387,0.09599088,0.010143996,0.008845106,0.20216389,298.4.jpg
0.52151453,0.049781363,0.021815736,0.023371784,0.008630508,0.011883171,0.46239015,0.7996152,0.0022172818,0.07043791,0.98878855,299.1.jpg
0.007942178,0.0026543064,0.6018319,0.029659301,0.005191993,0.004201168,0.10576036,0.24180299,0.0006210675,0.023201242,0.93767965,299.2.jpg
0.060317703,0.0032489456,0.1422005,0.1525261,0.0016211986,0.0004352665,0.081839934,0.08135973,0.00010793854,0.008527466,0.986782,299.3.jpg
0.029079586,0.0026281404,0.10001811,0.019771134,0.012497553,0.0018214657,0.13355282,0.7293617,6.7375375e-05,0.015669253,0.994381,299.4.jpg
0.10149548,0.0382871,0.2531731,0.030838115,0.0004110871,0.035595767,0.38450426,0.77090156,0.00022895941,0.01751023,0.98849225,3.1.jpg
0.06880038,0.025359947,0.70270616,0.10053481,0.15598589,0.117562085,0.42901713,0.1543275,0.0050179707,0.4769255,0.969451,3.2.jpg
0.23271477,0.035897087,0.08616856,0.14052846,0.0014710769,0.009350761,0.20576273,0.18264565,0.0014522334,0.03188439,0.96489644,3.3.jpg
0.0014290805,0.00020946765,0.15183713,0.02572335,0.0023680988,0.0029921532,0.033265766,0.13035925,0.0007565457,0.09477467,0.90179026,3.4.jpg
0.16394857,0.1497842,0.024087874,0.021024613,0.0019479255,0.0019836712,0.028868517,0.119919434,0.0008004431,0.03701589,0.8470764,30.1.jpg
0.010400282,0.0010989729,0.047015898,0.013079971,0.0007553312,7.884315e-05,0.0066442117,0.12768207,0.00019436987,0.18072152,0.8938343,30.2.jpg
0.12637383,0.09000046,0.045046594,0.07093199,0.0015456879,0.025785627,0.32418096,0.18686835,0.00041803447,0.09652361,0.9607323,30.3.jpg
0.035306558,0.008523967,0.2723458,0.049735103,0.0024953245,0.0036203538,0.117953,0.113950424,0.00047569154,0.28110722,0.9247754,30.4.jpg
0.665708,0.35872734,0.09142559,0.040775903,0.0005766961,0.043165408,0.3251168,0.23283647,0.001686309,0.01691722,0.96396935,300.1.jpg
0.19690841,0.072037846,0.18519376,0.12526187,0.004042928,0.028410356,0.36918896,0.37333116,0.0013135318,0.20270476,0.9893684,300.2.jpg
0.014207238,0.0036277801,0.038856167,0.012062106,0.00063318666,0.0021104228,0.14002281,0.13092762,0.00014410877,0.035429012,0.9702673,300.3.jpg
0.05918002,0.0022681775,0.0257636,0.037499335,0.00019583615,0.0014276325,0.029531805,0.1696236,4.1545914e-05,0.018636791,0.9892937,300.4.jpg
0.18828739,0.04318347,0.0092986645,0.0011358492,7.968281e-05,0.0025511673,0.03384049,0.2017323,9.435787e-06,0.035067294,0.9906183,302.1.jpg
0.012425528,0.0011616328,0.02393904,0.054370936,0.0052924375,0.013306823,0.1412266,0.05404322,0.00053400785,0.43920976,0.8882737,302.2.jpg
0.6372225,0.05713597,0.06291145,0.0017951175,0.00018589754,0.084540404,0.24528804,0.43111402,5.4486925e-05,0.0018215983,0.99106616,302.3.jpg
0.020404525,0.0055929767,0.064175054,0.014095617,0.015904466,0.24411269,0.056411438,0.18645728,0.00080616435,0.9102475,0.9775147,302.4.jpg
0.85221624,0.4367059,0.24496846,0.10264128,0.13531898,0.8022411,0.8405915,0.4302241,0.3504449,0.6626065,0.9262667,303.1.jpg
0.53430617,0.022512764,0.107563116,0.0048217867,0.021778844,0.56137705,0.7281568,0.17787816,0.07122766,0.371664,0.9640342,303.2.jpg
0.8046475,0.2904033,0.14569907,0.017312577,0.017567046,0.19888017,0.3847323,0.38768366,0.026935946,0.09459415,0.93455005,303.3.jpg
0.042613212,0.013863642,0.5690836,0.07517974,0.19361936,0.026786948,0.5067559,0.2923649,0.004460589,0.21476853,0.45945913,303.4.jpg
0.87477064,0.59587735,0.2839828,0.026320508,0.021955222,0.013429759,0.08393355,0.45208642,0.0066885473,0.1028181,0.8410369,304.1.jpg
0.023602288,0.0013194412,0.17888896,0.0056055905,0.0059964266,0.010266892,0.20357217,0.33502334,0.00032153522,0.059978276,0.9116612,304.2.jpg
0.648216,0.06079978,0.09769182,0.00068153767,0.0006177615,0.0011583903,0.010092192,0.17883056,0.0002156262,0.008690207,0.8427694,304.3.jpg
0.02350948,0.0006666207,0.004177024,0.00034550295,0.0008870752,1.7433109e-05,0.0024765248,0.46785012,5.750707e-06,0.0026897101,0.8964116,304.4.jpg
0.3029093,0.009260608,0.03876348,0.012108226,0.034661677,0.17575155,0.16001967,0.20601039,0.0055174073,0.4999445,0.7361827,305.1.jpg
0.0044647777,0.00011265066,0.0016277884,0.0011948467,0.0048760953,0.0060917595,0.004808858,0.015766608,0.00015614204,0.95055836,0.56122357,305.2.jpg
0.6256041,0.0017232881,0.22654158,0.00071999873,0.07870194,0.36679292,0.34364197,0.105248496,0.016173687,0.095049776,0.5134982,305.3.jpg
0.26023322,0.005384616,0.04854203,0.0015982647,0.24053903,0.20302624,0.3903887,0.5498485,0.005075417,0.04252693,0.21582662,305.4.jpg
0.03213976,0.00073068263,0.030282833,0.046755232,0.0003548165,7.254749e-05,0.017134875,0.08720331,0.0013769731,0.0013318857,0.23536631,306.1.jpg
0.009163442,0.00043365548,0.2121373,0.15938894,0.040355604,0.0010865838,0.30125037,0.51277053,0.009544855,0.036934838,0.14142479,306.2.jpg
0.29542714,0.043849394,0.10866315,0.04178641,0.0055943057,0.003490443,0.107974544,0.081840016,0.004310245,0.10208095,0.3143661,306.3.jpg
0.10596891,0.01463562,0.32735717,0.16525616,0.24619505,0.01645772,0.48234853,0.25131887,0.0723366,0.22539164,0.24388647,306.4.jpg
0.9998,0.99933976,0.0003411602,9.55679e-05,8.5881584e-07,0.007732614,0.0980789,0.0021224935,4.4786816e-06,1.2062309e-06,0.8186083,307.1.jpg
0.99983215,0.9771473,0.044419006,0.0014971602,1.0308401e-05,0.0019412219,0.0633141,0.0038439368,1.0137201e-05,2.6148864e-05,0.71551615,307.2.jpg
0.9997899,0.9992243,0.0038599737,0.000708557,7.046018e-06,0.011675477,0.065516576,0.0061348556,1.3982333e-05,1.0816889e-05,0.5992376,307.3.jpg
0.1218126,0.0065603945,0.34961885,0.2522341,0.0071366914,0.010667804,0.07920411,0.33980554,0.0048961225,0.053595807,0.8266176,307.4.jpg
0.26350364,0.09717089,0.006003943,0.0016201047,0.0003366988,0.00054102164,0.012451195,0.10305907,6.127823e-05,0.005928287,0.9721309,308.1.jpg
0.018732397,0.017242398,0.056118034,0.07494293,0.00065510516,0.0004275811,0.015982233,0.067481935,0.0003254948,0.15001906,0.99551386,308.2.jpg
0.12904505,0.012675436,0.058958042,0.011150336,0.00024294083,0.00031405027,0.050030053,0.15472393,1.3141249e-05,0.03164012,0.9622335,308.3.jpg
0.030562567,0.007389704,0.08236358,0.03128989,0.0118269995,0.00046580966,0.018194808,0.16823038,0.0028709318,0.15554194,0.90903515,308.4.jpg
0.08359631,0.010683567,0.006913172,0.009096858,0.00069354894,0.00024563444,0.23536696,0.31947365,0.0009333658,0.0023658571,0.38790932,309.1.jpg
0.03414087,0.004323413,0.19542167,0.17960085,0.098055735,0.0066543277,0.5372602,0.8611541,0.063421905,0.09246812,0.73641527,309.2.jpg
0.90606254,0.41759306,0.03912769,0.031021211,0.0018598702,0.008926287,0.36968336,0.23187047,0.0023059205,0.0049428986,0.83880806,309.3.jpg
0.07036359,0.027899915,0.76472837,0.24207428,0.18053523,0.08416673,0.5467888,0.5323537,0.110676624,0.101850495,0.8510684,309.4.jpg
0.3527914,0.011001652,0.009087784,0.035093773,0.00031558098,0.0032808646,0.08954707,0.2846998,0.000663808,0.09225017,0.8012239,31.1.jpg
0.018657576,0.002031714,0.014186823,0.005458205,0.0027016145,0.0014588604,0.014927657,0.062095374,0.0006020419,0.7030823,0.673212,31.2.jpg
0.06807352,0.024076706,0.0067776395,0.01449823,0.0022834549,0.0026647812,0.03835025,0.01683821,0.00047575275,0.20745805,0.5003239,31.3.jpg
0.014119485,0.00086840824,0.052453544,0.115489915,0.008981489,0.000504266,0.034620024,0.15854996,0.0039861356,0.6569793,0.7757296,31.4.jpg
0.091507465,0.0061838026,0.13217482,0.077811696,0.0068171327,0.025048701,0.44328424,0.26619563,0.005818801,0.030436376,0.85601974,310.1.jpg
0.015699914,0.0024280075,0.038625356,0.028519932,0.0013242338,0.0034680858,0.06817289,0.14896022,0.0004432958,0.010506015,0.98483026,310.2.jpg
0.18025528,0.008395584,0.12028808,0.010670401,0.0015154119,0.00485863,0.6063664,0.6248255,0.0002503779,0.010977832,0.9421778,310.3.jpg
0.15539597,0.008152366,0.07934343,0.014878641,0.0023783613,0.086095,0.9423519,0.78695124,0.0005095663,0.009349399,0.9836866,310.4.jpg
0.13076472,0.021719709,0.13591637,0.025541231,0.027992614,0.018872552,0.2344085,0.40084592,0.033466075,0.21275271,0.8186302,311.1.jpg
0.036864303,0.002568332,0.104639836,0.010198676,0.007774957,0.015203877,0.10072523,0.13850507,0.0018167832,0.3810879,0.86192304,311.2.jpg
0.14407612,0.005143758,0.049138855,0.03141342,0.014735861,0.013824667,0.36410037,0.13867097,0.006634749,0.27616376,0.89194727,311.3.jpg
0.0055815238,0.0022527946,0.04613962,0.012426119,0.0006378566,0.0006900829,0.06589125,0.020846836,0.0014299953,0.055742886,0.67547923,311.4.jpg
0.29381013,0.13142669,0.0036736624,0.0074987295,0.0009093358,0.00045880047,0.05272783,0.7175435,0.00021435323,0.033418447,0.93338495,312.1.jpg
0.0076040705,0.0007066288,0.0076292893,0.0050281296,0.00019693549,0.00015630307,0.023258,0.18438542,4.1026965e-06,0.018030582,0.9936778,312.2.jpg
0.87004954,0.97757566,0.009877846,0.008141788,0.000576024,0.022678513,0.08429303,0.07428065,0.00017160655,0.0064907875,0.9231425,312.3.jpg
0.15874064,0.009631324,0.005026162,0.0007396336,0.00024411152,0.00017650716,0.06799537,0.552739,2.4282843e-05,0.0007506244,0.91442406,312.4.jpg
9.74873e-05,6.5202776e-06,0.00047599088,0.0022721682,3.5797406e-05,2.0135723e-05,0.021319723,0.062083136,3.0017547e-06,0.005234306,0.7032006,313.1.jpg
0.00015583607,3.7773727e-05,0.0038872838,0.04138105,0.000690452,5.6759192e-05,0.012822681,0.03511514,4.2025968e-05,0.20292011,0.49034256,313.2.jpg
0.0020225276,0.0001096668,0.009305005,0.04233792,0.0010447855,0.00011343171,0.0023008776,0.007950877,3.369244e-05,0.2620678,0.13082747,313.3.jpg
0.0019795876,0.0011907734,0.009669513,0.123212576,0.0022018568,0.0003114182,0.0064240294,0.009977417,0.0004049775,0.6770067,0.06625377,313.4.jpg
0.006738788,0.00024956782,0.005268001,0.00045846822,0.002917672,0.00237307,0.00905336,0.0066929394,1.824154e-05,0.8566025,0.6129082,314.1.jpg
0.0077635986,0.00051828614,0.012715277,0.0008174381,0.01969485,0.055428553,0.03860423,0.011356858,0.00070067804,0.98346245,0.5320604,314.2.jpg
0.06971527,0.00079920806,0.0062452797,0.009142464,0.008776744,0.012945126,0.13441993,0.0043705804,0.01344011,0.84412706,0.3103635,314.3.jpg
0.0061961724,9.553063e-05,0.0021533885,0.0005288563,0.009490217,0.0018178333,0.03280882,0.030436574,0.00015624853,0.9704406,0.3601445,314.4.jpg
0.090146154,0.014909521,0.04570895,0.05773753,0.0007803612,0.010346232,0.13559157,0.13641249,0.00028355225,0.0961411,0.98636264,315.1.jpg
0.025870332,0.0025706957,0.019071892,0.05932363,0.02501254,0.011026359,0.21986572,0.43691963,0.0030542966,0.92056113,0.9761939,315.2.jpg
0.2982853,0.059356887,0.067798086,0.005684149,0.00047416944,0.0129819345,0.08308664,0.3543086,0.000102098515,0.0066277036,0.98628783,315.3.jpg
0.071290046,0.0056123002,0.029868824,0.006894984,0.000416299,0.0010587475,0.06920145,0.46969667,2.3209379e-05,0.014162935,0.9912061,315.4.jpg
0.048089936,0.0048098145,0.25016338,0.0533311,0.028504305,0.002785165,0.09500458,0.7311096,0.00052353286,0.0022495151,0.9501061,316.1.jpg
0.023623765,0.0025195288,0.35899866,0.016628891,0.0057128854,0.0020616984,0.07614414,0.41603002,0.00082129106,0.010814668,0.90537626,316.2.jpg
0.025583638,0.002665769,0.10904818,0.0017238912,7.590454e-05,0.000117699245,0.22301392,0.37350157,7.06196e-05,2.6090029e-05,0.7614226,316.3.jpg
0.0030472248,0.00011811525,0.23842186,0.0049890415,0.001868672,0.00025620763,0.09699326,0.23482975,0.00029637216,0.0011949458,0.89913416,316.4.jpg
0.010011879,0.00016255697,0.008551172,0.0025160392,0.002383983,0.03980132,0.049652614,0.014627398,0.0022633872,0.8921334,0.8762934,317.1.jpg
0.015652757,0.0009154642,0.03664993,0.00064937264,0.012820201,0.2412374,0.06500101,0.024295898,0.0011231021,0.9837944,0.9177705,317.2.jpg
0.04590545,0.0021008872,0.41393328,0.02754431,0.021316279,0.19583312,0.15456639,0.033495285,0.003534062,0.91462576,0.9716191,317.3.jpg
0.09852152,0.011097559,0.12942024,0.0041786847,0.011660531,0.41801766,0.055251244,0.11680336,0.0034692478,0.97175074,0.9740659,317.4.jpg
0.06674436,0.0040972256,0.03227876,0.17069109,0.038930953,0.025516704,0.416664,0.09090641,0.09179029,0.975137,0.578854,318.1.jpg
0.01218117,0.00017914955,0.0050107166,0.03885627,0.07617788,0.0032055276,0.04604702,0.1461163,0.011840567,0.8410441,0.65965796,318.2.jpg
0.01850047,0.0017132905,0.004934589,0.0033697449,0.0062402366,0.009668188,0.2221707,0.06073744,0.0032190091,0.95501083,0.8124156,318.3.jpg
0.030382263,0.0015268952,0.008849533,0.0026528942,0.061328,0.03156818,0.13962154,0.060351137,0.0028666926,0.99346924,0.687792,318.4.jpg
0.99754995,0.9985726,0.012323314,0.0058030826,0.0007946551,0.053316966,0.18023045,0.02739607,0.003628461,0.00027355677,0.42049044,319.1.jpg
0.9980806,0.9696111,0.013753305,0.0059066573,0.00031181987,0.05923873,0.1961148,0.030241797,0.0034258803,0.00011459992,0.5588351,319.2.jpg
0.9883364,0.96958065,0.07012715,0.038931392,0.006377854,0.15343821,0.39116788,0.07785296,0.036341503,0.0027869577,0.3778581,319.3.jpg
0.9924793,0.9843524,0.0074757393,0.003105009,0.00011458177,0.0040908763,0.36540863,0.028576657,0.0007078861,4.413112e-05,0.07282164,319.4.jpg
0.2697142,0.030695328,0.22952409,0.043551166,0.0040256847,0.2534123,0.73127925,0.28741294,0.00426176,0.21927369,0.9500695,32.1.jpg
0.10910184,0.037825268,0.31308836,0.02167902,0.021820245,0.48910314,0.8241256,0.611436,0.0051353336,0.43139315,0.9678306,32.2.jpg
0.22636832,0.016273666,0.011836722,0.0033714892,0.0025466576,0.070642196,0.285279,0.39754853,0.00013341976,0.3395787,0.99601823,32.3.jpg
0.16419955,0.029035421,0.038224246,0.009630745,0.011796344,0.46883538,0.35463768,0.2668598,0.0017231116,0.9258473,0.9963096,32.4.jpg
0.14768642,0.012079376,0.03116038,0.016536132,0.0005361573,0.06973964,0.40326813,0.38838938,0.00012072445,0.04526423,0.9968925,320.1.jpg
0.06101523,0.007793752,0.14873603,0.010193412,0.004529453,0.07519221,0.17883185,0.67028475,0.00016259494,0.17812675,0.996509,320.2.jpg
0.05297669,0.011804957,0.016767109,0.011233577,5.2284366e-05,0.013792517,0.35217208,0.12357108,1.9136525e-05,0.004723511,0.99806184,320.3.jpg
0.10346575,0.0046628425,0.015386681,0.009085853,5.7790916e-05,0.012352518,0.46108064,0.39380828,3.8430077e-05,0.004031708,0.9981108,320.4.jpg
0.98748404,0.98004603,0.0067064418,0.0026705118,0.00049761246,0.00035572692,0.039171442,0.1074696,0.0003394372,8.4566986e-05,0.37954953,321.1.jpg
0.35485184,0.02425529,0.3494599,0.08754685,0.01663169,0.0012733769,0.08004575,0.7662125,0.008922272,0.020673009,0.58069944,321.2.jpg
0.968801,0.96529883,0.08323093,0.024291135,0.0036185791,0.11951562,0.3328139,0.06594408,0.0035274636,0.00740045,0.49827862,321.3.jpg
0.9321412,0.51663256,0.6971726,0.04499129,0.02252875,0.022708565,0.41068214,0.5315137,0.008654003,0.002239327,0.51764506,321.4.jpg
0.0015051336,0.0001524684,0.0028388465,0.09859685,0.0003121938,0.00020873538,0.0060465564,0.0771422,0.0012603663,0.0497672,0.40164852,322.1.jpg
0.178971,0.027527148,0.04081801,0.23972887,0.094531685,0.00075645227,0.033883467,0.27469516,0.036274683,0.014545534,0.25337896,322.2.jpg
0.014371552,0.0066132154,0.005121683,0.009827262,0.00020856287,4.1503034e-05,0.00018536938,0.038678177,7.187335e-05,0.014662236,0.5401895,322.3.jpg
0.0020778943,0.00070772966,0.021026906,0.021965506,0.0050775213,1.719067e-05,0.0011615516,0.3724465,0.00019523843,0.0058302684,0.5190141,322.4.jpg
0.03518407,0.0024089038,0.066012874,0.024007244,0.00078459346,0.0024769432,0.11136296,0.15227227,0.0010842502,0.05310617,0.9889225,323.1.jpg
0.0070075765,0.00096423755,0.072681785,0.026615236,0.00042952565,0.0030422804,0.1001714,0.10241159,7.897483e-05,0.0144047,0.96241266,323.2.jpg
0.5353043,0.06579749,0.09543383,0.08535187,0.059305854,0.005401376,0.15332022,0.89775234,0.0091150785,0.006582275,0.85111535,323.3.jpg
0.047090404,0.0018644586,0.060057387,0.03524419,0.009933848,0.0036319948,0.23058403,0.293226,0.0051803812,0.050932348,0.94120944,323.4.jpg
0.12861691,0.0012661495,0.009283736,0.0025148548,0.00057790964,4.4791268e-05,0.24580765,0.36576298,0.00063570024,0.002059452,0.052869298,326.1.jpg
0.004456466,4.6383542e-05,0.06782454,0.0063752164,0.00029759877,3.670823e-05,0.061460696,0.14628606,0.00034068502,0.0053426963,0.16647495,326.2.jpg
0.6506088,0.103694305,0.6055516,0.06650165,0.012963562,0.016742168,0.7144121,0.42770225,0.023804482,0.019299734,0.5584111,326.3.jpg
0.09318838,0.018451912,0.658416,0.076386064,0.025549788,0.008687173,0.509032,0.45621878,0.012215724,0.008710672,0.53876245,326.4.jpg
0.036144286,0.0012942688,0.055220377,0.059764687,0.0007324855,0.011303901,0.21211216,0.32052124,0.0005444701,0.051651563,0.9809894,327.1.jpg
0.010540453,0.0010197107,0.074836604,0.11537746,0.011511957,0.0018407002,0.049632967,0.22718138,0.0014561387,0.2990918,0.61118394,327.2.jpg
0.2684697,0.0030267239,0.0030969337,0.056784526,0.0002104538,0.0030495336,0.06418404,0.036514346,0.0006339403,0.022832565,0.89719635,327.3.jpg
0.031766616,0.004434329,0.057785697,0.12983319,0.0028241368,0.0103823645,0.16149989,0.34350663,0.0006960953,0.11717985,0.9894782,327.4.jpg
0.79557437,0.4728362,0.012523515,0.041311033,0.00027942343,0.000107966756,0.07957255,0.46808264,5.370544e-05,0.00020650061,0.43061462,328.1.jpg
0.05796157,0.0016898359,0.2582993,0.25969735,0.009415346,0.00208102,0.1648317,0.5738096,0.0042870315,0.033457104,0.4662474,328.2.jpg
0.7123451,0.16358346,0.078221105,0.024937263,0.0040098457,0.023769533,0.47813627,0.74219793,0.00240896,0.00416399,0.36604813,328.3.jpg
0.046618167,0.0025586197,0.2521584,0.28883412,0.0066064554,0.0032614558,0.2848806,0.38814571,0.0013441017,0.19966301,0.7743936,328.4.jpg
0.7367777,0.007898999,0.057248306,0.0022300875,0.00061887945,0.050501585,0.29457143,0.5496291,0.001145777,0.00785555,0.61357015,329.1.jpg
0.3015147,0.010359907,0.14061801,0.008781835,0.02359853,0.09418727,0.23680969,0.43522006,0.058295716,0.10123606,0.9060698,329.2.jpg
0.9460977,0.847343,0.095995754,0.08975607,0.009623799,0.16300444,0.77894485,0.66819996,0.0323154,0.028800193,0.83485866,329.3.jpg
0.9179123,0.19361705,0.13157691,0.0037087752,0.016757859,0.04057601,0.18085662,0.2220592,0.014129333,0.008787774,0.3393371,329.4.jpg
0.007374303,0.0007250797,0.008799269,0.0029202297,0.1027455,0.057352483,0.1222603,0.29727802,0.00035394775,0.91147137,0.44348556,33.1.jpg
0.0006936646,0.0002167688,0.009271163,0.0016368867,0.28089857,0.0033604358,0.049634255,0.23216237,8.868181e-05,0.6980629,0.28855592,33.2.jpg
0.03282117,0.009874755,0.111052625,0.0065194536,0.10704189,0.46345758,0.22326407,0.16721977,0.006386006,0.7807018,0.7505001,33.3.jpg
0.058019076,0.010301288,0.033444986,0.00451021,0.067142025,0.198889,0.1667045,0.21459997,0.0037492798,0.9588508,0.5837594,33.4.jpg
0.015173814,0.00048601214,0.017336085,0.0047261887,9.869673e-05,0.000492594,0.026727606,0.051349062,0.0068890927,0.011839808,0.21794586,330.1.jpg
0.011195464,0.0006409235,0.05910786,0.026330959,0.0013470183,0.00033729346,0.027526395,0.15850496,0.0047436324,0.067940764,0.16726182,330.2.jpg
0.01213842,0.0027965049,0.069908924,0.06301703,0.001994384,0.0003968155,0.04992788,0.10597718,0.0068361135,0.011366814,0.018123621,330.3.jpg
0.10017941,0.004770015,0.096283674,0.037341855,0.0026538318,0.0007081206,0.12357699,0.24747626,0.010563081,0.020125788,0.06677059,330.4.jpg
0.00034405387,2.1491709e-05,0.00170604,0.11311311,9.059689e-05,4.0784785e-06,0.000179202,0.025826195,6.8601707e-06,0.0020927547,0.10696675,331.1.jpg
0.00496059,0.0011513837,0.11852276,0.34806913,0.035604805,0.0015269752,0.0034462153,0.24396716,0.004711526,0.18649228,0.51011235,331.2.jpg
0.014716841,0.0011672438,0.29794717,0.29765305,0.06177242,0.0078352,0.35079962,0.25965044,0.036827598,0.2440683,0.64889663,331.3.jpg
0.006950098,0.00093968736,0.2010478,0.2573452,0.03768685,0.002141606,0.018673766,0.19903812,0.011261798,0.17595464,0.77205646,331.4.jpg
0.31069523,0.016987061,0.018240241,0.16026297,0.0011927265,0.005484596,0.15684223,0.21133436,0.0012572615,0.046668295,0.79841214,332.1.jpg
0.5530018,0.30420655,0.3958893,0.060409583,0.016841851,0.2690432,0.22403517,0.10277836,0.018932518,0.1100751,0.31196347,332.2.jpg
0.030420912,0.00054103683,0.024457939,0.08737975,0.00034909,0.0012927504,0.1980916,0.21426052,2.1853435e-05,0.0046049906,0.9665519,332.3.jpg
0.02175974,0.0008482609,0.07579519,0.6490108,0.00077761494,0.0010532336,0.14967419,0.10304983,0.0009888546,0.13119638,0.9370327,332.4.jpg
0.9910278,0.86076033,0.060686145,0.0061025843,0.0012685366,0.32383198,0.4780277,0.048583046,0.002809838,0.018786298,0.9367013,333.1.jpg
0.97256947,0.44216195,0.13541538,0.0066699046,0.0068000783,0.75752413,0.4193139,0.028004067,0.01585643,0.052515235,0.7823493,333.2.jpg
0.99714214,0.88232446,0.0028939657,0.0003268331,0.0002485228,0.45615494,0.58018947,0.029671418,0.005080249,0.0002072569,0.8820911,333.3.jpg
0.857267,0.27698097,0.05984912,0.003960951,0.016297203,0.3212108,0.8441566,0.43586016,0.010709176,0.023318455,0.9810296,333.4.jpg
0.0016076382,0.00024377635,0.026533393,0.016022237,0.0008166175,0.0018302456,0.023937594,0.047124553,0.0007029668,0.5401273,0.90086865,334.1.jpg
0.00055166567,0.00036731423,0.008789741,0.009181241,0.0025683846,0.00037986063,0.00497796,0.16677855,8.7647975e-05,0.43654555,0.42628247,334.2.jpg
0.006229293,0.00073327724,0.017700324,0.031578794,0.01467602,0.0019623467,0.02293286,0.0075314315,0.0015052862,0.8943976,0.46385622,334.3.jpg
0.00019848754,0.00012541402,0.049548496,0.029156521,0.12641433,0.00025284663,0.018561488,0.06898507,0.0011152511,0.4095616,0.18391082,334.4.jpg
0.0855633,0.012067772,0.08508902,0.046938412,0.00349837,0.0011352985,0.07359971,0.41261268,0.00046715947,0.04927895,0.93755907,335.1.jpg
0.009031752,0.00049154565,0.15721558,0.0475123,0.005494134,8.563583e-05,0.030956738,0.5056731,8.06567e-05,0.061276924,0.76742876,335.2.jpg
0.26527357,0.031362694,0.025954198,0.032638453,0.0019695782,0.022708744,0.39360055,0.49242422,0.0016511909,0.109667614,0.97811025,335.3.jpg
0.006205175,0.0008428723,0.10867665,0.05812858,0.0018147833,0.0026633597,0.015869241,0.104650326,0.00054890965,0.1673153,0.98258305,335.4.jpg
0.015161435,0.0006843761,0.17303489,0.01532526,0.0005172754,0.0007273326,0.54678404,0.37426975,0.0016471165,0.0036900975,0.22288778,336.1.jpg
0.23784593,0.02244041,0.19876337,0.064290985,0.018883662,0.005791808,0.34169027,0.34649327,0.01184809,0.17143881,0.46592355,336.2.jpg
0.08013362,0.010620361,0.19085944,0.109565645,0.010741373,0.003966855,0.052216973,0.10429642,0.005796478,0.34826759,0.4923074,336.3.jpg
0.048616514,0.0027270683,0.13666457,0.061502445,0.009691218,0.006061402,0.05243274,0.015923396,0.0065354183,0.6434632,0.29570383,336.4.jpg
0.09085592,0.0037949786,0.071000665,0.053416938,0.0009017972,0.009948913,0.3642097,0.19717199,0.00080596074,0.093093246,0.95174164,337.1.jpg
0.061934926,0.0023708178,0.025827186,0.029621601,0.0033056834,0.0017389065,0.20214331,0.5796773,0.00028599854,0.06488998,0.98474544,337.2.jpg
0.9711844,0.090632565,0.009928471,0.0009895962,7.713964e-05,0.02359398,0.5968972,0.19772775,0.00040926813,0.0030178232,0.89023095,337.3.jpg
0.029066356,0.002021016,0.06468032,0.021745179,0.017516563,0.01348465,0.16357923,0.2279859,0.002470138,0.5205821,0.961308,337.4.jpg
0.99107087,0.7239129,0.078034446,0.062337063,0.00088760786,0.027302796,0.28268048,0.06994739,0.0016840998,0.0010615102,0.9546402,338.1.jpg
0.99516475,0.9473412,0.094351605,0.037802853,0.0013043613,0.11577198,0.3942719,0.05786585,0.011628658,0.0013260834,0.8821797,338.2.jpg
0.7957119,0.23366523,0.18042533,0.025638362,0.008145898,0.024102831,0.2645428,0.11767146,0.014626112,0.013084312,0.77519685,338.3.jpg
0.44773075,0.028181,0.31220552,0.030138148,0.038746182,0.03190085,0.62006456,0.6033855,0.040936425,0.022339636,0.884043,338.4.jpg
0.641723,0.065414496,0.11197737,0.09817773,0.056559175,0.33197084,0.5282963,0.10836058,0.16020118,0.13799714,0.3426787,339.1.jpg
0.07779281,0.006772153,0.015028485,0.010760349,0.09744605,0.31224716,0.079531245,0.04598773,0.03125665,0.9761596,0.25156623,339.2.jpg
0.26965672,0.0053085703,0.043479428,0.02857553,0.15387335,0.6133224,0.4567881,0.028593829,0.48496318,0.43730935,0.4793898,339.3.jpg
0.028874062,0.0004052192,0.0028319412,0.0010462147,0.118797325,0.05513382,0.11915669,0.057293307,0.008336417,0.5911799,0.4405194,339.4.jpg
0.012549434,0.00034512125,0.0020910616,0.00069501944,0.061704986,0.19760248,0.15474261,0.047907446,0.005985633,0.84210795,0.6519951,34.1.jpg
0.013118344,0.00063183246,0.0016067919,0.0002970007,0.09812969,0.13774237,0.047863603,0.04827603,0.002055263,0.8210599,0.41728672,34.2.jpg
0.025857497,0.00036214822,0.0057341,0.00062409457,0.011853953,0.0888212,0.035495862,0.009953142,0.0026835687,0.8906895,0.7103292,34.3.jpg
0.059973117,0.0047121863,0.007522445,0.00082306605,0.011564062,0.37511572,0.05631072,0.14157651,0.00589905,0.9494032,0.88801455,34.4.jpg
0.7959568,0.29910883,0.1598934,0.098737046,0.0016774469,0.06903123,0.6537883,0.5919728,0.001708805,0.070608005,0.9669576,340.1.jpg
0.15484743,0.029184878,0.06927333,0.05142531,0.0024751343,0.017033769,0.22915307,0.46901777,0.0009535199,0.19340752,0.9819149,340.2.jpg
0.6238138,0.21931735,0.0040773945,0.0031219935,4.8930055e-05,0.00016560365,0.011521299,0.17269138,7.385752e-06,0.0065545393,0.8325199,340.3.jpg
0.015798004,0.0026720364,0.04228833,0.08587532,0.0010809338,0.0003449222,0.026520226,0.3126394,6.9904825e-05,0.09101179,0.98718655,340.4.jpg
0.061013427,0.00065052387,0.0041738027,0.0022340436,0.09937849,0.09776428,0.03216816,0.03833593,0.0047396114,0.40898427,0.5573377,341.1.jpg
0.012104382,0.0015963536,0.0016747988,0.0013152399,0.021983847,0.06451008,0.026014704,0.04531994,0.0003706402,0.86467785,0.16446893,341.2.jpg
0.14336306,0.001662868,0.002288548,0.0009223775,0.021170909,0.086172335,0.03583136,0.03500106,0.004001268,0.880522,0.45888305,341.3.jpg
0.009052355,0.00028557485,0.00465187,0.0043307105,0.14756308,0.07113167,0.013689393,0.017957034,0.0018080118,0.96278226,0.3669576,341.4.jpg
0.00068491016,0.00033817845,0.031276952,0.027853886,0.0012358845,0.00041505357,0.17363234,0.06293691,0.0018673517,0.03198739,0.57425165,342.1.jpg
0.00731932,0.0018785945,0.091313004,0.043509137,0.05272763,0.002893781,0.1316786,0.069430105,0.01039463,0.21790563,0.6859569,342.2.jpg
0.008290747,0.0007368827,0.045039624,0.008976953,0.00014939443,6.549223e-05,0.05004504,0.014919084,0.0014386846,0.13218686,0.023776913,342.3.jpg
0.0013766761,2.2512078e-05,0.0017156065,0.0146128265,2.335951e-05,2.9625186e-05,0.029686067,0.010415271,0.0036279042,0.010357575,0.043436356,342.4.jpg
0.009203777,0.0002183634,0.00065442495,0.00052478764,2.803807e-05,2.8918717e-05,0.0039210166,0.051949956,2.9775385e-05,0.010905445,0.44605136,343.1.jpg
0.02710682,0.0032980132,0.023783438,0.0073717516,0.0003752749,0.0009219719,0.008809023,0.056158524,0.00070419995,0.14936449,0.67587125,343.2.jpg
0.052404046,0.0021829044,0.019224107,0.010092025,0.000990935,0.0021160922,0.027016075,0.16447389,0.0006189455,0.013259799,0.32355806,343.3.jpg
0.028549513,0.0017735114,0.049633976,0.0022701034,0.00020581775,0.0011805879,0.06893704,0.103470065,0.0001466241,0.03619961,0.59630764,343.4.jpg
0.6600838,0.28848907,0.17419758,0.015422205,0.002307144,0.0059475102,0.22235435,0.21989535,0.00024783704,0.0023387368,0.85431355,344.1.jpg
0.041550502,0.0039247526,0.0913945,0.016669549,0.00065389037,0.0077390745,0.057271753,0.4145526,0.00011932381,0.016353508,0.9838577,344.2.jpg
0.04501717,0.0020185595,0.023606354,0.0018280902,5.711669e-05,0.00084616244,0.18791763,0.28171825,4.2074057e-06,0.0026577637,0.98880273,344.3.jpg
0.0021609562,3.1786938e-05,0.020136606,0.00010797272,4.997181e-06,0.00013819622,0.009296881,0.22697753,1.9258931e-07,0.00013227738,0.98993915,344.4.jpg
0.12777758,0.022664282,0.048404925,0.02357233,0.006922177,0.002952325,0.33679935,0.36838868,0.0021710868,0.053097207,0.77631396,345.1.jpg
0.2597544,0.035722595,0.39598238,0.22859156,0.12876807,0.17618223,0.28417876,0.46648908,0.11811373,0.4634494,0.94306475,345.2.jpg
0.6317005,0.0686403,0.1350363,0.030649094,0.0013716911,0.064059354,0.14016837,0.2554284,0.00516866,0.26574638,0.7601174,345.3.jpg
0.17242226,0.010298726,0.029371265,0.0136242565,0.0057395045,0.06377471,0.1626065,0.4975675,0.0013768853,0.58555746,0.86632264,345.4.jpg
0.25966594,0.061388586,0.13541983,0.03172949,0.049180124,0.00057446415,0.14344764,0.79618794,0.022783725,0.00024245096,0.040239695,346.1.jpg
0.024061367,0.0030457203,0.2837987,0.013075393,0.059944388,0.005897914,0.5253166,0.33927822,0.102269106,0.0031597205,0.19292356,346.2.jpg
0.760452,0.18676035,0.046205506,0.0072890944,0.0071911965,0.0011138358,0.77368355,0.43087137,0.0065777465,0.0008014866,0.16870569,346.3.jpg
0.7188569,0.051013958,0.19465064,0.008425048,0.017841334,0.0016894918,0.67619604,0.38848123,0.046715528,0.0016608458,0.04485955,346.4.jpg
0.0035562718,0.00045142035,0.0041757016,0.0009309727,0.03854114,0.0072702384,0.019583452,0.0067469417,0.0011240178,0.9944358,0.22925362,347.1.jpg
0.00071954366,2.0612373e-05,0.010871739,0.01718609,0.02146284,0.00030415767,0.005244799,0.015319196,0.0004397247,0.3079588,0.023888862,347.2.jpg
0.04332371,0.00070701004,0.004526532,0.0016360976,0.18579565,0.035007697,0.024751185,0.0041312813,0.017545596,0.98979926,0.3253756,347.3.jpg
0.035974573,0.0015833435,0.004707702,0.0048145982,0.08303678,0.018678838,0.01476181,0.013628883,0.0094195455,0.97811425,0.3302958,347.4.jpg
0.3408855,0.06931594,0.20704253,0.03341817,0.0023905684,0.005413633,0.14602903,0.50554097,0.0006334486,0.057470214,0.9856683,348.1.jpg
0.0065434636,0.0093455985,0.1262743,0.18067054,0.29962566,0.00041176565,0.14250009,0.2854409,0.0003558229,0.021942,0.39273465,348.2.jpg
0.7542642,0.16516301,0.030493412,0.0027727173,0.00017405191,0.107885316,0.8431324,0.4016415,0.00032958444,0.0003701852,0.90944254,348.3.jpg
0.672895,0.07083806,0.48498136,0.024314336,0.00210863,0.044807117,0.80201817,0.31749582,0.0020532678,0.001544016,0.6642794,348.4.jpg
0.008461819,0.003037994,0.02788409,0.0285752,0.0012060623,0.00043096094,0.031466257,0.044682477,7.4485244e-05,0.1630452,0.87316376,349.1.jpg
0.086281665,0.020189116,0.043599527,0.039133597,0.001997608,0.003457837,0.029211106,0.20590732,0.00045550932,0.2643938,0.96546793,349.2.jpg
0.3122934,0.10549804,0.042218976,0.027106253,0.0008712618,0.0060017915,0.06260548,0.14557992,0.00013945803,0.21613994,0.96512324,349.3.jpg
0.004443783,0.0021349294,0.018696848,0.031284455,0.00879172,0.0033970822,0.011726997,0.007236826,0.0004199012,0.7809697,0.3478247,349.4.jpg
0.00052516366,9.565934e-05,0.014858275,0.0057792375,0.0017690319,0.00010840043,0.030102555,0.17272887,0.0010325448,0.0038318357,0.46388528,35.1.jpg
0.00010728111,5.9224527e-05,0.012655682,0.0029580307,0.0021832273,6.900539e-05,0.0031183937,0.07931039,0.014566471,0.0025491186,0.27090037,35.2.jpg
0.0030506805,0.0003618723,0.000110460875,0.0001717226,4.090086e-06,7.982463e-06,0.009397728,0.076879576,3.597265e-05,0.0012829663,0.136888,35.3.jpg
0.0031111727,0.00069962343,0.24568437,0.009245802,0.01297731,0.0004586951,0.043330412,0.25651008,0.03242623,0.0019432895,0.1634533,35.4.jpg
0.013177095,0.00022972871,0.00502955,0.014065677,0.00080715556,0.0007326723,0.12435871,0.037544854,0.003256598,0.26742944,0.52619916,350.1.jpg
0.08069649,0.01968764,0.12355302,0.029674813,0.12800655,0.086756036,0.14466783,0.68565387,0.026569685,0.62507874,0.89266115,350.2.jpg
0.90169334,0.21410714,0.08851851,0.007451436,0.0035145415,0.012202774,0.5685585,0.8922391,0.0026611823,0.046239175,0.88086486,350.3.jpg
0.22474349,0.009436401,0.3375298,0.04774003,0.011413845,0.053814128,0.5583645,0.07877929,0.014346219,0.4699762,0.5150385,350.4.jpg
0.2266839,0.0012815435,0.011941886,0.012238064,0.0029774138,0.021096088,0.16057198,0.08419235,0.0070526702,0.057931907,0.86671484,351.1.jpg
0.3966479,0.014416993,0.14939003,0.017917605,0.03617864,0.34316748,0.2813273,0.076989144,0.02788901,0.44851944,0.5413602,351.2.jpg
0.9247198,0.20359814,0.33607268,0.08773657,0.022655882,0.876497,0.72988164,0.09990676,0.091406636,0.31738374,0.91045016,351.3.jpg
0.7019497,0.012651218,0.034699924,0.0027390344,0.0027693387,0.6035348,0.48082834,0.06066265,0.008201141,0.024958936,0.75931084,351.4.jpg
0.08222357,0.0025897832,0.0040130788,0.011548369,0.00011702888,0.00038768954,0.020298189,0.08618432,0.001168447,0.21081379,0.7826537,352.1.jpg
0.09782642,0.004834539,0.025115296,0.017544866,0.033901844,0.023594927,0.088767685,0.106653124,0.006347312,0.5924866,0.7507787,352.2.jpg
0.10276678,0.0066572158,0.042961534,0.043928772,0.00094660616,0.01896441,0.041037112,0.16619453,0.002212447,0.36458904,0.98498243,352.3.jpg
0.016204163,0.001138707,0.055336583,0.18141659,0.005085817,0.048966616,0.029952731,0.23599565,0.0043986444,0.54411983,0.98370034,352.4.jpg
0.64789075,0.91383165,0.0034921367,0.103174135,0.0013465425,0.0016611645,0.1420953,0.23189868,0.0010005053,0.0029067434,0.2574085,353.1.jpg
0.39885756,0.41991764,0.0021402063,0.005087523,0.00037624422,0.005238357,0.30104324,0.79687375,0.00017341493,0.0021722494,0.9702965,353.2.jpg
0.6470349,0.10199437,0.03784464,0.012200372,0.0011721345,0.022052411,0.17569092,0.07798585,0.0019643267,0.040370308,0.9277966,353.3.jpg
0.004309113,0.00081762735,0.019764127,0.044170164,0.0012989059,0.00039386516,0.020347271,0.11940326,0.00016663258,0.30445614,0.98437124,353.4.jpg
0.3963916,0.02596751,0.07061673,0.0040323837,0.0006497332,0.005428714,0.60977894,0.71548516,0.00044180136,0.0109838545,0.9971204,354.1.jpg
0.06287426,0.016856818,0.32323453,0.017867656,0.0047085155,0.01766047,0.4809095,0.58378094,0.0012725506,0.07465044,0.9902113,354.2.jpg
0.18243478,0.004459838,0.072406486,0.00070585276,0.00043520262,0.00017862691,0.17120844,0.4004803,7.431425e-05,0.0014619416,0.95502496,354.3.jpg
0.014765153,0.0072740084,0.13013017,0.03610277,0.0012184856,0.0022519694,0.38985112,0.43092728,0.00018926662,0.022561712,0.9937874,354.4.jpg
0.8610096,0.1370373,0.07557707,0.009744939,0.042795867,0.54253006,0.45834252,0.5128081,0.041457903,0.047164682,0.8241928,355.1.jpg
0.048729386,0.0020045796,0.11613228,0.0049702735,0.14791146,0.021788925,0.33360052,0.3342404,0.0061324514,0.029632663,0.32237148,355.2.jpg
0.07246764,0.0028952288,0.03680308,0.0026109556,0.23479402,0.34207445,0.49595168,0.3561393,0.0017748347,0.6142718,0.94921654,355.3.jpg
0.18955892,0.003486869,0.39525202,0.0032469342,0.25048873,0.06796588,0.52734673,0.37869054,0.0019123554,0.06720916,0.6113618,355.4.jpg
0.89066243,0.8458379,0.05820341,0.051635176,3.673996e-05,0.0039092493,0.05920825,0.028851898,2.4494097e-05,0.00020460579,0.9866984,357.1.jpg
0.19181368,0.33806813,0.052141443,0.06782839,0.01967196,0.051333904,0.44041184,0.33891177,0.0012816516,0.04420846,0.99773884,357.2.jpg
0.9714607,0.9939546,0.0022592873,0.0043065157,4.2108444e-05,0.004891532,0.015123845,0.025616568,1.525521e-05,0.0003235984,0.8341868,357.3.jpg
0.95931715,0.97562796,0.0028327303,0.011433386,5.462e-05,0.0007872071,0.06634508,0.039638676,9.7271666e-05,0.000295435,0.6093802,357.4.jpg
0.6394519,0.3354141,0.019437594,0.124603875,0.012175376,0.0027772933,0.31113392,0.9485693,0.005158561,0.0013766001,0.52472335,358.1.jpg
0.15493979,0.045485698,0.015374182,0.08168356,0.007700397,9.594418e-05,0.08219243,0.5843512,0.0042783814,0.00790535,0.18738274,358.2.jpg
0.6236045,0.07345486,0.10113307,0.037547268,0.0060334024,0.020147132,0.5093814,0.56993884,0.0010102167,0.012261038,0.9254849,358.3.jpg
0.093170136,0.0024691396,0.070422724,0.018489793,0.0007626154,0.0013629269,0.049425773,0.48710915,0.0002783609,0.0048702243,0.92945176,358.4.jpg
0.20748107,0.074268654,0.21619482,0.102093235,0.030863699,0.0025404429,0.16587278,0.26575807,0.23397301,0.00580612,0.1280839,359.1.jpg
0.015163393,0.0023287171,0.26503474,0.22515333,0.2803963,0.0002443989,0.10405374,0.52791387,0.018543312,0.0005940656,0.20399342,359.2.jpg
0.0040172357,0.0007244587,0.08912297,0.012837996,0.0004104392,0.00010685841,0.010789461,0.211678,0.00082539866,0.086767554,0.5055364,359.3.jpg
0.007936729,0.0012043747,0.25571334,0.27242404,0.008391984,0.00078154186,0.043479826,0.3582823,0.003245385,0.013433973,0.7776179,359.4.jpg
0.038892478,0.002297171,0.004177802,0.019062243,0.39894155,0.00076561986,0.013935874,0.968403,0.016573176,0.01483923,0.52431166,36.1.jpg
0.36185887,0.05571329,0.20207152,0.2274112,0.121712804,0.038748298,0.1355972,0.7655963,0.039609887,0.102269374,0.7873658,36.2.jpg
0.01118616,0.019906202,0.0032360477,0.04094356,0.6228953,0.002972588,0.02673583,0.99342585,0.0041832016,0.018026408,0.7362907,36.3.jpg
0.24849674,0.036519896,0.078697436,0.058084633,0.19418661,0.0022203233,0.03621221,0.7457402,0.014532302,0.040596467,0.5157647,36.4.jpg
0.24063717,0.39380172,0.0142025165,0.017162304,0.0002347653,0.0008896722,0.09661501,0.08594195,0.00013488378,0.007479487,0.7276615,360.1.jpg
0.15709482,0.051097766,0.24188755,0.11404891,0.007268002,0.08422115,0.20976107,0.15947993,0.00809138,0.72974837,0.97244847,360.2.jpg
0.022761246,0.03023407,0.09128572,0.055770602,0.0013590137,0.0043341247,0.122871555,0.15478566,0.00025766643,0.30510443,0.9180905,360.3.jpg
0.046472494,0.0057498105,0.16042568,0.040208478,0.001732698,0.005634992,0.085804686,0.18722142,0.00028940328,0.4760771,0.9694946,360.4.jpg
0.08541952,0.019990494,0.4189414,0.027866762,0.024020672,0.006230182,0.3709087,0.13527891,0.0061140447,0.21676993,0.38312906,361.1.jpg
0.021033728,0.0009330182,0.07087113,0.0030815701,0.00071765383,1.1990491e-05,0.013049052,0.052879896,9.789532e-05,0.040532608,0.10087036,361.2.jpg
0.026497051,0.0088057015,0.010145748,0.008776524,0.00354495,0.00032055975,0.40015292,0.106251515,0.003924145,0.008234485,0.16228895,361.3.jpg
0.006481787,0.0012272946,0.21961308,0.018007165,0.0063629765,0.00046238338,0.057395734,0.11126705,0.0032389176,0.044966042,0.3608911,361.4.jpg
0.081083514,0.052165993,0.04114729,0.07603599,0.0007477422,0.003526455,0.33548898,0.15385029,0.00021793846,0.07779505,0.96427053,362.1.jpg
0.021064324,0.0053856554,0.07576834,0.047231365,0.008347205,0.01716434,0.08855601,0.23593767,0.00017340452,0.39840037,0.95709026,362.2.jpg
0.15698509,0.67475146,0.01273374,0.019255728,0.00013274883,0.007138739,0.14939384,0.13039193,1.9104014e-05,0.004489763,0.94515723,362.3.jpg
0.08026126,0.033212997,0.027687898,0.029244205,0.0010591223,0.0028148484,0.02319666,0.06443974,6.892306e-05,0.03200795,0.7796325,362.4.jpg
0.9870188,0.92896545,0.9349026,0.02861874,0.00091806235,0.432408,0.27892005,0.11840454,0.0075853923,0.022528846,0.8902129,363.1.jpg
0.8501839,0.10411444,0.18437004,0.007039152,0.008162222,0.6316111,0.41968802,0.06894228,0.011377939,0.25321352,0.8990663,363.2.jpg
0.9999496,0.99909115,0.004579651,0.0015906102,1.6432932e-05,0.001957708,0.05066478,0.0074790204,4.828639e-05,2.0446352e-05,0.34895724,363.3.jpg
0.99999166,0.99949753,0.00025896807,1.5836718e-05,2.0185902e-07,0.0009274385,0.10855369,0.0013254067,3.2178747e-07,2.6587287e-07,0.38794214,363.4.jpg
0.0035437106,0.00010949678,0.0042402134,0.005138044,0.0014791328,0.00025996598,0.038844284,0.19790663,0.0003513574,0.1378397,0.5184536,364.1.jpg
0.0012940081,4.1418967e-05,0.01760481,0.029166408,0.034533143,0.000621119,0.05385391,0.42762682,0.00037426452,0.38065878,0.7372483,364.2.jpg
0.6587242,0.017605683,0.0005420788,0.0008850401,8.6141576e-05,5.1824798e-05,0.6513265,0.11895816,0.00019046762,0.000603533,0.07266306,364.3.jpg
0.2452265,0.010765634,0.11138083,0.03634135,0.26656348,0.2188338,0.17815016,0.17506121,0.15601774,0.8374861,0.48194447,364.4.jpg
0.976383,0.5445938,0.4825757,0.5064356,0.010924265,0.017449455,0.44052073,0.31539348,0.02293943,0.0010527244,0.54344946,365.1.jpg
0.8963174,0.28385577,0.086623125,0.061989725,0.02982021,0.001260221,0.27416688,0.56972075,0.008783633,0.004556103,0.8558675,365.2.jpg
0.6917716,0.15068822,0.09772499,0.041138772,0.03615968,0.008196015,0.6402728,0.91428024,0.0032193859,0.0020909272,0.90284574,365.3.jpg
0.8932107,0.1263155,0.3404422,0.023460655,0.018512644,0.0050077415,0.40012112,0.5088474,0.009522539,0.0033864037,0.808386,365.4.jpg
0.013935227,0.0007449062,0.00789455,0.0010126387,0.050931495,0.1312066,0.12415585,0.10157672,0.00044333187,0.9818142,0.62484866,366.1.jpg
0.006115314,0.00051545975,0.0017921602,0.00031526282,0.07700905,0.10438857,0.08727661,0.03660812,9.266009e-05,0.94695365,0.25864387,366.2.jpg
0.0060867206,0.00016326173,0.00014802664,0.00012805617,0.010164897,0.0044082087,0.050031405,0.1068881,2.0267284e-05,0.7634765,0.15565789,366.3.jpg
0.0056594363,0.00042369994,7.412697e-05,0.00012028504,0.0021461148,0.012662171,0.12530597,0.23591094,7.987504e-06,0.21465802,0.5476075,366.4.jpg
0.11474645,0.015123661,0.031016598,0.059319507,0.008711203,0.017017504,0.5148844,0.5531531,0.00023556822,0.060836863,0.98152393,367.1.jpg
0.003933738,0.00010874748,0.058706503,0.04050022,0.0007203509,0.0013222477,0.030035116,0.29248554,0.00026089416,0.13396792,0.9967338,367.2.jpg
0.34609792,0.009845379,0.020426651,0.005794343,0.00035724315,0.025587685,0.4530785,0.31457475,0.00025402484,0.03106615,0.991139,367.3.jpg
0.003291285,0.00011036611,0.12681325,0.009324625,0.00087893347,0.0017606505,0.03929455,0.3887865,1.8389203e-05,0.074324206,0.9924275,367.4.jpg
0.4853928,0.05037619,0.058540333,0.0024682882,0.00044734182,0.08335504,0.7168827,0.84893376,0.0007390403,0.023084365,0.97525626,368.1.jpg
0.061555702,0.0019642566,0.26259598,0.004772932,0.13334392,0.30268398,0.2524188,0.35625735,0.00088716135,0.5102163,0.9780149,368.2.jpg
0.30195233,0.14708415,0.19680798,0.03982565,0.07767208,0.12723112,0.32562175,0.8073323,0.01031267,0.38830194,0.74592507,368.3.jpg
0.037034847,0.0011932987,0.23807101,0.0032172212,0.3808117,0.101898536,0.23312636,0.47034502,0.0006628443,0.7934772,0.861559,368.4.jpg
0.5129497,0.1267606,0.44644696,0.10687943,0.047161363,0.56939954,0.7807211,0.40457606,0.035356294,0.5088676,0.9256482,369.1.jpg
0.12492351,0.036349736,0.18711661,0.025496403,0.06454445,0.15213744,0.41429535,0.34933785,0.0070203394,0.8828948,0.9885278,369.2.jpg
0.9972339,0.98318166,0.09721696,0.036149103,0.0014975329,0.040541343,0.6383418,0.07567683,0.0022931274,0.00023170852,0.5841298,369.3.jpg
0.9146889,0.2598773,0.06964666,0.044495925,0.0029433863,0.0131752975,0.39432326,0.3010526,0.0019771096,0.007274115,0.80844766,369.4.jpg
0.07218977,0.006531627,0.049505927,0.004280525,0.002721872,0.0049883625,0.42062506,0.86012655,0.0002585176,0.0278916,0.9938366,37.1.jpg
0.28829378,0.11014993,0.066784576,0.027181443,0.0138014,0.04648332,0.46184063,0.7635824,0.0029825794,0.14699729,0.9954652,37.2.jpg
0.5787571,0.2805585,0.18943305,0.009908612,0.002578475,0.05791702,0.6569448,0.5284058,0.00079980004,0.15225315,0.9781121,37.3.jpg
0.048425905,0.0057126773,0.041761223,0.0039580325,0.0013419426,0.005936959,0.17784591,0.43565786,6.68896e-05,0.46713766,0.99654764,37.4.jpg
0.074023396,0.010133439,0.059980996,0.07725184,0.03509641,0.1540074,0.40220693,0.03162944,0.04072135,0.9762408,0.78893805,370.1.jpg
0.010167335,0.0013842869,0.054489624,0.016360182,0.1969508,0.39540556,0.16759251,0.07371905,0.03434489,0.969814,0.8550392,370.2.jpg
0.09430426,0.0020796568,0.004631892,0.015866755,0.00023128164,0.010920081,0.089005955,0.046554722,0.001210061,0.12746447,0.95423245,370.3.jpg
0.0008967052,1.3214983e-05,0.0058345264,0.0025327865,0.0015275083,0.0003526643,0.031070514,0.053047225,0.00012889314,0.116547614,0.7620071,370.4.jpg
0.0023003793,0.00011826547,0.0010312736,0.0026264463,4.0371742e-05,9.081514e-06,0.027009984,0.06405761,7.080599e-05,0.00035642317,0.6370402,371.1.jpg
0.00021913763,9.3053095e-06,0.036044758,0.0020197933,0.0012405366,2.2189017e-05,0.018757043,0.076947525,1.1117897e-05,0.0010589705,0.6212444,371.2.jpg
0.88359994,0.72206706,0.015747305,0.04890796,0.009957545,0.0015670641,0.19527128,0.17632797,0.0075333775,0.0040984205,0.3634516,371.3.jpg
0.9099559,0.61040395,0.016065853,0.04135447,0.015765416,0.00063547253,0.26358935,0.3204925,0.013510713,0.00030173504,0.099480644,371.4.jpg
0.0038058157,0.0012516512,0.04522608,0.13244817,0.00092918397,0.00019584698,0.0040341886,0.04387254,0.0041519655,0.041868865,0.31722125,372.1.jpg
0.0021851552,6.718047e-05,0.041053187,0.004643287,0.0013385166,0.00017036796,0.029917672,0.04899838,0.002570501,0.0024187544,0.13799566,372.2.jpg
0.00029127896,1.6102651e-05,0.0047716387,0.0030054445,2.3377717e-05,2.351366e-05,0.0005173755,0.061194103,5.772261e-06,0.0027694586,0.54371095,372.3.jpg
0.00029082163,0.00019958691,0.045147695,0.004295407,0.0019050674,0.00014882145,0.004149454,0.06903008,0.0003221698,0.2010388,0.44373605,372.4.jpg
0.07795044,0.030509895,0.06847517,0.041146915,0.009668779,0.0011472218,0.26639277,0.25228596,0.0012574566,0.2059154,0.89446044,373.1.jpg
0.13232404,0.014196635,0.07880706,0.0071865954,0.0010730936,0.0020135946,0.17978984,0.379599,0.0046504196,0.03179313,0.9067057,373.2.jpg
0.10650969,0.017245702,0.084746905,0.008504477,3.4408185e-05,0.000747564,0.042964198,0.16730735,8.1601145e-05,0.011429722,0.52674943,373.3.jpg
0.35696557,0.08884792,0.029436558,0.0031182605,2.1255655e-05,5.670077e-05,0.0038672835,0.08830376,1.1234852e-05,0.0033525913,0.60235536,373.4.jpg
0.97063714,0.5186806,0.1355893,0.19977538,0.006081216,0.20617937,0.43000844,0.05099763,0.027568191,0.01778972,0.86779493,374.1.jpg
0.863694,0.14441182,0.15574506,0.026432939,0.022848215,0.9025693,0.77568156,0.20810443,0.31191486,0.09376508,0.89504623,374.2.jpg
0.9993024,0.99088573,0.0029420308,0.006739909,0.0005269593,0.018244885,0.23045854,0.030112121,0.01787185,4.0492774e-05,0.09084716,374.3.jpg
0.862472,0.4474079,0.2291273,0.22009483,0.114183314,0.4217239,0.5341387,0.09087406,0.476946,0.07299125,0.30723587,374.4.jpg
0.018962959,0.002424319,0.027969297,0.0132173225,0.010991203,0.007260124,0.19182481,0.0750729,0.011938532,0.58108896,0.84293234,375.1.jpg
0.025660649,0.0007023323,0.043103088,0.031310305,0.32747483,0.020370308,0.11925144,0.23891649,0.075849906,0.75929636,0.29991856,375.2.jpg
0.15695946,0.03157507,0.03336594,0.006274991,0.0048888936,0.010593644,0.30035058,0.6619892,0.0011656954,0.39961326,0.8632504,375.3.jpg
0.19103317,0.0235959,0.046678405,0.016642706,0.006789723,0.015044529,0.15450117,0.5148157,0.00091600383,0.23081197,0.86336243,375.4.jpg
0.03444322,0.0012576567,0.039372653,0.0010880112,0.0010083431,0.0019119004,0.11990576,0.05713659,0.0008080436,0.05573036,0.55021346,376.1.jpg
0.022804597,0.00054848264,0.10339003,0.0007685558,0.022822551,0.037202854,0.049019013,0.12529297,0.00087297586,0.3090982,0.65608215,376.2.jpg
0.8853339,0.41820338,0.037784882,0.0064313016,0.0059643076,0.011608283,0.030754993,0.38520327,0.0065436712,0.023653328,0.47446126,376.3.jpg
0.03640137,0.0015552184,0.15522577,0.0071004583,0.018130131,0.014648624,0.28362867,0.5232314,0.000119425,0.019924032,0.7461397,376.4.jpg
0.22676489,0.004415489,0.31835306,0.022708824,0.0009811416,0.00015952859,0.048119515,0.5356139,0.00020070504,0.00085757044,0.5048121,377.1.jpg
0.03274703,0.0018299966,0.21781264,0.22553036,0.14323242,0.0048310445,0.116600946,0.6427247,0.0048802067,0.060810804,0.7752583,377.2.jpg
0.83784133,0.103611946,0.284369,0.0011308409,0.0010868121,0.005113758,0.54807657,0.9323084,0.001133406,0.001171177,0.8319644,377.3.jpg
0.11234806,0.024141973,0.06558853,0.0045234435,0.0076435986,0.012154623,0.4097844,0.6815609,0.0004123073,0.25455,0.9898022,377.4.jpg
0.04403582,0.053753417,0.017044406,0.014887877,5.2374293e-05,0.0007316784,0.027687365,0.15632021,2.9617868e-05,0.09518174,0.97611076,378.1.jpg
0.006673548,0.009329591,0.52696586,0.020771047,0.0008894581,0.0005434396,0.023504823,0.2488056,0.000107687905,0.31751493,0.84134436,378.2.jpg
0.47601107,0.6500163,0.009690425,0.026286148,0.0012425322,0.018389266,0.023943078,0.05222703,0.00020626369,0.075634584,0.9471006,378.3.jpg
0.0910568,0.064582415,0.012639116,0.014306423,0.00032138382,0.0027990178,0.025754128,0.20391452,6.078092e-05,0.06784724,0.9918311,378.4.jpg
0.0033643653,0.0002323421,0.026206957,0.008317835,0.00027771253,0.00020885521,0.29069325,0.10756135,9.0068774e-05,0.005465904,0.8017023,379.1.jpg
0.0007738538,0.00020796516,0.024018588,0.010109637,0.0043764007,0.0015491416,0.032327548,0.080650926,0.0035859647,0.017692473,0.9762986,379.2.jpg
0.11129361,0.0063836765,0.00092666905,0.0019460318,0.00013303406,0.0022313134,0.18574949,0.1255255,4.465486e-06,0.00073124125,0.99276614,379.3.jpg
0.030007776,0.0048916102,0.015519377,0.052079193,0.0058658696,0.012121585,0.21039046,0.12636231,0.001150266,0.05953844,0.99171466,379.4.jpg
0.6783472,0.7154605,0.0053965473,0.015652198,6.221515e-05,0.020777667,0.070742406,0.11777468,5.0212246e-05,0.0063289967,0.91710246,38.1.jpg
0.7481114,0.30721906,0.009608386,0.006882783,0.00038186976,0.0017769514,0.14459145,0.06498023,0.0007062985,0.0014302718,0.7700673,38.2.jpg
0.964374,0.9468873,0.0011936153,0.0020709084,0.00041000184,0.0011935732,0.25060058,0.1764018,4.919074e-05,0.00013658198,0.39561448,38.3.jpg
0.63154286,0.8577655,0.22077338,0.06612001,0.00044612843,0.0031061675,0.06050442,0.06844455,0.0005747232,0.0023678963,0.32427582,38.4.jpg
0.9735197,0.90851194,0.21376362,0.20824838,0.0035398651,0.0017920195,0.038754284,0.09780927,0.0044262153,0.0009053802,0.53230864,380.1.jpg
0.44531095,0.18818529,0.32381943,0.08001313,0.0130429,0.001354853,0.10881111,0.6782452,0.004877317,0.002357779,0.3240938,380.2.jpg
0.99880314,0.97394955,0.016687974,0.022624413,0.0005532562,0.0035678514,0.07337318,0.02968163,0.0011490154,6.795741e-05,0.13330594,380.3.jpg
0.6745259,0.042993385,0.38990232,0.25140676,0.0033855685,0.0032367571,0.17473388,0.10647355,0.003466799,0.0012225506,0.19446468,380.4.jpg
0.010388795,0.0008042192,0.014314104,0.04210602,0.0011077055,6.5613574e-05,0.017263645,0.04685812,0.006190678,0.050007645,0.014155873,381.1.jpg
0.09281031,0.030478979,0.083851695,0.05162862,0.01982909,0.00037523732,0.1308028,0.056482114,0.008159092,0.015144862,0.015504411,381.2.jpg
0.27908137,0.44983917,0.0041346727,0.017406313,0.00043359428,0.00080954144,0.07603712,0.042068448,8.028093e-05,0.0036101183,0.11880293,381.3.jpg
0.0017644673,0.0002343069,0.0008544025,0.0007189942,0.00021689243,1.2254926e-05,0.017649515,0.031359956,0.00010240048,0.004664888,0.0053944904,381.4.jpg
0.06338352,0.029057354,0.1689845,0.011621376,0.00081828755,0.0046767546,0.15372455,0.3568272,2.4269277e-05,0.009772393,0.96928006,382.1.jpg
0.014489873,0.0025376698,0.004743587,0.004121848,0.00014301378,0.0006435197,0.058900278,0.14110567,2.0754926e-06,0.00512282,0.9907438,382.2.jpg
0.34882933,0.0403659,0.00030202427,0.00010535902,2.5407167e-05,0.00011048952,0.0072249584,0.29845688,5.0882784e-07,0.00039860996,0.9500287,382.3.jpg
0.15160678,0.062226523,0.09304926,0.011478456,0.00025598105,0.020323526,0.3106584,0.229546,3.5856207e-05,0.0338357,0.99171066,382.4.jpg
0.11608102,0.0022676468,0.007215074,0.0062802625,0.004250101,0.0025205056,0.19643809,0.02925549,0.0023780963,0.0529739,0.26453432,383.1.jpg
0.028472878,0.0006323327,0.006388584,0.014838228,0.014158982,0.0007843049,0.07038279,0.10169221,0.019862683,0.4524281,0.07405311,383.2.jpg
0.059622675,0.0005022745,0.0033957341,0.0036937809,0.0004980932,0.0033091984,0.13030967,0.02063224,0.0014619031,0.21850455,0.5594905,383.3.jpg
0.0064022224,0.0004299423,0.017340342,0.002698729,0.03922717,0.0076723336,0.06440108,0.014976623,0.0019711647,0.93389976,0.2854251,383.4.jpg
0.03140309,0.020583792,0.00044604825,0.00017986071,0.00012392875,1.2251094e-05,0.0016928463,0.03074291,3.753483e-06,0.0020080456,0.09659208,384.1.jpg
0.013915361,0.0020627838,0.007120131,0.013976572,0.00074487744,8.841279e-05,0.0030175764,0.02285463,0.00046552427,0.34076023,0.81619126,384.2.jpg
0.86980516,0.41472098,0.0014275727,0.0007342915,8.321838e-05,0.00062542805,0.12215306,0.016180517,1.0031232e-05,0.0008973971,0.061019305,384.3.jpg
0.041391388,0.003476162,0.035726227,0.005108693,0.00023253047,5.722409e-05,0.024264496,0.036519267,0.0003354726,0.007685818,0.007946917,384.4.jpg
0.0001344218,2.011649e-05,0.00196823,0.004755279,3.6876925e-05,1.6550417e-06,0.0012712574,0.0462031,1.4121298e-05,0.02157869,0.2068213,385.1.jpg
0.041835126,0.008672193,0.0744384,0.40918633,0.07125719,0.02270385,0.32052058,0.31375155,0.021134289,0.6120976,0.99103993,385.2.jpg
0.0014224912,0.00022421831,6.3851905e-05,0.00080482644,3.4733745e-05,5.566297e-06,0.013566992,0.12802604,2.9081664e-06,0.00076750305,0.1367501,385.3.jpg
0.0047932486,0.00040157218,0.009549138,0.044756737,0.00038844996,0.0030393736,0.08381022,0.053672858,3.7346563e-05,0.10286115,0.84264374,385.4.jpg
0.25777555,0.013972565,0.022081438,0.04496402,0.0003820622,0.0004925278,0.061510347,0.07073664,0.00371519,0.0033632924,0.6003447,386.1.jpg
0.3576136,0.033667,0.064064845,0.002626149,0.005399886,0.0012663599,0.45403495,0.15693171,0.0015888966,0.010312266,0.24989904,386.2.jpg
0.0013842928,7.0038805e-05,0.014071934,0.0042484524,6.228152e-05,4.210415e-05,0.039017253,0.074100144,0.0013140135,0.012613334,0.40388617,386.3.jpg
0.30557165,0.07822242,0.2510527,0.058934834,0.15180899,0.040884573,0.32694873,0.6012914,0.109755196,0.37037998,0.70617074,386.4.jpg
0.1984123,0.0015198527,0.023130262,0.007980966,0.014656857,0.2609422,0.14265211,0.025922555,0.013024474,0.6849401,0.8127151,387.1.jpg
0.032683272,0.00023629684,0.05564707,0.022793528,0.010609078,0.008612286,0.047183417,0.04115428,0.0024317894,0.95369524,0.8852972,387.2.jpg
0.18476836,0.0016463912,0.025611004,0.009919442,0.003965143,0.24718888,0.24159755,0.01694589,0.0018183569,0.76220953,0.94159037,387.3.jpg
0.007629697,0.00033265183,0.0025860956,0.0013471087,0.029642481,0.006894279,0.0111311,0.010120109,0.00022421873,0.9358891,0.19605435,387.4.jpg
0.4382787,0.013340045,0.0068126307,0.0025966133,0.00034496252,0.013217896,0.8136503,0.25807893,0.00042102832,0.020575823,0.95644295,388.1.jpg
0.0017817672,0.00038277914,0.037276193,0.004850091,0.0015115963,0.005287116,0.08369594,0.105909824,8.384862e-05,0.2583248,0.9854966,388.2.jpg
0.4460268,0.016038753,0.38041773,0.0045360755,0.0018880805,0.27156365,0.4810412,0.056393992,0.009999334,0.14236125,0.575594,388.3.jpg
0.08217137,0.003947512,0.009503817,0.0038941181,0.0053009694,0.03597496,0.10630384,0.020316321,0.00051392807,0.79059756,0.86517227,388.4.jpg
0.77107793,0.39179155,0.14252289,0.044408936,0.00942493,0.073844075,0.73483664,0.55188686,0.01890233,0.02911443,0.86965364,389.1.jpg
0.23927778,0.07587335,0.3827665,0.19217277,0.08493974,0.12027789,0.7250261,0.48263532,0.042979397,0.39965415,0.95027214,389.2.jpg
0.7942882,0.24135078,0.08677604,0.011216275,0.009216342,0.0556317,0.2044588,0.48634562,0.0022947185,0.18101862,0.56044024,389.3.jpg
0.45938793,0.016243527,0.27807528,0.052114338,0.01438137,0.06970138,0.5796,0.726481,0.0072335,0.03491809,0.7093641,389.4.jpg
0.5064973,0.8120214,0.005551915,0.0014548717,0.00085683825,0.0005530129,0.008308699,0.079667486,4.0692175e-05,0.0035778843,0.6524902,39.1.jpg
0.00549396,0.00096261094,0.31044778,0.013265202,0.0011618907,6.139416e-05,0.007118577,0.40758285,0.00012744512,0.013417241,0.49675697,39.2.jpg
0.5368559,0.9588126,0.007879551,0.034556273,0.00333829,0.0012985189,0.010269838,0.050415564,0.00038276636,0.017612265,0.14357708,39.3.jpg
0.009047454,0.0032966968,0.0071382793,0.0004702203,0.0022820453,4.5282814e-05,0.016322648,0.42620796,3.0735857e-05,4.7379683e-05,0.009907775,39.4.jpg
0.024534058,0.0011834403,0.00808815,0.5326782,0.0018863892,0.00018071267,0.031215468,0.20881355,0.0004139578,0.25931028,0.97821474,390.1.jpg
0.13216451,0.015837926,0.11019892,0.2677554,0.016990526,0.0070737656,0.22211455,0.16411503,0.007906117,0.6902502,0.8954694,390.2.jpg
0.016449496,0.00099678,0.100338936,0.2502389,0.0019825594,0.008228888,0.0749947,0.110182464,0.0037223275,0.47691327,0.9719221,390.3.jpg
0.17733613,0.035172734,0.060408454,0.08396765,0.10782092,0.29220507,0.51136583,0.3943058,0.11933814,0.83008057,0.89238966,390.4.jpg
0.99613285,0.81278425,0.5309523,0.019496674,0.0027074788,0.53707194,0.6043436,0.034474842,0.005056401,0.0019794784,0.42135465,391.1.jpg
0.7933591,0.17348616,0.33502564,0.00980527,0.00084773614,0.48597157,0.5796743,0.23506118,0.002022803,0.0140793,0.8962571,391.2.jpg
0.9996277,0.87969923,0.15355329,0.01806685,6.174986e-05,0.028896004,0.75514764,0.034375288,0.002304769,0.0004609687,0.793223,391.3.jpg
0.88332564,0.121430576,0.103623495,0.06912819,0.0054477938,0.36085647,0.8841898,0.5364779,0.020256171,0.074674636,0.9674169,391.4.jpg
0.1231319,0.0042900834,0.0052900407,0.0030595062,0.0008287517,0.0043811672,0.2806638,0.14919758,9.299346e-05,0.11922287,0.37206113,392.1.jpg
0.024530543,0.0027456356,0.0055103637,0.00022020435,0.0012314464,0.0025509985,0.17561778,0.22696723,0.0018799943,0.23849143,0.34449518,392.2.jpg
0.49503,0.013946717,0.0005493362,0.0004253336,5.5809192e-05,0.00012529879,0.039220363,0.34394094,0.00010721842,0.029487139,0.6588191,392.3.jpg
0.0054991883,0.0006676316,0.0010502792,0.0004124785,0.0011954688,0.00023899497,0.033054218,0.06638888,2.4158644e-05,0.59972066,0.08145465,392.4.jpg
0.6906776,0.08237047,0.22070359,0.023895407,0.0043021035,0.025165526,0.026615698,0.063822776,0.006740742,0.21683502,0.28526106,393.1.jpg
0.0023685473,0.0006594817,0.030016992,0.0061093695,0.022818968,0.0042080404,0.0016118177,0.020435221,0.0005108711,0.9872241,0.4380143,393.2.jpg
0.9922496,0.6207084,0.40840772,0.007004857,0.0048621055,0.8098328,0.37293682,0.042851366,0.02623106,0.012939595,0.26733834,393.3.jpg
0.57669,0.029050566,0.013078722,0.0011219708,0.01593315,0.9366047,0.37919748,0.08345917,0.05385024,0.09675247,0.5450821,393.4.jpg
0.50130457,0.05906662,0.007960703,0.00058482937,9.333647e-05,0.0009363591,0.18504305,0.22547926,3.7971806e-06,0.00048687667,0.9588236,394.1.jpg
0.0034512398,0.00021125696,0.006740735,0.013183534,0.0012260035,0.007178445,0.3145734,0.17156816,3.315328e-05,0.007403578,0.99222237,394.2.jpg
0.011402526,0.0006264395,0.0047585773,0.0025011327,0.00011291554,0.008373918,0.45614293,0.16154324,8.662653e-06,0.009466459,0.998852,394.3.jpg
0.020026969,0.00065178954,0.017014435,0.025894744,0.00029589504,0.023510607,0.22823094,0.2545623,1.9501618e-05,0.0283633,0.9990343,394.4.jpg
0.45742226,0.20273095,0.022884872,0.03262975,0.008901026,0.000748759,0.032431353,0.0939859,0.009101653,0.008384848,0.2699412,395.1.jpg
0.005943869,0.001152824,0.009287417,0.01629254,0.012192835,0.00010174261,0.0072098286,0.08621793,0.0038319011,0.0022910577,0.06549326,395.2.jpg
0.06716289,0.003529714,0.020960147,0.012442632,0.0015889973,0.0034449855,0.31968018,0.07923041,0.0006818478,0.016051598,0.39432973,395.3.jpg
0.017512633,0.0025476664,0.31143326,0.09662566,0.0076459865,0.0011821971,0.0125943385,0.03297454,0.0044324687,0.059837345,0.24213041,395.4.jpg
0.007616995,8.257374e-05,4.2729047e-05,0.000111961315,0.00013913872,0.0007417253,0.0042802687,0.005518041,1.8850289e-05,0.11440874,0.099879295,396.1.jpg
0.0040033744,0.00056397147,0.00019615499,0.0005530769,0.022567013,0.0006784584,0.007592618,0.015078122,0.00035969945,0.8711241,0.025973745,396.2.jpg
0.0022332463,0.00032752746,0.00044861762,0.0005596237,0.0005652935,0.0006574033,0.005709796,0.0018413863,3.1033178e-05,0.7417455,0.027845325,396.3.jpg
0.006681328,0.00032626154,0.0003221105,0.00025972966,0.0057702935,0.005317431,0.008906967,0.007301398,0.00020206664,0.87906307,0.04820956,396.4.jpg
0.6440935,0.08563056,0.0060662474,0.0048928224,0.001019313,0.004766501,0.1642327,0.17362663,0.00015029385,0.011056992,0.9824086,397.1.jpg
0.34855178,0.03494879,0.008006822,0.025808388,0.00751817,0.0012957124,0.12523648,0.36806703,0.0005820567,0.034773864,0.9793671,397.2.jpg
0.34315866,0.08190006,0.040492162,0.02715131,0.012847204,0.040038466,0.24078806,0.117235824,0.0021928803,0.4436951,0.9711945,397.3.jpg
0.05034984,0.024592571,0.20267053,0.11009764,0.03556222,0.03941115,0.18451516,0.12728746,0.00235444,0.7259013,0.99331164,397.4.jpg
0.29790092,0.033100765,0.0042408323,0.0031244669,0.001641776,4.6592264e-05,0.0072012604,0.41060397,9.752607e-05,0.003076029,0.784105,398.1.jpg
0.0029344636,0.00012528004,0.07663162,0.07164913,0.007243715,8.886517e-05,0.022886641,0.3530593,0.00014057256,0.01843665,0.708773,398.2.jpg
0.00035286794,7.82685e-05,0.0017428785,0.008407684,0.00019746613,3.4743254e-05,0.0030285837,0.0373164,0.000118814816,0.027647385,0.8099949,398.3.jpg
0.0019312643,0.00021483056,0.12949167,0.033477426,0.005561087,0.00020371386,0.010069718,0.3089246,0.00095564366,0.17445076,0.39196172,398.4.jpg
0.012621663,0.0017646049,0.0014325932,0.0029817626,1.0699232e-05,5.744452e-06,0.0041591465,0.14519264,2.213561e-05,0.015883999,0.3724808,399.1.jpg
0.0074374243,0.0010316987,0.13247296,0.045069627,0.005224877,0.0033981006,0.12584452,0.36119533,0.0005106289,0.18400024,0.9861304,399.2.jpg
0.022464959,0.003497883,0.018142894,0.0662502,0.00043239113,0.0001827748,0.037316803,0.53905416,4.3216998e-05,0.00332835,0.9198968,399.3.jpg
0.00027838637,4.0623236e-05,0.0029456303,0.056109674,0.000643928,1.1515192e-05,0.0008542422,0.30234107,9.89024e-05,0.03676447,0.7425346,399.4.jpg
0.9803572,0.972948,0.028044254,0.03305468,0.00011316508,0.013533459,0.036392387,0.041617814,0.00047129788,0.0005546583,0.3032285,4.1.jpg
0.98943245,0.55494,0.009724558,0.018500341,0.0072347703,0.0075195865,0.37450072,0.32459605,0.013798492,0.00024523825,0.821514,4.2.jpg
0.999138,0.99832624,0.001332826,0.0074151717,0.0019110417,0.0038730188,0.23205258,0.04234868,0.010825948,3.9984647e-05,0.048986193,4.3.jpg
0.92156154,0.96989924,0.00021609751,0.0077419463,0.00042407145,0.0006220408,0.18801768,0.034273833,0.00028009934,2.371677e-05,0.016852047,4.4.jpg
0.06808181,0.03913319,0.11875029,0.1606173,0.000659344,0.0013139823,0.28503728,0.688896,0.0001471708,0.0035625445,0.84793395,40.1.jpg
0.16972199,0.04271476,0.03725314,0.014774041,0.0006865348,0.0023317323,0.27341712,0.23548688,0.0002984947,0.0077482234,0.9064701,40.2.jpg
0.3279359,0.23178262,0.5514819,0.10848557,0.0008381135,0.010684036,0.3713684,0.24638431,0.00037637138,0.010625263,0.8117721,40.3.jpg
0.032805413,0.00562699,0.3756657,0.018921454,0.005145017,0.0046913265,0.32149914,0.47477275,0.0009667916,0.046646528,0.8693762,40.4.jpg
0.052167483,0.00036755152,0.0048131594,0.0044498984,0.08754475,0.026493128,0.07597598,0.05063392,0.0071063903,0.65120023,0.6207973,400.1.jpg
0.04405684,0.0031174943,0.050489407,0.026717667,0.011503745,0.006441935,0.007814066,0.09394891,0.0033833345,0.82303613,0.26318228,400.2.jpg
0.056093164,0.00257643,0.11327874,0.039721195,0.016042119,0.07297015,0.15163785,0.02478171,0.00054768205,0.41725346,0.7416379,400.3.jpg
0.0047438554,9.70011e-05,0.09659622,0.01255058,0.003754832,0.0073096706,0.027362116,0.036613137,0.00042218217,0.49635464,0.7583389,400.4.jpg
0.018229248,0.00069484225,0.08950114,0.016074568,0.070814855,0.06664975,0.14139503,0.5035951,0.0008793234,0.4389476,0.9823369,401.1.jpg
0.039406694,0.0017391456,0.01213045,0.004878903,0.010847538,0.0495981,0.10591611,0.33005443,0.00034258317,0.8187004,0.9933795,401.2.jpg
0.4786825,0.003097935,0.0048083514,0.0030347563,0.000501477,0.0012133193,0.31962532,0.051083013,0.00039463432,0.0359894,0.7637424,401.3.jpg
0.18725471,0.0014962464,0.015741158,0.0020711925,0.02684164,0.049616348,0.1828984,0.4070488,0.0068797916,0.6003382,0.9390796,401.4.jpg
0.99921095,0.9299953,0.005330506,0.0015426493,0.0002777594,0.00969124,0.121385776,0.08702069,0.004000793,9.323746e-05,0.13108985,402.1.jpg
0.9996861,0.9992323,0.047213353,0.0068074674,0.00046737705,0.0041463147,0.070178024,0.1819696,0.00016172719,0.00011357199,0.2608902,402.2.jpg
0.99945337,0.99976355,0.011590209,0.004901648,0.006045883,0.051268417,0.22123004,0.16593267,8.6554595e-05,0.0007510948,0.20764452,402.3.jpg
0.99981993,0.99974424,0.0011561206,0.00037733474,6.9074367e-06,0.0030802097,0.08680571,0.008932651,2.1597973e-06,1.2793934e-06,0.44002134,402.4.jpg
0.023183191,0.0015081808,0.012233627,0.0029042675,0.0012863226,0.00035220128,0.102348424,0.2612089,0.00029808318,0.025047502,0.4404154,403.1.jpg
0.0029185042,4.443348e-05,0.00038866125,4.964627e-05,5.742969e-05,2.1531981e-05,0.018644061,0.05764851,1.0606055e-05,0.00025844414,0.08259189,403.2.jpg
0.10969667,0.0009930469,0.037691947,0.027937956,0.006480356,0.022128332,0.5296326,0.31026062,0.014382734,0.2601007,0.59861857,403.3.jpg
0.026743272,0.0004362737,0.0032597866,0.0023846466,9.679339e-05,0.00016835165,0.13551404,0.04301495,0.00021074997,0.014092518,0.24603091,403.4.jpg
0.75357276,0.6067698,0.031616714,0.017037714,0.00080899236,0.0014685056,0.08228474,0.14369866,0.021461235,0.003352078,0.07391463,404.1.jpg
0.42168558,0.34239122,0.42481047,0.055173494,0.016951984,0.0127736535,0.17845015,0.6750798,0.06469837,0.01020929,0.36534113,404.2.jpg
0.03679737,0.06371321,0.10457854,0.08194263,0.026558094,0.0034116583,0.033750195,0.5654943,0.014313996,0.03824513,0.23067741,404.3.jpg
0.029251583,0.010055957,0.51832676,0.64500695,0.022579497,0.008905118,0.08818057,0.23806638,0.21245639,0.076384954,0.102108404,404.4.jpg
0.22934179,0.0013069448,0.040971223,0.019194707,0.0016649488,0.0056309486,0.58245325,0.08576213,0.0018978447,0.08048496,0.960473,405.1.jpg
0.1148252,0.0036162897,0.07146284,0.031328436,0.027984014,0.08338339,0.47505915,0.42981768,0.0037030496,0.13482119,0.9959474,405.2.jpg
0.48184648,0.08422352,0.35432005,0.14899345,0.046504855,0.29987738,0.7216315,0.2330296,0.05239132,0.6839206,0.9687109,405.3.jpg
0.007877332,0.0028572471,0.01932639,0.0107126,0.0004972621,0.0007223392,0.01606491,0.4496216,8.744611e-05,0.28363475,0.9969393,405.4.jpg
0.7787611,0.07822564,0.37395823,0.07125388,0.027018,0.0049114404,0.7412402,0.85415024,0.025469448,0.020342572,0.65041095,406.1.jpg
0.026014306,0.00073478883,0.23700987,0.03376589,0.0040328763,9.78619e-05,0.07810525,0.75584847,0.00037061883,0.004992222,0.462356,406.2.jpg
0.8909172,0.4261593,0.60189897,0.06496587,0.057336036,0.1929648,0.78583694,0.45606962,0.10761623,0.055792753,0.25168058,406.3.jpg
0.0013564812,0.00096517225,0.0023541388,0.0018364446,0.0019416459,1.7123488e-05,0.0035275961,0.12607718,1.6673763e-05,0.1282504,0.14480302,406.4.jpg
0.81934196,0.09850778,0.09361353,0.009004025,0.0004544385,0.0065592076,0.22220518,0.42121863,0.0007122987,0.017809844,0.9219002,407.1.jpg
0.10018017,0.006096704,0.012656348,0.004572805,0.00064965955,0.0004938507,0.0064420053,0.42515153,6.1874e-05,0.009915196,0.98072994,407.2.jpg
0.8921977,0.082200006,0.00587319,0.0005253021,5.894192e-06,0.0051756254,0.20953523,0.18272868,3.0506824e-05,0.0059923693,0.9906516,407.3.jpg
0.30157018,0.048787914,0.031023128,0.0025069758,0.00028867056,0.023329102,0.037631743,0.26266274,0.00010566407,0.022899648,0.97782147,407.4.jpg
0.34099245,0.2079079,0.060268037,0.039002594,0.00024549864,0.007605657,0.036924027,0.32346758,0.00026344747,0.011419426,0.99145377,408.1.jpg
0.38321072,0.2015268,0.010473261,0.015904594,0.00011077035,0.00021421777,0.016987476,0.54598165,5.2357318e-05,0.00047600537,0.98085517,408.2.jpg
0.034434002,0.05836159,0.031319275,0.044369694,0.000737902,0.0025502027,0.07041938,0.079219244,0.00048583656,0.13133039,0.9503755,408.3.jpg
0.03925734,0.018293757,0.050671197,0.08393432,0.00121417,0.0023195634,0.114702515,0.16372803,0.0005820922,0.14260109,0.99008596,408.4.jpg
0.6805355,0.120553635,0.010022575,0.04445666,0.032224424,0.0132704275,0.21674095,0.56782585,0.009963258,0.075903736,0.22386165,409.1.jpg
0.00064460735,2.1284986e-05,0.00047555572,0.002050318,0.0030294592,4.1895632e-06,0.002911374,0.14266503,5.3902517e-05,0.02776321,0.24685524,409.2.jpg
0.098978,0.01228637,0.007857089,0.014525303,0.0076552466,0.0040348107,0.0706749,0.050589394,0.0016561394,0.42662153,0.23482841,409.3.jpg
0.9838945,0.559307,0.09606875,0.054499026,0.019510955,0.27516165,0.274692,0.02343965,0.03440557,0.08336971,0.3846384,409.4.jpg
0.3865984,0.2994604,0.005920039,0.0042823786,0.0006240428,0.0028396486,0.30676195,0.582094,6.741876e-05,0.010562368,0.93968844,41.1.jpg
0.0055715656,0.00043151097,0.026023688,0.006085988,0.0019155417,7.6393975e-05,0.026978225,0.44642538,8.4464795e-05,0.026421638,0.83741724,41.2.jpg
0.19528708,0.19383349,0.42500934,0.044550147,0.0021978186,0.0067998823,0.035976518,0.2097557,0.0003273308,0.103005506,0.7123458,41.3.jpg
0.015169596,0.0011911393,0.62417525,0.007532619,0.0026326354,0.0021334826,0.051211543,0.3989333,0.0005800279,0.04063333,0.5929781,41.4.jpg
0.9970125,0.9979652,0.0106774205,0.013369361,0.00035618435,0.014069056,0.12107482,0.0783251,0.0010982198,0.00016036528,0.80449086,410.1.jpg
0.8160616,0.3340509,0.0136743365,0.010103235,0.00046084594,0.020950275,0.49072936,0.43877217,0.0017657174,0.0059459656,0.9824553,410.2.jpg
0.9588942,0.052451458,0.0048080045,0.0077242004,5.6630357e-05,0.012727715,0.6340836,0.23389493,0.0004169247,0.00057149027,0.9655575,410.3.jpg
0.89776397,0.0688192,0.112397276,0.16514035,0.0058931634,0.020987919,0.7074833,0.54437035,0.016561182,0.0055247806,0.618758,410.4.jpg
0.2720925,0.007840091,0.05386974,0.0049745436,0.008888452,0.013292581,0.07067285,0.6123177,0.00767672,0.011691614,0.829522,411.1.jpg
0.77919185,0.09116671,0.025969984,0.0856587,0.008100585,0.0028188063,0.0901422,0.2252238,0.0012153775,0.010056484,0.4042103,411.2.jpg
0.18984486,0.0027603486,0.022284504,0.003567938,0.00078190723,0.0022487254,0.123388566,0.068043865,0.0029820818,0.07085034,0.3753049,411.3.jpg
0.4010781,0.0150606055,0.12310858,0.10712189,0.042840384,0.09131274,0.42624694,0.1654693,0.33287397,0.18650094,0.44366473,411.4.jpg
0.94854754,0.6597103,0.0008053231,0.0057005617,0.0006988242,0.00017857277,0.054953657,0.341586,0.00048449956,0.00072030997,0.29393178,413.1.jpg
0.9984371,0.99314755,0.001827107,0.008819638,0.00041672602,0.00169066,0.3632348,0.06393257,0.004606567,2.2418797e-05,0.071570784,413.2.jpg
0.9986174,0.94945717,0.006803332,0.0040751877,0.0003291458,0.0027749897,0.3909161,0.049577873,0.008319825,3.3338813e-05,0.079936914,413.3.jpg
0.65972024,0.26672116,0.04208987,0.10103203,0.0044724885,0.030451437,0.46110812,0.4261217,0.018803652,0.039164875,0.70598257,413.4.jpg
0.26211083,0.0018193361,0.024029063,0.013805144,0.00163962,0.0037858246,0.66268134,0.17568044,0.010802279,0.027122974,0.6132493,414.1.jpg
0.00401342,0.00021141354,0.027055496,0.11717276,0.00088468555,0.00037332802,0.16281055,0.16569546,0.0011149468,0.059430253,0.71951425,414.2.jpg
0.15086883,0.026128188,0.6534556,0.2531672,0.040894717,0.013106164,0.1578073,0.17717059,0.06276313,0.30356646,0.5306782,414.3.jpg
0.0026679528,0.0003483953,0.20672981,0.035656285,0.061268963,0.014570305,0.1141591,0.16357963,0.010680775,0.14965697,0.47246876,414.4.jpg
0.93110347,0.8366583,0.112608,0.034105424,0.014820497,0.1652514,0.58147264,0.3273482,0.012385861,0.04458627,0.7814119,415.1.jpg
0.12603933,0.008704927,0.12698154,0.012190131,0.008734866,0.027931793,0.3078258,0.65276146,0.00079065934,0.09221306,0.77964306,415.2.jpg
0.09884403,0.0107026,0.339181,0.028782755,0.00072278746,0.03604025,0.19958791,0.0808602,0.0019855185,0.3456417,0.82413197,415.3.jpg
0.018184766,0.00591789,0.25172976,0.058836255,0.027938824,0.014822427,0.033234112,0.041470394,0.0011136777,0.5580154,0.41408938,415.4.jpg
0.06583058,0.0037494437,0.026259724,0.07109535,0.001576492,0.0024819616,0.22714263,0.14530751,0.0018907434,0.015680833,0.9718907,416.1.jpg
0.012623808,8.307075e-05,0.00872953,0.0030327549,0.00013544018,0.0036768385,0.0040747174,0.0990408,8.886957e-05,0.050930306,0.9796649,416.2.jpg
0.9917801,0.959278,0.0037818144,0.020599226,0.009355894,0.09489635,0.24563347,0.039117783,0.017516367,0.0063650724,0.81954527,416.3.jpg
0.9883527,0.9388337,0.016387077,0.0051634843,0.009074351,0.5816485,0.5239832,0.037277684,0.03807406,0.0038262391,0.6134955,416.4.jpg
0.03001884,0.0061714835,0.06594824,0.017176393,0.014631501,0.00032964416,0.009633211,0.36445835,0.0020590436,0.031954557,0.6848345,417.1.jpg
0.03156496,0.00019230523,0.023872178,0.0074935006,0.01344656,0.000100492776,0.022316879,0.22150742,0.0033409533,0.0045157517,0.2787969,417.2.jpg
0.33620727,0.040756643,0.013679406,0.0010003715,0.00030138195,8.801902e-05,0.010876982,0.14808807,6.924824e-05,0.012240335,0.11057109,417.3.jpg
0.0023713568,0.0010392062,0.54987824,0.023775967,0.031287443,0.0015812388,0.07167953,0.12321403,0.05462602,0.01490985,0.081260286,417.4.jpg
0.12303256,0.004775016,0.007336997,0.0029882523,4.735592e-05,0.0034443587,0.44105482,0.33907187,2.8317208e-05,0.007869938,0.97118956,418.1.jpg
0.051716253,0.0012531559,0.024577739,0.0029282852,0.00038811014,0.005879881,0.19558701,0.20623255,0.00026232033,0.5957306,0.98299485,418.2.jpg
0.21956319,0.05830484,0.18862626,0.030411465,0.0011684586,0.011952872,0.4562709,0.21748291,0.0001933669,0.0059850994,0.86620176,418.3.jpg
0.08864607,0.002663417,0.01965018,0.010337852,0.004718069,0.037894364,0.33053887,0.24996713,0.0011048771,0.5188865,0.95254356,418.4.jpg
0.014936755,0.005460393,0.009197143,0.0068093305,0.0006997495,0.00022547587,0.04036047,0.47047427,6.523431e-05,0.0029418487,0.9047001,419.1.jpg
0.017218651,0.00887634,0.03612973,0.074490115,0.0049595055,0.00011177964,0.0059445957,0.1581637,0.00032922864,0.0069411723,0.91692215,419.2.jpg
0.16848187,0.07628347,0.011893047,0.02965966,0.0005565102,0.00080635335,0.023817172,0.2123896,0.0003180905,0.005014805,0.57575494,419.3.jpg
0.10682985,0.011028559,0.026782056,0.0012158256,0.0013872716,0.0001336241,0.059449628,0.21624419,0.00015710709,0.0007020841,0.31146654,419.4.jpg
0.03890076,0.0031804845,0.10049114,0.033766054,0.0024028737,0.00064299215,0.038483825,0.3342223,0.00017677329,0.04096019,0.9799427,42.1.jpg
0.009103196,0.00037183607,0.018643592,0.0077825207,0.00070633116,2.9271649e-05,0.0022691977,0.14011142,3.1638385e-05,0.034841556,0.8368632,42.2.jpg
0.0050794585,0.00049996545,0.019594373,0.13040668,0.0010414073,9.106844e-05,0.012555125,0.05888874,0.0001774899,0.041260906,0.95288175,42.3.jpg
0.0021007163,0.00047937903,0.02615635,0.053704366,0.0012300395,0.00023563877,0.009628185,0.08036025,0.000118333264,0.019667227,0.9651279,42.4.jpg
0.30342996,0.24617748,0.0073429034,0.0026730224,0.00016175729,0.00096027146,0.058859427,0.24716482,2.6386311e-05,0.017969187,0.90643626,420.1.jpg
0.08236014,0.012519258,0.0925245,0.008157572,0.00047408833,0.0060892915,0.60588217,0.41400453,0.00032770706,0.017679757,0.79322034,420.2.jpg
0.34616798,0.13292007,0.01698964,0.0046355054,0.0003644898,0.0030657593,0.3845408,0.07016979,0.00020556866,0.033114944,0.9051683,420.3.jpg
0.013781644,0.00059638394,0.07123064,0.0064644516,0.0016615711,0.0023136057,0.071799785,0.061064705,0.00064908393,0.052186556,0.9413947,420.4.jpg
0.04511936,0.00546131,0.072518736,0.013551519,0.05591803,0.01745635,0.3158066,0.3321858,0.008147261,0.5394294,0.7902671,421.1.jpg
0.007624114,0.00053363864,0.026329365,0.005450464,0.19883604,0.007442333,0.063204385,0.20044732,0.0010972457,0.59755665,0.4073496,421.2.jpg
0.0025757318,0.0011985296,0.3694481,0.0063029756,0.0005710054,0.00021565724,0.024871381,0.11252518,0.002357836,0.028801994,0.3082533,421.3.jpg
0.021130864,0.0016447586,0.1222608,0.014991134,0.0058325073,0.00033081468,0.017131729,0.20908093,0.0011406031,0.03862691,0.30347875,421.4.jpg
0.2872503,0.66199934,0.031456944,0.06291213,0.13066976,0.000996283,0.07031961,0.5916399,0.011580648,0.01720319,0.81371725,422.1.jpg
0.4118227,0.14402911,0.04811533,0.039533872,0.20728667,0.000214408,0.27236786,0.81293017,0.0058505707,0.003082769,0.76142645,422.2.jpg
0.9962502,0.9986333,0.0009779218,0.0054763234,0.00010241034,0.00032738165,0.12563567,0.031407006,3.3084332e-05,1.8252973e-05,0.13581137,422.3.jpg
0.7875164,0.5098461,0.13273546,0.12361889,0.037229165,0.017648596,0.6515007,0.8626305,0.034832343,0.00027952308,0.38218766,422.4.jpg
0.00089705427,0.0005009596,0.0123552065,0.025675764,0.0004670889,2.5908117e-05,0.008003542,0.010707478,0.0006526679,0.06281529,0.19796081,423.1.jpg
0.0020038616,0.00027751454,0.07201874,0.13430737,0.008147258,0.0002833358,0.53789276,0.061160967,0.011317691,0.009398537,0.08082611,423.2.jpg
0.01995923,0.027632104,0.043472826,0.20124608,0.0013991753,0.0001928605,0.013773461,0.011792176,0.00062992336,0.16369691,0.23483343,423.3.jpg
0.020193422,0.0028146475,0.26720187,0.08394026,0.013392382,0.0018179597,0.06438484,0.23989204,0.013907564,0.032877877,0.45156363,423.4.jpg
0.012846623,0.00024931665,0.016098311,0.23978232,0.003639964,0.0022228707,0.19092591,0.062332787,0.0022625087,0.23094825,0.9445631,424.1.jpg
0.016044257,0.0040804204,0.08490008,0.027152883,0.11238694,0.36013088,0.20491023,0.3283541,0.01781756,0.93142635,0.93914557,424.2.jpg
0.1131355,0.017127497,0.0031703238,0.023299703,0.001214125,0.0012075043,0.021409204,0.020484043,0.0019321947,0.01912102,0.5159107,424.3.jpg
0.013186827,0.0007336141,0.008478133,0.0021815472,0.020216946,0.01793311,0.071895495,0.14699636,0.003581252,0.28822187,0.781615,424.4.jpg
0.18915723,0.0033089311,0.004275544,0.000989443,5.229105e-05,0.0017559236,0.42247245,0.40991208,0.00024198745,0.00030006372,0.7999022,425.1.jpg
0.1683206,0.010558432,0.056143995,0.057622608,0.010191443,0.004227992,0.3011235,0.22437583,0.007633095,0.026161604,0.4751324,425.2.jpg
0.0010935965,0.00010336801,0.0047708214,0.22426823,0.0009724118,0.00010269011,0.014873224,0.06890144,8.235929e-05,0.023241205,0.9790406,425.3.jpg
0.02321796,0.0015723258,0.012049004,0.10075268,0.001420782,0.0013572928,0.09601218,0.11367122,0.00032259608,0.034170803,0.9810937,425.4.jpg
0.15970086,0.011500053,0.0049538896,0.0011230133,0.0004999738,0.00035272902,0.05466044,0.2674306,4.1466872e-05,0.012943719,0.79909784,426.1.jpg
0.006946995,0.0012766472,0.02689298,0.003857745,0.00024509733,0.00060753344,0.031686407,0.09400214,8.2448714e-05,0.21814339,0.92736745,426.2.jpg
0.414316,0.55360174,0.023670895,0.004997628,0.0043979115,0.016121749,0.049188096,0.022184845,0.00044257162,0.019446675,0.10045955,426.3.jpg
0.056853622,0.0033175193,0.0485227,0.0014999628,0.0021221277,0.00046322972,0.46685374,0.39826876,0.0003533845,0.0053778016,0.20945272,426.4.jpg
0.10061975,0.0070092427,0.03710155,0.022355327,0.012098231,0.036618177,0.31236187,0.19271882,0.001065019,0.48947123,0.972887,427.1.jpg
0.0075228293,0.0017191529,0.04871938,0.019623667,0.12157863,0.04599249,0.27734655,0.1682033,0.00090097316,0.958983,0.96367157,427.2.jpg
0.007872743,0.0014712905,0.117381,0.062045198,0.18063073,0.022034308,0.17517997,0.26813552,0.0035387755,0.8842345,0.92074716,427.3.jpg
0.01872442,0.0010892054,0.09985894,0.0032171141,0.0070594284,0.051927697,0.10021007,0.10934011,0.007597956,0.64727193,0.9714153,427.4.jpg
0.994766,0.9695858,0.2709142,0.10478006,0.0019672343,0.040377665,0.24350384,0.43428206,0.0040387795,0.0024230476,0.70807606,428.1.jpg
0.5551142,0.14449172,0.12542155,0.14235061,0.004972092,0.0029636824,0.096362635,0.8511696,0.0009583873,0.007656845,0.943336,428.2.jpg
0.9990392,0.99275404,0.035346046,0.0034608156,0.00027771544,0.018887974,0.108059764,0.02454375,0.0023828254,0.00027718558,0.6268563,428.3.jpg
0.9876682,0.6699177,0.5859755,0.07313071,0.003003836,0.14601108,0.7488476,0.40825474,0.045943074,0.009390025,0.6386868,428.4.jpg
0.022804225,0.0023796842,0.0077304197,0.025672633,0.0020837658,0.000390167,0.032399595,0.07204236,6.807766e-05,0.03459608,0.20910408,429.1.jpg
0.020842718,0.0012570628,0.005091234,0.0112914685,0.009089963,0.0024510813,0.028870666,0.026545774,0.010581156,0.32482487,0.12347974,429.2.jpg
0.71754265,0.0548126,0.006131853,0.0017879682,0.00023497826,0.00086694775,0.033682037,0.03755219,0.00029317936,0.012196632,0.16840303,429.3.jpg
0.027365286,0.0019025403,0.0042784926,0.0077181244,0.0004085421,7.958128e-05,0.0077295527,0.031650715,0.00022083639,0.12322717,0.15902437,429.4.jpg
0.38700637,0.034676604,0.57864666,0.22375993,0.09166975,0.0016885663,0.1698873,0.8436593,0.01265222,0.009719288,0.3663904,43.1.jpg
0.65353966,0.04257711,0.6871534,0.06165712,0.044530272,0.0035152442,0.30208492,0.8150133,0.007035467,0.0018558556,0.48636502,43.2.jpg
0.990466,0.8735386,0.038519196,0.0101647,0.014199827,0.0056752954,0.6143884,0.86977684,0.016039943,0.00046892755,0.16166085,43.3.jpg
0.9519707,0.063450195,0.3713214,0.005578494,0.00087832613,0.006462954,0.76134354,0.63448703,0.0035539055,0.00021998986,0.22239912,43.4.jpg
0.6276763,0.05741437,0.0518317,0.009583651,0.021111628,0.079048835,0.15035436,0.06542107,0.047425266,0.073707774,0.16614847,430.1.jpg
0.07407747,0.0069428813,0.008023618,0.0172313,0.006402508,0.04281289,0.458571,0.31968516,0.0043975757,0.15796065,0.9218195,430.2.jpg
0.14699522,0.0011674662,0.0055559026,0.103078574,0.00012581842,0.0006800885,0.1734155,0.092498496,3.695254e-05,0.15125516,0.97854954,430.3.jpg
0.5738536,0.37720138,0.1526264,0.12338373,0.0049868627,0.20788844,0.52452016,0.43302757,0.034539264,0.2961426,0.98061866,430.4.jpg
0.025894793,0.0032201065,0.02036837,0.061366923,0.0034949535,0.0054791966,0.1207999,0.16323918,0.0029110084,0.170789,0.6908866,431.1.jpg
0.5392252,0.06904916,0.037776466,0.011116078,0.0013612605,0.011766726,0.28935283,0.49035552,0.0039408463,0.03361249,0.7522135,431.2.jpg
0.2971189,0.016104855,0.022596482,0.004531223,0.006623294,0.001470266,0.23359767,0.4848175,0.0031820447,0.00535676,0.36056277,431.3.jpg
0.36690158,0.014997543,0.10104695,0.0058521936,0.0089304475,0.015248092,0.45119625,0.23341317,0.012985009,0.084340006,0.6542182,431.4.jpg
0.025203368,0.13320325,0.0107262125,0.0040017013,0.00019163091,0.00071783,0.0028406912,0.026541075,1.99195e-05,0.010514912,0.15864469,432.1.jpg
0.05486445,0.013059576,0.085508,0.04213228,0.04083882,0.0020045664,0.05524612,0.32393202,0.015746145,0.037654594,0.09283549,432.2.jpg
0.93411225,0.855475,0.8277717,0.17977166,2.8786453e-05,0.0017358778,0.054261584,0.04970999,0.00013443669,5.7856476e-05,0.40297946,432.3.jpg
0.5424648,0.7154326,0.01736764,0.062783144,0.00047472754,0.00077921455,0.026836984,0.19982705,0.00014978684,0.00050326914,0.033546302,432.4.jpg
0.521471,0.14665793,0.05519398,0.008141638,0.0007872836,0.0019171323,0.3140331,0.7556625,0.003281228,0.009836045,0.6485066,433.1.jpg
0.03531145,0.0040368945,0.43553212,0.007615792,0.0031199537,0.007354538,0.41991514,0.5071724,0.004776952,0.009457963,0.4297238,433.2.jpg
0.17631058,0.033206243,0.029028887,0.037060004,0.0019596973,0.000412902,0.34941894,0.36058253,0.015645161,0.0035947775,0.05451764,433.3.jpg
0.0040321695,6.0630642e-05,0.008069347,0.0039632847,0.000186965,5.117667e-05,0.024282722,0.067999385,6.853054e-05,0.00780924,0.11563353,433.4.jpg
0.05751177,0.0011153314,0.013869203,0.0050957697,0.0002785558,0.0005980854,0.090572275,0.6303083,1.8246918e-05,0.005638175,0.9834029,434.1.jpg
0.25367448,0.011763533,0.022826295,0.0150867,0.00063133286,0.0034132039,0.19865568,0.52004117,0.00041367853,0.023292858,0.9626923,434.2.jpg
0.002642364,0.00030261025,0.010188246,0.00737476,6.2358245e-05,3.421611e-05,0.09218964,0.17448328,1.7028102e-06,0.00087378966,0.96876097,434.3.jpg
0.04997988,0.016207943,0.43994993,0.05025609,0.0029736524,0.0075268564,0.14850992,0.23107919,0.0003074193,0.1355285,0.9717172,434.4.jpg
0.011810632,0.001109483,0.010799671,0.007730599,0.041279413,0.040349867,0.07654693,0.06170155,0.002457038,0.9978934,0.9526753,435.1.jpg
0.0968945,0.060747877,0.038437236,0.01671742,0.026297653,0.9005826,0.07761528,0.028496208,0.14961968,0.9899559,0.7034826,435.2.jpg
0.15765809,0.015948357,0.061523397,0.005002227,0.05400247,0.29953068,0.6484504,0.040686242,0.04724602,0.6274115,0.7535271,435.3.jpg
0.123097785,0.012867612,0.0076594534,0.0024963787,0.030489739,0.45586693,0.33131853,0.13726604,0.0449373,0.9783478,0.77123564,435.4.jpg
0.94602394,0.34557796,0.0063007576,0.001119735,0.00045120288,0.050587554,0.51012784,0.13917457,0.00024802948,0.014793828,0.77967817,436.1.jpg
0.12751564,0.005084765,0.013955245,0.0051183673,0.008798641,0.03367849,0.30639082,0.16972901,0.0016484867,0.8571352,0.81311464,436.2.jpg
0.4080702,0.0056708436,0.007435059,0.0024042572,0.00050071493,0.024066493,0.22821607,0.10900351,0.0005168545,0.2711875,0.8435366,436.3.jpg
0.09823732,0.009507481,0.050190218,0.010831004,0.018306911,0.2270332,0.10191682,0.1351811,0.0078815445,0.92781734,0.9415925,436.4.jpg
0.03709767,0.013148288,0.03357089,0.03792694,0.0042032995,0.0015037662,0.06687718,0.49970144,0.017293148,0.0013964436,0.07542223,437.1.jpg
0.026654411,0.028258894,0.62902105,0.14085679,0.20487034,0.011721742,0.20126157,0.49711996,0.25545353,0.005335808,0.038062528,437.2.jpg
0.14894693,0.0075171706,0.012891594,0.0057985913,0.0026479694,0.0044801463,0.5352547,0.31444848,0.017979229,0.0037202695,0.15405165,437.3.jpg
0.26865926,0.02449525,0.025149686,0.0020021715,0.00024779193,0.00026702342,0.8749901,0.39679477,6.707516e-05,0.00026235837,0.08881134,437.4.jpg
0.5483711,0.019329153,0.0012786393,0.00044392605,0.005444689,0.08791107,0.46008512,0.07922785,0.00048081714,0.31522977,0.40591025,438.1.jpg
0.05044232,0.0056904457,0.008498319,0.0020424644,0.014938369,0.0492884,0.10808493,0.08961588,0.0008684707,0.95750934,0.6912048,438.2.jpg
0.6955991,0.06925481,0.019707443,0.0004986426,0.014395285,0.7190551,0.06334069,0.013058562,0.0015093366,0.330291,0.65214926,438.3.jpg
0.08486254,0.010908073,0.0016471886,0.00027587975,0.0020275638,0.032501027,0.014715471,0.0121569475,0.00010523472,0.9470746,0.38508618,438.4.jpg
0.07213599,0.0034852503,0.0095213745,0.0049827397,0.00047839145,0.00076182256,0.003439454,0.3970233,0.0022802588,0.0008203553,0.9406416,439.1.jpg
0.008990984,0.0006965933,0.011372946,0.01416215,0.0029274833,4.102348e-05,0.019850116,0.10022011,0.00020552771,0.05348152,0.84910786,439.2.jpg
0.49274343,0.036898255,0.017519543,0.09660673,0.0832435,0.00056969415,0.13600929,0.18380532,0.0028223295,0.027391836,0.7476095,439.3.jpg
0.009206134,0.0006175952,0.029467173,0.04284015,0.0027184633,3.820841e-05,0.0058584497,0.22350413,3.320036e-05,0.022370005,0.76418775,439.4.jpg
0.18652415,0.015560869,0.0074499734,0.006438447,0.00020908294,0.0006374342,0.15968297,0.30589557,0.0003276483,0.0085819755,0.8913385,44.1.jpg
0.056636665,0.016176624,0.048687004,0.103933156,0.008879232,0.00035156964,0.08669859,0.3192765,0.0014659732,0.15300742,0.44777977,44.2.jpg
0.7170767,0.06794729,0.117921576,0.03264634,0.00045236395,0.019552728,0.2499566,0.029688051,0.0003125568,0.007888346,0.8216073,44.3.jpg
0.6711725,0.011299005,0.03021811,0.013837648,0.00038823579,0.0028099369,0.034244813,0.055897504,0.011924946,0.08189738,0.7995603,44.4.jpg
0.15240538,0.0005230912,0.003676365,0.0007526747,0.0006727323,0.0028809356,0.31697196,0.060528144,0.0008014544,0.06526536,0.79232967,440.1.jpg
0.003302918,3.747946e-05,0.0016300032,0.0013833948,0.059724044,0.0013414021,0.011131163,0.056531474,0.013395036,0.30063903,0.10431043,440.2.jpg
0.90234715,0.150375,0.008154135,0.014844587,0.0029785961,0.007098666,0.12312132,0.07654361,0.045327947,0.0065071573,0.22650884,440.3.jpg
0.9577974,0.13743578,0.034358673,0.010156265,0.0071079684,0.015739039,0.32301414,0.20469266,0.014040162,0.03715724,0.5665149,440.4.jpg
0.9910663,0.6932159,0.00017882868,4.9578895e-05,7.9800575e-06,0.8918425,0.34733522,0.0015458247,0.0010219938,0.00017303125,0.52301127,441.1.jpg
0.031731192,0.0052039293,0.00094316,0.00079593994,0.057903245,0.39252037,0.270476,0.0738742,0.00032543798,0.63252294,0.08036666,441.2.jpg
0.9980737,0.62489796,0.03456953,0.010982223,0.0026461051,0.4196073,0.26537323,0.016644306,0.05872803,0.030090768,0.3128794,441.3.jpg
0.7107299,0.049718067,0.0076113786,0.015991956,0.0026410876,0.006068577,0.013373174,0.09552217,0.00061470806,0.111616276,0.19579494,441.4.jpg
0.21629347,0.007988309,0.23519458,0.16333328,0.004515512,0.051951393,0.57160014,0.55540305,0.022054555,0.09716113,0.95625746,442.1.jpg
0.0022280568,0.00074480433,0.10025443,0.029906338,0.001021038,0.0020771804,0.11924892,0.08798325,0.0006934478,0.0335429,0.8678851,442.2.jpg
0.83272356,0.2359926,0.53700095,0.1760859,0.028695509,0.392043,0.48412845,0.1699559,0.14672713,0.22645919,0.57493204,442.3.jpg
0.650102,0.045254618,0.967123,0.16162193,0.120140724,0.34308797,0.60056555,0.86566705,0.32391918,0.017762395,0.5295,442.4.jpg
0.1242061,0.0060820407,0.07883649,0.0043672645,0.0017040077,0.00067464815,0.044476915,0.35307756,0.0010070984,0.0030545508,0.60152787,443.1.jpg
0.020225808,0.0011343311,0.070211194,0.051319417,0.0012629115,0.0002762174,0.049674205,0.2761228,0.0006534076,0.009890987,0.73621845,443.2.jpg
0.26948988,0.059455357,0.57246083,0.099331245,0.030405277,0.012323662,0.631382,0.38558346,0.011652072,0.019167041,0.7054971,443.3.jpg
0.08021997,0.023794595,0.25771454,0.13167603,0.11623773,0.036733754,0.481296,0.5297827,0.03288345,0.16263099,0.86111176,443.4.jpg
0.6171075,0.24430156,0.08892145,0.051316053,0.0033045276,0.008338344,0.110028796,0.46243808,0.00032383756,0.009530394,0.9751542,444.1.jpg
0.18607324,0.13646878,0.35619214,0.052620437,0.026196172,0.023154786,0.30329952,0.3013353,0.004099556,0.14567263,0.97647774,444.2.jpg
0.36605924,0.038149636,0.0043121465,0.01938385,0.0007068126,0.00973729,0.13976765,0.10466946,8.757237e-05,0.036733888,0.9960133,444.3.jpg
0.064663015,0.008884156,0.028443806,0.11874065,0.0018787724,0.04783215,0.25512856,0.099960886,0.0004056434,0.08027663,0.9978935,444.4.jpg
0.04739559,0.00088823226,0.017111538,0.007937007,0.009373173,0.024260115,0.12547795,0.06273348,0.025302662,0.08378556,0.8485394,445.1.jpg
0.715954,0.37031013,0.15801434,0.028127002,0.05351617,0.68348354,0.77469176,0.35657954,0.23124239,0.38857797,0.69131005,445.2.jpg
0.7433986,0.12000333,0.037547465,0.059496187,0.01755117,0.14596884,0.7524908,0.46279198,0.018141484,0.40770835,0.9199195,445.3.jpg
0.25572506,0.029681563,0.034160238,0.009026995,0.015262125,0.070200495,0.5256943,0.31288987,0.0037917062,0.17021948,0.68845767,445.4.jpg
0.63911754,0.21262123,0.081026725,0.2073256,0.1511894,0.13859291,0.4502384,0.46120983,0.1302098,0.04899767,0.9538423,446.1.jpg
0.28744504,0.09157787,0.10578918,0.15224893,0.021500736,0.002880392,0.36952204,0.22720931,0.006416787,0.016622748,0.6223394,446.2.jpg
0.17017046,0.119495474,0.02586111,0.030267566,0.033643685,0.0024968644,0.069696434,0.73398584,0.0011672393,0.02326812,0.833457,446.3.jpg
0.5899231,0.048056997,0.10060531,0.025493803,0.018040264,0.013309434,0.18354905,0.6861297,0.0019927097,0.011843858,0.9446267,446.4.jpg
0.9684,0.5759311,0.070642486,0.0032782257,0.016900202,0.7207067,0.38949984,0.01073186,0.011738984,0.06227494,0.24173701,447.1.jpg
0.9770974,0.37913996,0.004368154,9.989621e-05,0.00014911436,0.22800112,0.063529596,0.0018845595,0.00048780575,0.0010746436,0.19826585,447.2.jpg
0.9912282,0.43662968,0.011891797,0.0009247181,7.3732386e-05,0.55727243,0.3695953,0.0052924,0.001277363,0.00077048,0.8843646,447.3.jpg
0.9175055,0.25954723,0.020501046,0.00078834064,0.0018314177,0.97090256,0.37035215,0.009143505,0.010929227,0.0010868121,0.4473263,447.4.jpg
0.1421312,0.03168967,0.30299985,0.20879778,0.17048272,0.11034816,0.34676582,0.061475575,0.13176394,0.9204764,0.30893713,448.1.jpg
0.000332192,1.0995741e-05,0.0009211035,0.00046406683,0.037359927,6.185205e-05,0.0012350002,0.057185207,9.154714e-06,0.9827031,0.39855248,448.2.jpg
0.034685377,0.00061268633,0.0020727855,0.0031741867,0.05959906,0.019530823,0.029511629,0.015184928,0.0026787808,0.913748,0.46651137,448.3.jpg
0.1104853,0.00086215744,0.013373871,0.019528013,0.12429849,0.12339478,0.20791008,0.029508853,0.22539185,0.8410565,0.49120936,448.4.jpg
0.046651214,0.0019891406,0.029505668,0.0010735568,0.028767526,0.04566741,0.050603498,0.05279048,0.00020940835,0.8539793,0.14443798,449.1.jpg
0.0100948075,0.002890628,0.0020277991,0.0008321183,0.018091498,0.14965215,0.21159479,0.092051096,0.0002901282,0.934401,0.28501973,449.2.jpg
0.044935994,0.00037059002,0.0005405456,0.00016595077,0.0039150654,0.18451898,0.14510947,0.06540005,0.00012621109,0.62782466,0.40784952,449.3.jpg
0.012673532,0.0005487974,0.0003415704,0.00012708375,0.0027132311,0.080747195,0.06499976,0.06738905,2.4180681e-05,0.7767782,0.57398295,449.4.jpg
0.00020528623,7.157924e-05,0.010775603,0.0063882633,0.000494847,0.00045315118,0.013635022,0.07867211,0.0002553424,0.0037965328,0.96849066,45.1.jpg
0.0074480837,0.0015299916,0.05097036,0.026223337,0.0028439197,0.00024055869,0.017262513,0.18880893,0.00022160754,0.3005227,0.9615905,45.2.jpg
0.4835781,0.033976536,0.13840237,0.035953157,0.0077615785,0.059117574,0.5169828,0.332325,0.012613649,0.1592775,0.9630926,45.3.jpg
0.02762991,0.002382038,0.28525963,0.016256766,0.0054699695,0.008826385,0.03999635,0.2797043,0.0007405606,0.15456185,0.9098744,45.4.jpg
0.015680347,0.0016956643,0.027374392,0.026763413,0.008448786,0.0066665243,0.04340015,0.11799939,0.013085925,0.28318664,0.5979512,450.1.jpg
0.0048687086,0.00040344772,0.006959991,0.004056223,0.18264596,0.026597405,0.07423122,0.24350922,0.0020396109,0.90525615,0.56579006,450.2.jpg
0.10732132,0.008951806,0.11932898,0.021698719,0.01499884,0.007966584,0.4722937,0.3423618,0.0023095158,0.0128551945,0.83973294,450.3.jpg
0.014008967,0.0004201705,0.0011743937,0.00089466805,0.010826315,0.015753914,0.023576314,0.031741362,0.0003763278,0.9658054,0.19814305,450.4.jpg
0.6290442,0.12573144,0.112205155,0.013600228,0.00836931,0.058145992,0.7957472,0.6571152,0.001777228,0.010106632,0.9916324,451.1.jpg
0.1202941,0.0127907,0.06478065,0.010709195,0.0010514711,0.0061651864,0.5557495,0.70281893,0.00028451034,0.0018952127,0.99447215,451.2.jpg
0.6622175,0.25845337,0.016127007,0.004802796,0.00013867169,0.0042635375,0.13496844,0.19952235,0.00010584469,0.005042949,0.88461757,451.3.jpg
0.07303895,0.0065733073,0.12197771,0.0071354746,0.003125511,0.005395769,0.33357298,0.8443729,7.2845025e-05,0.004064125,0.94077665,451.4.jpg
0.723518,0.40524864,0.08879722,0.08536578,0.015972218,0.10129625,0.5813539,0.3893168,0.004375642,0.23359443,0.7054145,452.1.jpg
0.19725946,0.14001845,0.0040578437,0.0006504175,0.11095869,0.006809318,0.15045488,0.40430847,0.00074225065,0.37241,0.7285804,452.2.jpg
0.9953225,0.9061378,0.024109967,0.012357389,0.00069432764,0.017783804,0.5394435,0.3927298,0.003955139,0.0098966295,0.29586506,452.3.jpg
0.9661763,0.7572104,0.0047233584,0.001462064,0.00078514166,0.00673928,0.25151137,0.46533138,0.001326206,0.030477714,0.53672177,452.4.jpg
0.3312884,0.05875588,0.041061427,0.028548017,0.003580454,0.012399797,0.5009579,0.6895718,0.0035900495,0.018085798,0.96587235,453.1.jpg
0.18855269,0.027947793,0.10282789,0.026375793,0.054120433,0.018604238,0.23957972,0.5201781,0.0063631455,0.087601244,0.9445596,453.2.jpg
0.98372275,0.854231,0.04082746,0.0235854,0.0010533911,0.023198804,0.29329738,0.10182081,0.0005361256,0.0058531007,0.90257317,453.3.jpg
0.62611115,0.030697644,0.0065902616,0.007563209,0.0035320777,0.050953925,0.83436,0.53346616,0.005698256,0.13508604,0.96726817,453.4.jpg
0.0016633833,9.194732e-05,0.016604526,0.009486291,6.137233e-05,0.0013506466,0.05691214,0.046900634,7.7102275e-05,0.0503977,0.98626477,454.1.jpg
0.001904934,0.00014986756,0.0037179023,1.4384151e-05,7.819025e-05,3.7842312e-06,0.002273415,0.04989592,5.4131433e-05,0.00026115146,0.07033783,454.2.jpg
0.038098246,0.0028286334,0.07176056,0.046201915,0.0020628073,0.0018961962,0.069257595,0.075182535,0.00031385332,0.85804653,0.949938,454.3.jpg
0.005395173,0.00027374516,0.022020256,0.019834157,0.0053668455,0.0054556793,0.008977585,0.07844214,0.0005241907,0.99171185,0.9314749,454.4.jpg
0.06685055,0.0052006575,0.039539285,0.013385989,0.08907011,0.074324824,0.035574105,0.13122143,0.011744622,0.8348409,0.25111133,455.1.jpg
0.014507362,0.0012996886,0.01323128,0.008485648,0.21844539,0.07372396,0.1523636,0.49898753,0.007541207,0.7644294,0.5285187,455.2.jpg
0.12159509,0.0046706013,0.34098443,0.048454005,0.35739055,0.5232894,0.5118617,0.09232583,0.056725416,0.77163285,0.6760956,455.3.jpg
0.04221106,0.0009872077,0.019205675,0.0069799554,0.049704913,0.012168955,0.10398501,0.16691662,0.0032994556,0.92406934,0.7546837,455.4.jpg
0.46316984,0.14562942,0.22136194,0.057804197,0.01308244,0.02778129,0.42863658,0.7828093,0.0077336314,0.030482212,0.7507455,456.1.jpg
0.03355384,0.01801198,0.038919885,0.12982492,0.13784517,0.0018511148,0.35372028,0.98093396,0.010949358,0.011572982,0.7772524,456.2.jpg
0.56056404,0.2346695,0.2277072,0.025062824,0.0072930465,0.012403997,0.300667,0.76911587,0.005058589,0.049549565,0.96063703,456.3.jpg
0.12397868,0.071498044,0.06722566,0.04409224,0.03614767,0.00086106145,0.18086794,0.9582603,0.0029782024,0.006353108,0.91628855,456.4.jpg
0.9882329,0.95086616,0.21072395,0.17281581,0.019162478,0.17816871,0.5611211,0.51826787,0.039722424,0.04085815,0.82618785,457.1.jpg
0.29050958,0.04858603,0.10940572,0.07962277,0.0074152667,0.008948025,0.11563041,0.5857315,0.0029361716,0.082870856,0.78094006,457.2.jpg
0.9681721,0.9613277,0.10425668,0.018834729,0.009499943,0.11260491,0.27781823,0.48631358,0.0029685884,0.006735231,0.9267653,457.3.jpg
0.8320227,0.32808167,0.24440758,0.047466826,0.030633934,0.12971444,0.7548697,0.58604974,0.02530993,0.2073486,0.97867775,457.4.jpg
0.05782774,0.003185353,0.019130474,0.002606452,0.1330556,0.15018524,0.10339467,0.08434183,0.014382849,0.9862759,0.6533009,458.1.jpg
0.006357764,0.0008209465,0.056607798,0.0054982887,0.10799535,0.08199379,0.06241506,0.1457836,0.0021883482,0.97363764,0.9392643,458.2.jpg
0.21492714,0.01461026,0.0076550874,0.0056376993,0.0020857677,0.043930016,0.3105178,0.18473661,0.005199764,0.83003354,0.99020827,458.3.jpg
0.25715852,0.029155336,0.08637896,0.016644813,0.10586656,0.6130432,0.33384162,0.23703183,0.06828626,0.9767761,0.98711747,458.4.jpg
0.6412179,0.004323101,0.0014654798,7.841829e-05,0.00024135404,0.00028013726,0.02887556,0.13539177,9.425315e-05,0.03321968,0.5525135,459.1.jpg
0.25059006,5.324653e-05,1.8668847e-05,1.7022339e-06,9.112176e-08,1.9500949e-05,0.03212155,0.03414825,1.3041603e-07,0.00014393408,0.8179744,459.2.jpg
0.030157402,0.0012279471,0.003460002,0.0003416797,5.3643453e-05,1.6341946e-05,0.028085368,0.018456649,1.2647215e-05,0.008024271,0.30409327,459.3.jpg
0.36847475,0.0022249667,0.002821177,0.00024967158,0.0004572708,0.0010123767,0.29498312,0.23144451,0.00042823455,0.021502467,0.437199,459.4.jpg
0.9678454,0.9321274,0.011654416,0.0010604449,0.0017434617,0.59767675,0.06912004,0.0076724137,0.007672443,0.0094797695,0.42443836,46.1.jpg
0.9903916,0.8849808,0.009487102,0.0026821906,0.002736225,0.3988477,0.5251982,0.014239892,0.004489974,0.0058922777,0.34870723,46.2.jpg
0.8720771,0.85379124,0.13875015,0.01061991,0.0143506555,0.53307605,0.21843304,0.24908279,0.00083698466,0.10634734,0.9159573,46.3.jpg
0.3923641,0.10716681,0.07742115,0.01477618,0.017750036,0.44114822,0.09791793,0.25875598,0.00056176085,0.3413312,0.9781221,46.4.jpg
0.0010519866,0.00015675889,0.00057004316,0.013444441,6.0335915e-05,3.3667395e-06,0.0034133596,0.03679658,2.2902637e-05,0.063993946,0.18716706,460.1.jpg
0.0006456649,1.3400996e-05,0.00024033172,0.0026439629,2.1789963e-05,4.0028192e-07,0.0013358817,0.016396686,1.8258563e-05,0.009845439,0.092348844,460.2.jpg
0.010778592,0.0053966134,0.009311824,0.037296623,0.0011499429,8.618628e-05,0.016118838,0.016860193,0.00275566,0.5437395,0.1818566,460.3.jpg
0.015567452,0.0018130747,0.0038030595,0.022630798,1.8339535e-05,1.9383804e-05,0.00023992399,0.005339142,8.822893e-05,0.102216825,0.13720001,460.4.jpg
0.018090846,0.0099533815,0.244342,0.3756784,0.0060345437,0.010730423,0.26839688,0.2520795,0.0027552184,0.3799958,0.9880122,461.1.jpg
0.020470643,0.010532687,0.34240004,0.23909904,0.0021822522,0.0030115386,0.11678413,0.4413898,0.00064688973,0.25869924,0.9899546,461.2.jpg
0.8578491,0.5387544,0.016273974,0.056657802,0.008075058,0.013829139,0.403508,0.09149816,0.0009342698,0.00673185,0.99046624,461.3.jpg
0.069520965,0.04652988,0.16615492,0.0831331,0.03881152,0.040060405,0.57469684,0.22620872,0.00036943672,0.04273062,0.99204046,461.4.jpg
0.28920794,0.088747054,0.02683691,0.025386201,0.0021545617,0.027919196,0.668848,0.66456467,0.0017047687,0.025540262,0.9853591,462.1.jpg
0.01784557,0.010454351,0.025333371,0.05251516,0.008673136,0.008400659,0.062741876,0.07990172,0.0011550115,0.12869665,0.9695565,462.2.jpg
0.106068835,0.011269065,0.006834835,0.0022918906,0.003894856,0.0042203986,0.59095836,0.6718257,0.00048520646,0.0038116735,0.974946,462.3.jpg
0.002009729,0.00061771646,0.012523083,0.043389708,0.0015825047,0.0004099632,0.04966071,0.23238264,7.9093676e-05,0.010036215,0.9919043,462.4.jpg
0.8295315,0.1929127,0.17562808,0.019699533,0.008401934,0.43639576,0.57639927,0.2560479,0.0034328308,0.09340987,0.90531677,463.1.jpg
0.9770956,0.8976917,0.19102126,0.03171036,0.019132016,0.28036138,0.76786697,0.71239597,0.005013473,0.00596883,0.6744285,463.2.jpg
0.9817707,0.6006309,0.0076898336,0.008195259,0.00093150017,0.10901354,0.67809767,0.15945898,9.766808e-05,0.0009437933,0.9888389,463.3.jpg
0.17139256,0.0074924687,0.033184312,0.020638369,0.025722576,0.27677578,0.24850099,0.40657017,0.00022103314,0.0061790394,0.99259007,463.4.jpg
0.013410144,0.000182007,0.00048015508,0.00010460681,5.4273318e-05,0.00030037112,0.063863255,0.0786408,1.0466234e-06,0.019405682,0.95497346,464.1.jpg
0.001343477,1.38093055e-05,0.00011999954,0.00022461543,0.0006469249,0.00015484543,0.035880886,0.05295171,1.2038554e-06,0.13179688,0.9205194,464.2.jpg
0.050893545,0.00055503193,0.002485099,0.0038536298,7.128062e-05,0.00017214262,0.23917784,0.09645427,4.392287e-05,0.031301714,0.8799881,464.3.jpg
0.020054132,6.943571e-05,0.0012865309,0.012276599,0.0015610846,0.0001540878,0.1096046,0.26900062,0.0002069587,0.31486344,0.72988766,464.4.jpg
0.1223369,0.010478807,0.083435625,0.0132773295,0.011652127,0.00036396843,0.079982795,0.88523227,0.00078901026,0.0097138425,0.9550744,465.1.jpg
0.17268036,0.04557415,0.63146645,0.2267438,0.015709223,0.0026740385,0.045235947,0.4388673,0.0011130875,0.18103078,0.8314971,465.2.jpg
0.07648558,0.009034885,0.041916028,0.14243041,0.0060192267,0.009701136,0.22088309,0.3449873,0.0004740942,0.07216961,0.98725617,465.3.jpg
0.011746925,0.0019384993,0.24640934,0.376573,0.0045572817,0.0320514,0.108245805,0.18030895,0.00015586893,0.06561682,0.91048104,465.4.jpg
0.13309592,0.0034300422,0.012308047,0.0061593666,0.00027895177,0.00027341465,0.06292694,0.1628082,0.0003772513,0.0018815886,0.8341185,466.1.jpg
0.026649997,0.0021333657,0.036544904,0.09607873,0.011253906,0.00038917683,0.023199027,0.551801,0.0035574061,0.004951116,0.9177778,466.2.jpg
0.010867115,0.0010164836,0.004622887,0.0020076586,8.794821e-05,0.00016735535,0.13204981,0.08871594,0.00025648111,0.0047471863,0.8220459,466.3.jpg
0.0053284457,0.0010010904,0.071741566,0.036496542,0.0045698537,0.00027390543,0.06914906,0.26808488,0.000961016,0.040849973,0.8614422,466.4.jpg
0.91050965,0.47897506,0.004650642,0.016180025,0.00030657757,0.0027001307,0.1871644,0.32225633,0.00013563067,0.0010597339,0.8861443,467.1.jpg
0.95684373,0.16078556,0.08264686,0.0048824693,0.00019823787,0.012489089,0.03474642,0.19149329,0.0007374409,0.0009491036,0.65619165,467.2.jpg
0.3160246,0.038129028,0.016483443,0.022736916,0.01504128,0.0024089701,0.30346364,0.20657317,0.0012891404,0.060292587,0.7908941,467.3.jpg
0.017196901,0.0022788958,0.2435934,0.015379956,0.037826665,0.00062683877,0.13151416,0.5040342,0.0026406466,0.021729603,0.46814993,467.4.jpg
0.918584,0.009280246,0.018366784,0.0045555145,0.00031112088,9.9938414e-05,0.1325198,0.43040588,0.00020601721,0.00032596773,0.01966858,468.1.jpg
0.005263271,6.2575135e-05,0.027263911,0.036733057,0.0017620132,1.0903306e-05,0.01503085,0.10046305,0.00023742557,0.003935968,0.047026947,468.2.jpg
0.37361076,0.0013812535,0.005774533,0.0006781404,2.4253359e-05,1.0682187e-05,0.017115068,0.33254024,3.1363426e-05,8.107093e-05,0.03487214,468.3.jpg
0.24856222,0.0015229682,0.019213637,0.0006740492,0.0008393931,0.002294831,0.07353746,0.080121405,0.003156052,0.007359177,0.020193053,468.4.jpg
0.98697424,0.9090785,0.41988054,0.013467027,0.0014084753,0.009035449,0.09716701,0.1282382,0.00065645605,0.015647225,0.91423213,469.1.jpg
0.019775778,0.004483921,0.19634165,0.046292607,0.010593644,0.00323788,0.06886581,0.23616545,0.00019266568,0.278588,0.9758276,469.2.jpg
0.9373376,0.14280497,0.013026103,0.0011816943,0.00029303654,0.008004682,0.1706411,0.22351435,0.002330129,0.0033764003,0.9402121,469.3.jpg
0.06908678,0.0063497224,0.054595225,0.049674965,0.004887265,0.0015554033,0.15514205,0.32867604,0.0023347782,0.31826743,0.97873265,469.4.jpg
0.99980325,0.99741507,0.075953804,0.002666125,0.0001310318,0.051759735,0.23634131,0.0075561292,0.00046523503,0.00021761704,0.26211703,47.1.jpg
0.99974245,0.9885351,0.029441806,0.001379335,1.9564282e-05,0.1954841,0.29672885,0.010258406,0.001247987,3.831196e-05,0.33267662,47.2.jpg
0.99611074,0.99048156,0.063540615,0.003226618,0.009694357,0.33441955,0.5743636,0.027977088,0.023852136,0.000731852,0.18572256,47.3.jpg
0.97345793,0.8717233,0.4097584,0.011963809,0.011272396,0.24449553,0.6874704,0.059485182,0.027066834,0.018845994,0.22942956,47.4.jpg
0.105281726,0.02525315,0.027109712,0.047196914,0.0017850047,0.021035181,0.515338,0.23629296,0.00013129807,0.040543605,0.9925823,470.1.jpg
0.009781848,0.00056218373,0.13901268,0.006417033,0.0015223266,0.0016405649,0.28961587,0.30159917,9.314383e-06,0.007479498,0.9957064,470.2.jpg
0.26777565,0.16855823,0.088550545,0.22123508,0.038280375,0.049900614,0.6293564,0.32925403,0.0015561567,0.092511006,0.9778641,470.3.jpg
0.021631807,0.010097896,0.31354278,0.16429076,0.013845386,0.08708762,0.30472043,0.2721871,0.0011239969,0.07032363,0.9793981,470.4.jpg
0.8496633,0.030086732,0.101495445,0.00063135027,0.019369004,0.053693343,0.6877443,0.25824335,0.0008787585,0.0140212225,0.31632105,471.1.jpg
0.7865872,0.049605586,0.16840981,0.00015758135,0.00058784295,0.015080189,0.43511796,0.09254373,2.649072e-05,0.005901737,0.12834734,471.2.jpg
0.9765687,0.8834243,0.04793604,0.014034954,0.0015997087,0.18935692,0.33575904,0.06286293,0.0009687444,0.0062013334,0.72623885,471.3.jpg
0.99738616,0.6758316,0.013791544,0.00035684693,0.0006000655,0.46993744,0.45784587,0.03213254,0.0015506587,0.0004615513,0.33796892,471.4.jpg
0.6827921,0.11244098,0.026696974,0.032223314,0.0013964509,0.0031848622,0.21235886,0.28005847,0.0003372163,0.06907077,0.9585862,472.1.jpg
0.021449443,0.00456161,0.05698387,0.017451935,0.0009793311,0.00025131303,0.01120722,0.32152387,7.2581126e-05,0.13967204,0.9771851,472.2.jpg
0.303573,0.028496776,0.0007672383,7.2341354e-05,2.8700563e-06,0.00045486886,0.05926676,0.031440444,3.630563e-06,0.0016890398,0.9806051,472.3.jpg
0.11758405,0.030784642,0.064122505,0.078225866,0.005444013,0.012026769,0.21807465,0.52341944,0.0065132705,0.15364079,0.9962585,472.4.jpg
0.02050303,0.0018942028,0.0408737,0.0062606637,0.0017842147,0.0007623931,0.050496753,0.13034552,0.001292498,0.04838579,0.77904284,473.1.jpg
0.024543919,0.00073819706,0.09594807,0.036229953,0.00017220927,0.0029105907,0.021813784,0.3692838,0.00012155927,0.016270766,0.9765412,473.2.jpg
0.013646882,0.001738544,0.067059584,0.07878547,0.0020105438,0.0014159462,0.14543213,0.2938241,5.9423997e-05,0.06710222,0.9886629,473.3.jpg
0.010489279,0.0004184894,0.30523303,0.0013632715,0.0006759047,0.0005484782,0.069556125,0.26933187,1.5807944e-05,0.006837289,0.99308044,473.4.jpg
0.008181953,0.00032262589,0.030347303,0.05935447,0.017059362,0.007442227,0.054605395,0.031125115,0.011398769,0.5306615,0.572274,474.1.jpg
0.08133839,0.0113626355,0.12671103,0.17350659,0.047976643,0.0757439,0.15675537,0.015303609,0.076738566,0.8207973,0.21192478,474.2.jpg
0.0009294686,2.5909003e-05,0.0020755087,0.0009521786,0.0014932284,3.994101e-05,0.0015104429,0.0048686876,0.00090049556,0.1260472,0.067876875,474.3.jpg
0.0002677211,2.4977278e-05,0.021909988,0.0057843034,0.023306644,0.00095312216,0.023176609,0.021352315,0.00049131195,0.07370641,0.38885975,474.4.jpg
0.17778017,0.020288575,0.08798429,0.006460967,0.00034878575,0.003310232,0.24175349,0.4123766,9.7525684e-05,0.03991316,0.9796736,475.1.jpg
0.014046078,0.0022748467,0.164666,0.010399649,0.0047002705,0.0043207007,0.09312191,0.6914445,0.00013554948,0.114494346,0.9910198,475.2.jpg
0.010479984,0.00018962788,0.005619538,0.00050250266,4.9888262e-05,7.386547e-05,0.033710014,0.26918003,1.1378844e-05,0.018513173,0.9725372,475.3.jpg
0.14976387,0.0051634475,0.06818052,0.0012215228,0.00012316076,0.0018594735,0.073099665,0.3667221,1.1775589e-05,0.003275516,0.9392983,475.4.jpg
0.00494888,0.0007914165,0.028827688,0.027006367,0.00045002444,0.0011770754,0.13580742,0.44378605,3.7756123e-05,0.006748536,0.99439776,476.1.jpg
0.0002963507,5.7508776e-05,0.017375665,0.05948471,0.00032588353,0.00017880157,0.009086497,0.15231976,2.7268678e-05,0.03885425,0.99636996,476.2.jpg
0.038785424,0.0053005945,0.38463116,0.046221837,0.0012950321,0.008684639,0.49326554,0.67207,0.0014911004,0.016547201,0.96453744,476.3.jpg
0.0071437224,0.0009838308,0.19915134,0.014215594,0.0046730717,0.000754543,0.03853732,0.4529795,0.00013082106,0.021251274,0.9702572,476.4.jpg
0.8462707,0.05623492,0.7695526,0.0034640078,0.010637375,0.14291942,0.41405305,0.21528266,0.0045581837,0.1307742,0.5767294,477.1.jpg
0.40357733,0.0051327646,0.39394447,0.00047585406,0.0003298702,0.0031606143,0.12135779,0.21675335,0.00010861814,0.009009677,0.52199566,477.2.jpg
0.6379832,0.02051559,0.053413335,0.0042657424,0.019975316,0.044046983,0.32969323,0.11826145,0.0065163164,0.11983264,0.39499137,477.3.jpg
0.053373616,0.00078888435,0.011893198,0.002214248,0.07024448,0.0016386042,0.018482206,0.07367638,0.00023653219,0.10739752,0.5889841,477.4.jpg
0.08742897,0.013827352,0.043350983,0.1388598,0.0017067979,0.0034278037,0.019802224,0.12096292,0.0020814787,0.16649534,0.89203256,478.1.jpg
0.67337817,0.12501223,0.12744948,0.17104192,0.0058784653,0.011099778,0.14041555,0.20746729,0.0031412886,0.14778306,0.92003965,478.2.jpg
0.09004999,0.019377878,0.10961727,0.23726432,0.022728495,0.10528498,0.14560592,0.28068182,0.0012918013,0.49884278,0.9905565,478.3.jpg
0.17812005,0.009262936,0.38604173,0.06208947,0.016689891,0.30102634,0.1304936,0.114434324,0.0021066703,0.8135484,0.95578057,478.4.jpg
0.42689177,0.0769577,0.061075047,0.10478916,0.0032816068,0.0041585476,0.6571638,0.12561122,0.007935396,0.0039869403,0.116299555,479.1.jpg
0.037892763,0.0028668777,0.059485655,0.008482384,0.004370767,0.0018558485,0.43442044,0.24072549,0.0026190432,0.04568729,0.8060672,479.2.jpg
0.50864285,0.22893788,0.29673833,0.055902187,0.010534671,0.019600285,0.23623832,0.1554897,0.0019763159,0.05076472,0.74896914,479.3.jpg
0.24993838,0.018298596,0.14649571,0.0031539851,0.0045687915,0.0016986496,0.10821792,0.55484176,0.00078584073,0.009553491,0.25111088,479.4.jpg
0.055964652,0.015113109,0.011274145,0.015065332,0.008434661,0.004801709,0.1303048,0.41337252,0.00033438185,0.016797857,0.9629968,48.1.jpg
0.0065970547,0.0013775115,0.042303164,0.014863383,0.0019393269,0.0009440559,0.11958457,0.31499934,4.669626e-05,0.02244719,0.9949201,48.2.jpg
0.061536524,0.00815609,0.020577395,0.01967764,0.000594114,0.0006803795,0.079013854,0.39353818,0.00017131178,0.070590794,0.9352152,48.3.jpg
0.0014484304,0.00019508098,0.24526708,0.023751255,0.0011248443,0.00074966886,0.057824064,0.3403372,0.0004422178,0.012625098,0.5028633,48.4.jpg
0.010302265,0.0013111901,0.016445268,0.003882678,0.0015486563,0.00013304879,0.032553226,0.4860021,0.00039053298,0.00084861985,0.7249278,480.1.jpg
0.004968986,0.0006865394,0.22080123,0.08052329,0.0034802775,0.00472948,0.30395183,0.19744691,0.0045127757,0.015712732,0.53847104,480.2.jpg
0.49925628,0.36662894,0.7515177,0.042285327,0.00018071507,0.0013957934,0.124310814,0.23741202,3.115327e-05,0.0011512487,0.71253425,480.3.jpg
0.60133255,0.10579502,0.19781083,0.032333463,0.004511713,0.0044891476,0.1295484,0.7675404,0.00018637658,0.04142841,0.84645826,480.4.jpg
0.01745797,0.0019812908,0.002578524,0.004633132,3.025973e-05,0.00029790506,0.050226714,0.29986075,6.0853246e-05,0.018686943,0.96262217,481.1.jpg
0.05306961,0.006553682,0.03433702,0.020314671,0.0048196525,0.040187012,0.08713192,0.25670785,0.0016133024,0.28683922,0.9884878,481.2.jpg
0.26606023,0.039703783,0.031342406,0.0105847865,0.00041646493,0.01580965,0.18270355,0.077784896,0.00025587904,0.070566334,0.9906805,481.3.jpg
0.14183842,0.0043914355,0.022529889,0.018489504,0.001421491,0.031597,0.20623629,0.21854319,0.0008400057,0.5929906,0.99555165,481.4.jpg
0.999928,0.9998473,0.001300499,0.00021674029,1.0542524e-05,0.00024662947,0.05246709,0.0102579035,6.491842e-06,9.000912e-07,0.30039647,482.1.jpg
0.98229206,0.820621,0.018555872,0.003046498,3.7512105e-05,0.014394555,0.2920321,0.052579507,0.00012001809,0.0002883504,0.9828813,482.2.jpg
0.998434,0.97466075,0.3322093,0.0114355115,0.00022929194,0.05283089,0.21952234,0.027090661,0.0017857731,0.00019879172,0.23059209,482.3.jpg
0.8108643,0.1271153,0.9224718,0.16209787,0.006530244,0.08843087,0.2233495,0.12648849,0.022674985,0.065058656,0.81366915,482.4.jpg
0.14257784,0.010728784,0.016588114,0.0063011963,0.0011382316,0.00082860363,0.01958732,0.29842877,0.0007690199,0.011597263,0.34468147,483.1.jpg
0.2382117,0.007100633,0.03856926,0.0044026207,0.002521808,7.240056e-05,0.01345168,0.7952267,0.0019746057,0.00079170166,0.2204509,483.2.jpg
0.22398612,0.0056847935,0.05299862,0.021616183,0.0058959494,0.010707953,0.4387495,0.26891997,0.006085861,0.014754683,0.8853546,483.3.jpg
0.01363919,0.001201458,0.013039071,0.0086516915,0.0032316563,0.001005094,0.00477938,0.29738364,0.0017272654,0.0065337685,0.54137725,483.4.jpg
0.81202066,0.3809527,0.2769038,0.041167896,0.006310387,0.03636307,0.5781966,0.6838834,0.004346078,0.023708828,0.77823174,484.1.jpg
0.77994066,0.24798648,0.4136776,0.0834111,0.007512792,0.10430851,0.85952586,0.79441804,0.016940339,0.02215936,0.86016566,484.2.jpg
0.9200652,0.7422313,0.12983444,0.0421538,0.0014036248,0.10184325,0.8392148,0.4560538,0.0028762768,0.019195003,0.96710646,484.3.jpg
0.5000657,0.19786693,0.5468501,0.25873372,0.013935686,0.09509129,0.7976176,0.8080717,0.0051861787,0.06702138,0.9847521,484.4.jpg
0.12580861,0.0053893146,0.009662479,0.0026852256,3.9786057e-05,0.0015563583,0.20124812,0.7319828,8.246816e-06,0.0017331862,0.9674151,485.1.jpg
0.011532062,0.0019096087,0.16797878,0.12394202,0.004979583,0.0029779759,0.07060661,0.39413664,0.00048168213,0.11771221,0.9707555,485.2.jpg
0.13683948,0.04950886,0.07234268,0.23917107,0.00125403,0.036981385,0.5093587,0.15848012,0.00069126283,0.24624692,0.99733114,485.3.jpg
0.048349734,0.012869434,0.3210833,0.20806566,0.015156429,0.039948754,0.26031554,0.18627517,0.0014551372,0.75376356,0.9923679,485.4.jpg
0.0022269695,2.9851466e-05,0.015387455,0.0029053602,0.022134008,0.0010181812,0.009083809,0.08082633,4.529888e-05,0.15502656,0.42035687,486.1.jpg
0.03850255,0.0052343607,0.19734831,0.07586264,0.08149153,0.046282966,0.26240247,0.17174134,0.012274078,0.9264348,0.9222883,486.2.jpg
0.9988041,0.98050344,0.108642735,0.021902675,0.0017220564,0.56254363,0.68434155,0.19083057,0.07907259,0.0027097294,0.733162,486.3.jpg
0.013038561,0.0024371755,0.043648466,0.23622796,0.15146564,0.0065453267,0.082712956,0.08783284,0.007056518,0.9423614,0.8362516,486.4.jpg
0.0040225084,0.002223936,0.533638,0.012435415,0.14704692,0.0043826946,0.29747453,0.59102416,0.09848219,0.004808226,0.22268802,487.1.jpg
0.002293434,0.00014461024,0.012655509,0.03681426,0.0008245297,4.8394813e-05,0.29827598,0.48424023,0.0036496457,0.000945597,0.035376184,487.2.jpg
0.05809416,0.019583402,0.102179244,0.049650647,0.024136646,0.002217531,0.66020787,0.59444374,0.026783975,0.014367872,0.11729651,487.3.jpg
0.006505296,0.0039255377,0.37524223,0.03676993,0.02155051,0.0014589388,0.24672452,0.30121124,0.112526365,0.0050058695,0.018925661,487.4.jpg
0.039552808,0.0010767377,0.046720915,0.01105985,0.00024038856,0.00594731,0.3905199,0.70694846,0.0004097471,0.0043455972,0.98648155,488.1.jpg
0.0057046087,0.0015389536,0.0840646,0.030930635,0.0017767358,0.0011765162,0.020331811,0.29359385,0.00044980051,0.048613306,0.93046004,488.2.jpg
0.0038822189,0.00019046254,0.012242232,0.002363614,4.5716533e-05,1.6498318e-05,0.008105468,0.16139768,2.4008648e-06,0.001371076,0.71433634,488.3.jpg
0.0009643009,4.3178316e-05,0.06687666,0.03822768,0.00073295966,7.552664e-05,0.011438595,0.08957897,1.6002914e-05,0.036876064,0.95232934,488.4.jpg
0.08785788,0.0033469494,0.014256226,0.0012198979,0.0003621458,0.00026906066,0.24658507,0.9062943,3.1670592e-05,0.0014350866,0.8026279,489.1.jpg
0.003966748,0.00090962695,0.044279817,0.005487393,0.002463778,0.00028775114,0.01262486,0.44883502,6.0970295e-05,0.012705213,0.9651773,489.2.jpg
0.14800534,0.109084085,0.22223005,0.047435857,0.04390549,0.010529801,0.22494201,0.92295337,0.01002726,0.020138003,0.87680167,489.3.jpg
0.029100288,0.011051384,0.3617298,0.006526845,0.016830454,0.0005112501,0.02145291,0.43778804,0.0013413088,0.012629117,0.6279362,489.4.jpg
0.077057056,0.0007865975,0.0021925515,0.004126521,6.200424e-05,2.6581696e-05,0.008278078,0.1801886,6.599145e-05,0.02377512,0.9285243,49.1.jpg
0.025928902,0.00043347006,0.0019652927,0.0028158715,0.0011331415,0.00035780144,0.008036106,0.14521132,0.0005421395,0.37591237,0.8715859,49.2.jpg
0.07394109,0.0023941565,0.020004602,0.00039516232,0.0015640327,0.0013538689,0.030905852,0.25917172,0.00012505983,0.0625529,0.97648126,49.3.jpg
0.009143134,0.00078881555,0.10084019,0.008016054,0.027963769,0.019787323,0.026888246,0.2158851,0.0003894891,0.7507956,0.97769344,49.4.jpg
0.7604658,0.63221496,0.09334357,0.12952517,0.10000778,0.07107726,0.4627157,0.6225545,0.02325232,0.06776209,0.9245175,490.1.jpg
0.84388155,0.43753535,0.040534787,0.03522145,0.031283993,0.0062583233,0.2208649,0.33004865,0.0017897639,0.006821373,0.7590584,490.2.jpg
0.73283595,0.26602113,0.16493471,0.00780921,0.0148422085,0.14535205,0.6421602,0.16808748,0.04962413,0.038343903,0.8534091,490.3.jpg
0.026796358,0.004168443,0.15865001,0.014121059,0.07809815,0.0021234166,0.06999932,0.50403655,0.0025688955,0.043479457,0.9176167,490.4.jpg
0.11617959,0.0019756039,0.0041986234,0.0021077301,0.00026470356,7.7022974e-05,0.03160976,0.18546152,0.00030037685,0.02747645,0.89393127,491.1.jpg
0.0032210357,3.324611e-05,0.00027506845,0.0013628198,6.544373e-05,2.0948492e-06,0.0009838392,0.18260273,6.58927e-06,0.013051109,0.7052573,491.2.jpg
0.24061266,0.0040272526,0.016587274,0.022519033,0.00035322923,0.0012846341,0.022505015,0.051771175,0.0009782541,0.42032552,0.76095504,491.3.jpg
0.023474218,0.0007667651,0.010664836,0.0038377615,0.003732527,0.0009959319,0.034695804,0.20595269,0.0003027626,0.13219382,0.62153125,491.4.jpg
0.049123228,0.00526631,0.040667124,0.12317852,0.004176528,0.045555923,0.41255203,0.5556952,0.0018673466,0.029668039,0.9931987,492.1.jpg
0.24320014,0.0803066,0.13025175,0.63859636,0.013709451,0.027957372,0.18854228,0.32487735,0.012795091,0.10425511,0.9742863,492.2.jpg
0.7295117,0.11854201,0.039946698,0.004533503,0.0004970607,0.0063551427,0.5108215,0.2605268,0.00017347217,0.0043132277,0.98876685,492.3.jpg
0.37091476,0.3360883,0.44782034,0.065375574,0.04870876,0.035040405,0.57820606,0.39308444,0.0100227455,0.05939727,0.9886348,492.4.jpg
0.98426086,0.8483337,0.072262995,0.0026016568,0.0156154055,0.10312522,0.32014263,0.37527364,0.0018395337,0.00284128,0.9032559,493.1.jpg
0.071074255,0.007427905,0.1949023,0.009947341,0.10615576,0.039187975,0.07243345,0.42665583,0.009827963,0.3890182,0.65939695,493.2.jpg
0.68112594,0.0380882,0.024548396,0.004913762,0.0032457614,0.012045809,0.30314475,0.5283981,0.0035265503,0.031042885,0.8564595,493.3.jpg
0.011913124,0.0013268365,0.14034604,0.02352147,0.13450715,0.005135931,0.0355021,0.34387308,0.0009368767,0.5747288,0.93175334,493.4.jpg
0.8861134,0.13246733,0.024784869,0.012924383,0.0006677315,0.008710029,0.44004297,0.20538692,0.002115647,0.0040630135,0.4183382,494.1.jpg
0.044797223,0.0026181652,0.055801652,0.022518987,0.0013413816,0.002250821,0.027054502,0.34825218,0.0003460193,0.053321358,0.58810866,494.2.jpg
0.21733789,0.004747085,0.0013313066,0.0017893466,1.705738e-05,6.459313e-05,0.017536951,0.037455726,3.2413704e-05,0.004896464,0.21556525,494.3.jpg
0.018390264,0.0012838929,0.13297799,0.022866553,0.03080659,0.010744798,0.050423417,0.122235745,0.019623304,0.16887341,0.2832242,494.4.jpg
0.010142076,0.0062623103,0.29933184,0.09481682,0.004894234,0.010701267,0.21572207,0.62655437,0.0025398952,0.15888397,0.94067043,495.1.jpg
0.008426744,0.0013346702,0.2690853,0.042649634,0.038036723,0.0030823483,0.16359885,0.16454917,0.009052876,0.064997874,0.36496174,495.2.jpg
0.009347369,0.0068624974,0.37017915,0.072442345,0.00089323625,0.0050091622,0.08030325,0.1023378,0.0006325742,0.07858344,0.7049931,495.3.jpg
0.030196842,0.0029491812,0.28547898,0.08330275,0.013371519,0.012866158,0.24653953,0.19226448,0.011364473,0.082849406,0.62611413,495.4.jpg
0.19766696,0.075305924,0.042149983,0.11728691,0.0019368401,0.031221312,0.2544309,0.519155,0.001748033,0.097201556,0.9959259,496.1.jpg
0.029056314,0.008063986,0.11370872,0.09234385,0.008523851,0.10016377,0.21349524,0.4902267,0.001366566,0.6278917,0.9963386,496.2.jpg
0.9417224,0.595182,0.014336741,0.011563713,0.00013987915,0.052277483,0.2687618,0.21433829,0.0007082893,0.0037545701,0.96792966,496.3.jpg
0.37246767,0.052803956,0.026629182,0.033002835,0.0017861519,0.081235096,0.23133385,0.315391,0.00071672874,0.03744266,0.9856311,496.4.jpg
0.059891112,0.0041447533,0.00087889866,0.000102480095,0.039065715,0.8884741,0.26874784,0.018040337,0.008787507,0.57050955,0.1720102,497.1.jpg
0.16063057,0.004623484,0.024538497,0.0016241334,0.21053866,0.8948182,0.46855313,0.094798855,0.027532637,0.15153845,0.31582138,497.2.jpg
0.0065951706,0.00013116405,0.0073282085,0.00015244776,0.0017592777,0.007527668,0.011443739,0.0077456613,0.00013017461,0.92782146,0.56007177,497.3.jpg
0.010802219,6.5078544e-05,0.002167832,0.00010589486,0.0018893318,0.011728932,0.05695474,0.02418358,3.202747e-05,0.77329177,0.6830493,497.4.jpg
0.6470834,0.08124297,0.0030244326,0.0071408446,0.009977431,0.0015018893,0.21284346,0.79962474,0.00052658626,0.027456637,0.911871,498.1.jpg
0.2552844,0.07855777,0.0076240096,0.008284966,0.024669908,0.0060285055,0.4104878,0.96610904,0.0037067563,0.011584998,0.70465904,498.2.jpg
0.44512728,0.011278419,0.0009794016,0.00034552385,0.0009445232,0.0001426031,0.19183911,0.4310535,5.0274964e-05,0.0011816499,0.7977187,498.3.jpg
0.14521064,0.008219455,0.0042344695,0.0041086217,0.009278011,0.0005232797,0.052515786,0.6200148,0.00029202277,0.0267029,0.46210966,498.4.jpg
0.025488893,0.00030654744,0.5223374,0.00040353948,0.0019476623,6.223082e-05,0.087462954,0.9829448,4.6191974e-05,0.0002316184,0.30511457,499.1.jpg
0.02051968,0.0020802955,0.12185937,0.033442542,0.0064933985,0.0008558819,0.046298545,0.26889357,0.0051718513,0.06275859,0.5015193,499.2.jpg
0.10288485,0.02120808,0.2482607,0.012481469,0.027121253,0.022789098,0.4697478,0.59697413,0.005842223,0.050792538,0.893347,499.3.jpg
0.01775204,0.0033831077,0.10558204,0.019721957,0.002911151,0.00091035524,0.07470589,0.31095374,0.0006848025,0.013050755,0.5686875,499.4.jpg
0.00094189914,1.9871612e-05,0.021368578,0.20645382,0.0057517868,0.0002215826,0.06450308,0.035381585,0.0012182235,0.25341776,0.36151123,5.1.jpg
0.0040129567,7.927966e-05,0.010169591,0.00872521,0.00030400633,0.00061559334,0.119016975,0.13313265,6.961505e-05,0.017348988,0.9819749,5.2.jpg
0.007890857,0.00024224486,0.0021558427,0.003234684,0.00011637898,0.0005922805,0.040778533,0.14477131,7.17501e-06,0.012967364,0.98989326,5.3.jpg
0.0030482246,0.0001159336,0.009002773,0.0048458623,0.000349212,0.00029629702,0.06560032,0.09975625,4.2226467e-05,0.028780634,0.97757417,5.4.jpg
0.098873004,0.0007086763,0.014871981,0.022618894,0.20304815,0.054053307,0.45681834,0.076604836,0.10059116,0.5540075,0.7549132,50.1.jpg
0.011129657,0.0006743081,0.028893663,0.034714207,0.10490655,0.027027339,0.21670368,0.2272334,0.020617882,0.8669142,0.94395256,50.2.jpg
0.1787811,0.010979509,0.06935485,0.014941891,0.096123986,0.22311015,0.47653925,0.03662253,0.041164696,0.4269221,0.5300537,50.3.jpg
0.018894823,0.00064063136,0.004451115,0.0058079073,0.092066236,0.04307254,0.28684095,0.073876545,0.0041862135,0.3930111,0.6585111,50.4.jpg
0.018779373,0.003836932,0.017585596,0.018915001,0.0033378524,0.0008082715,0.035698794,0.3741382,0.0012924746,0.008192771,0.8075905,500.1.jpg
0.02762224,0.0008700996,0.025889538,0.007255095,0.001255186,0.0015817229,0.17804672,0.110248774,0.00091731775,0.033649623,0.91298515,500.2.jpg
0.6759791,0.22450826,0.061758727,0.056112226,0.012321915,0.08115215,0.2810726,0.28885725,0.008581026,0.09623262,0.972486,500.3.jpg
0.40798074,0.11094476,0.08565866,0.032036867,0.004944156,0.012384461,0.060570743,0.26037276,0.0029631583,0.092769995,0.97060615,500.4.jpg
0.0016532218,0.00022741428,0.0024469146,0.041302666,5.0785256e-05,5.800171e-05,0.0009112361,0.023215981,5.351571e-06,0.019037342,0.9705174,501.1.jpg
0.0019420701,0.00016308017,0.036975227,0.018259492,0.00022085849,0.00011898251,0.0028634025,0.096709855,9.662869e-05,0.17581277,0.95950395,501.2.jpg
0.584047,0.004597452,0.0036608377,0.0008512841,3.759885e-05,0.010396415,0.10938281,0.43257397,1.2857935e-05,0.004017955,0.9919525,501.3.jpg
0.009012747,0.0017610069,0.23770604,0.007921905,0.00047379648,0.037200365,0.10698419,0.061568327,0.00021024661,0.27100748,0.96390533,501.4.jpg
0.28323835,0.0028436466,0.06930439,0.06140995,0.0012452981,0.0076281987,0.71474403,0.19700398,0.022363279,0.0065255277,0.49664694,502.1.jpg
0.17577425,0.017514184,0.018253202,0.057104394,0.0030251688,0.009994341,0.25130877,0.17454183,0.028864415,0.04536663,0.391026,502.2.jpg
0.6135507,0.05374595,0.06317898,0.022201017,0.013471203,0.09903327,0.7990936,0.1679349,0.042210907,0.020938678,0.75387347,502.3.jpg
0.4569286,0.001849644,0.012264908,0.0041793836,0.000610065,0.03807944,0.80847746,0.13650377,0.018384969,0.0032375525,0.8207747,502.4.jpg
0.9998853,0.9997378,0.00032614399,2.7902275e-05,5.4511577e-07,0.0014410979,0.09416238,0.00024244149,2.6934906e-06,7.144797e-07,0.44867542,503.1.jpg
0.99483585,0.99140537,0.053726878,0.002721956,3.9294442e-05,0.0018324404,0.059259914,0.0055804653,0.00010420359,5.2535564e-05,0.89784807,503.2.jpg
0.9897508,0.99793774,0.0020586485,0.0009600753,5.6244394e-06,0.0007901716,0.062984206,0.00482525,6.5234126e-05,1.0240586e-05,0.37272072,503.3.jpg
0.94112355,0.9682805,0.03341758,0.01520797,0.002431454,0.003896775,0.13413511,0.31327945,0.06280873,0.00046051608,0.41615018,503.4.jpg
0.011812386,0.00074999477,0.010020754,0.012112112,0.00042318588,0.0012699594,0.048457358,0.16598408,8.56989e-05,0.17055033,0.948346,504.1.jpg
0.0015532093,0.0001267229,0.056488138,0.0037220959,0.0018186365,0.0002127088,0.030636912,0.22719613,2.1473068e-05,0.07505641,0.9810735,504.2.jpg
0.011048913,0.0021716168,0.059558194,0.010984346,0.0006060703,0.0011486296,0.013207904,0.36461172,0.0002033843,0.015848083,0.55545354,504.3.jpg
0.0008346599,8.822986e-05,0.21923983,0.013703243,0.008232468,0.00029047971,0.010867069,0.20030148,0.00052974577,0.027229875,0.6305939,504.4.jpg
0.07590203,0.013972605,0.22093028,0.060880825,0.051143706,0.060946804,0.13099721,0.38564745,0.020000234,0.6602677,0.80815727,505.1.jpg
0.009445466,0.0009799214,0.08347054,0.0046888334,0.019167945,0.014993134,0.050549712,0.21410833,0.00044462207,0.49082696,0.81874394,505.2.jpg
0.00753698,0.0011096611,0.02161153,0.0048282826,0.048389167,0.005919806,0.032469496,0.046898022,0.0073930174,0.97209543,0.30000266,505.3.jpg
0.042797703,0.0024298527,0.086122744,0.018658781,0.24476318,0.3162928,0.37480587,0.06337085,0.07774743,0.71363497,0.33038434,505.4.jpg
0.0058286516,0.000433221,0.020115217,0.0016457909,0.0071735773,0.0011289375,0.012532516,0.009181293,0.0004901121,0.63205135,0.16399132,506.1.jpg
0.00027861926,1.2605016e-06,0.0055053667,0.00029554372,8.311132e-05,4.2209413e-06,0.0012308019,0.025881391,7.78697e-05,0.011735611,0.06790895,506.2.jpg
0.0038706625,0.00027830573,0.0023987803,0.009611981,0.0008391736,0.00024989637,0.010101008,0.011753818,0.00014385779,0.65195173,0.5280768,506.3.jpg
0.0135281,0.00096307934,0.006082072,0.0030435147,0.013791551,0.017829992,0.015762998,0.009956948,0.0012952337,0.93237245,0.32684487,506.4.jpg
0.9936632,0.994998,0.08022451,0.027558224,0.004258595,0.003263726,0.110732794,0.044952232,0.0019161563,0.0010519946,0.77478826,507.1.jpg
0.94634914,0.5576007,0.41748545,0.028048458,0.010725034,0.03321259,0.09360352,0.17908877,0.002787293,0.0024711934,0.9437686,507.2.jpg
0.9886531,0.8638813,0.18319684,0.008410786,0.0010499127,0.1220739,0.05926904,0.034967843,0.0030455014,0.0020755779,0.58681774,507.3.jpg
0.009320103,0.0009995968,0.031324357,0.014737507,0.022352844,0.001985543,0.008902611,0.14911313,0.025257079,0.018083634,0.3716045,507.4.jpg
0.040358096,0.008831725,0.044738982,0.005731733,0.0033966363,0.0026089065,0.036574174,0.33450633,0.0056860065,0.010566584,0.7871423,508.1.jpg
0.013793413,0.0014309059,0.2080401,0.09753758,0.0053781993,0.007953758,0.3111775,0.4654401,0.006941517,0.0698867,0.89745474,508.2.jpg
0.15965076,0.017464474,0.15054068,0.018632352,0.004267207,0.0009810089,0.08717543,0.49901393,0.0012719702,0.02922223,0.9012852,508.3.jpg
0.021935735,0.0069185947,0.18680461,0.27842352,0.0028775216,0.002875645,0.055920128,0.17668413,0.0030130295,0.15627103,0.86318713,508.4.jpg
0.058399383,0.0007043905,0.0013533119,0.0008225775,4.31742e-05,0.0016820134,0.012238796,0.16487923,6.783232e-05,0.0033635532,0.87844753,509.1.jpg
0.07168035,0.00023675553,0.0017679806,0.00012504743,1.2203587e-05,0.0001359378,0.025794268,0.11148067,2.9003338e-06,0.00019127349,0.86638033,509.2.jpg
0.076299615,0.034598336,0.100916214,0.014048607,0.009238148,0.06815061,0.12370065,0.2486223,0.0014689532,0.03270684,0.7882799,509.3.jpg
0.014915315,0.0014450852,0.010146696,0.0040470255,0.00470877,0.054456018,0.17872421,0.082100645,0.0003302604,0.24851619,0.7852184,509.4.jpg
0.9681271,0.7899437,0.12444325,0.011410412,0.0016627326,0.10848949,0.7034279,0.5973641,0.016423756,0.020637188,0.6167348,51.1.jpg
0.556264,0.18354729,0.25032967,0.012459224,0.014656271,0.094985455,0.51183736,0.93870884,0.009827137,0.0068751443,0.7714718,51.2.jpg
0.5145747,0.1645833,0.8964315,0.021260172,0.23266463,0.8536229,0.47800067,0.21810532,0.091551244,0.51621556,0.8191449,51.3.jpg
0.5497606,0.034675676,0.28542772,0.0017894445,0.14987458,0.7194846,0.496046,0.16743459,0.010454159,0.66336024,0.67470956,51.4.jpg
0.00063283794,6.1081273e-06,2.9122351e-05,9.5050484e-05,3.5055407e-07,4.782293e-07,0.0002513085,0.08966728,3.3470624e-07,0.00031145473,0.981513,510.1.jpg
0.000592721,2.332236e-05,0.0031609584,0.0014108026,6.048238e-06,2.7103322e-06,0.0003531311,0.022050884,7.1980726e-06,0.016101522,0.92584187,510.2.jpg
0.8767442,0.33604768,0.10553283,0.24217375,0.008642485,0.024749197,0.4128443,0.28228065,0.0056030233,0.23383948,0.96228886,510.3.jpg
0.027070986,0.0015297782,0.02912791,0.053574298,0.0028760578,0.0021756245,0.1459598,0.309213,0.0034790142,0.14185229,0.89946735,510.4.jpg
0.4449859,0.86556315,0.015174171,0.045578588,0.00072399934,0.00071446976,0.019144822,0.08677226,6.276524e-05,0.0018705735,0.3771021,511.1.jpg
0.0020846108,0.00024951258,0.010163381,0.014576379,0.00024704743,1.5597963e-05,0.0031981664,0.07319392,5.9344435e-05,0.0020090453,0.061273623,511.2.jpg
0.78740656,0.94869,0.002532425,0.035904367,0.00020997495,0.00010818935,0.04572631,0.1432952,0.000117627314,0.00013007771,0.10507832,511.3.jpg
0.003664478,0.000758695,0.060683534,0.007293802,0.0033468748,5.389717e-05,0.018414615,0.24123055,0.00031728606,0.059342895,0.51415807,511.4.jpg
0.37345365,0.018240627,0.20394352,0.04461297,0.028233204,0.01993752,0.62502307,0.641626,0.021317698,0.0756259,0.9412059,512.1.jpg
0.0120072495,0.00047536648,0.031413887,0.23974721,0.00036405673,0.00019644809,0.054953743,0.054526698,0.0004537922,0.045136105,0.729866,512.2.jpg
0.6742972,0.071201816,0.06277709,0.08343127,0.0005548251,0.024527373,0.33250415,0.33965176,0.0042609386,0.01187321,0.9761613,512.3.jpg
0.31221655,0.017462151,0.02124915,0.014402561,0.0010208563,0.005028075,0.19339871,0.69761145,0.00071960327,0.009281088,0.9337639,512.4.jpg
0.0010849197,8.2838895e-05,0.03264277,0.010035011,0.0017057996,3.453696e-06,0.03228421,0.9946549,3.1593914e-05,0.00026508493,0.2170126,513.1.jpg
0.0011689551,2.5206135e-05,3.5705318e-05,0.0033273406,7.494822e-05,3.7569138e-05,0.00045834453,0.023787862,0.00015529346,0.0011824579,0.14618933,513.2.jpg
0.036889434,0.011587337,0.57276976,0.093700565,0.13909763,0.0013937537,0.09937719,0.96566206,0.0031186843,0.0046113315,0.3283126,513.3.jpg
0.006077387,0.01738969,0.0013585743,0.020734927,0.1401577,0.00012623878,0.097453885,0.99591357,0.00042207266,0.0007400654,0.12925066,513.4.jpg
0.99956995,0.98826444,0.0008703724,0.0011097324,3.967013e-05,0.0017729998,0.10605393,0.011549736,0.0045583486,1.6184783e-06,0.1678255,514.1.jpg
0.99759454,0.80229294,0.029034687,0.03636315,0.0006337699,0.10559647,0.44531912,0.03859718,0.083671056,0.00033679348,0.29073033,514.2.jpg
0.9997335,0.8534038,0.00043442752,0.00034828237,1.5246337e-05,0.033181995,0.34682223,0.005567836,0.0027530368,9.122885e-06,0.30459785,514.3.jpg
0.7498781,0.24131075,0.8059451,0.67254734,0.13545217,0.7040731,0.51294696,0.39147425,0.47803146,0.021922512,0.6230039,514.4.jpg
0.27337727,0.0135110505,0.0054884283,0.005438109,1.2128637e-05,0.0031732619,0.2770335,0.22379461,0.00014909587,0.005051392,0.988822,515.1.jpg
0.02167724,0.003639125,0.28984457,0.058010794,0.003458143,0.006772198,0.13120855,0.3132528,0.001630465,0.28269452,0.9869047,515.2.jpg
0.27163067,0.015385844,0.20142631,0.07204341,0.003541837,0.014869251,0.16345343,0.08588851,0.039818406,0.04131587,0.20255618,515.3.jpg
0.23977438,0.015195556,0.04087259,0.040965173,0.0031662907,0.0030351244,0.17200951,0.12640125,0.0024814988,0.015577432,0.51628655,515.4.jpg
0.06650735,0.018387925,0.044432666,0.03830421,0.00029835757,0.014916253,0.16972278,0.31418133,5.4545875e-05,0.23829943,0.9956606,516.1.jpg
0.16947971,0.09100499,0.13468292,0.034377966,0.0019772528,0.01184349,0.0377489,0.118404925,6.340333e-05,0.08812145,0.9014135,516.2.jpg
0.26845708,0.4752998,0.045798294,0.054404348,0.0019246709,0.054181803,0.04214127,0.053722385,9.682293e-05,0.035341118,0.853484,516.3.jpg
0.0006493076,5.8053283e-05,0.013293837,0.01873049,0.0022346643,0.0005846081,0.06120887,0.16022584,4.1288768e-06,0.014787387,0.9376981,516.4.jpg
0.010000712,0.002109976,0.0002821271,0.0009128989,0.0018000663,0.0006540308,0.011207728,0.0060200314,0.00013710915,0.47308788,0.11582326,517.1.jpg
0.02016396,0.00022167938,0.0033633853,0.013881124,0.0077566886,0.013181759,0.025941601,0.10915963,0.0011330573,0.43396467,0.9639839,517.2.jpg
0.0017752774,4.124043e-05,0.0043428624,0.0007113385,0.11340793,0.0037696376,0.0036104615,0.021864692,0.00025974895,0.22665033,0.18548639,517.3.jpg
0.03942305,0.001317119,0.035848986,0.004987745,0.32758424,0.14882044,0.06371509,0.022231704,0.0041111377,0.2647455,0.20081005,517.4.jpg
0.04529261,0.000850235,0.037313458,0.0017635067,0.06932961,0.2705836,0.121512465,0.060973123,0.00093137455,0.8368501,0.82473046,518.1.jpg
0.0113383895,0.00050913077,0.028976988,0.0036942903,0.037852943,0.02206513,0.04379956,0.041190915,0.0002654671,0.9477277,0.88072777,518.2.jpg
0.008763695,0.00024776926,0.0009878112,0.00027343526,0.0591829,0.024730349,0.035497732,0.006536341,0.00043268115,0.9379894,0.10426242,518.3.jpg
0.0024041554,1.0031375e-05,0.001358929,0.00021299576,0.10928772,0.007026112,0.009315468,0.022697745,0.00027105896,0.9188019,0.5146983,518.4.jpg
0.19061396,0.0010066858,0.0005620501,0.0006813308,0.0075745597,0.0032185414,0.01185164,0.029027779,0.00016213453,0.29767764,0.4379682,519.1.jpg
0.04421106,0.0026504037,0.003593864,0.0013153965,0.32804298,0.5262296,0.09845508,0.030494612,0.0049820477,0.93102884,0.48683324,519.2.jpg
0.8719362,0.0064414674,0.0001865147,0.00016340206,6.2474195e-05,0.001787672,0.0072822347,0.010030622,0.00044775466,0.35124475,0.31419545,519.3.jpg
0.44552958,0.008543595,0.0015002141,0.00136446,0.009183297,0.076683566,0.02847469,0.07059566,0.007840465,0.41336218,0.476327,519.4.jpg
0.32857177,0.019432936,0.0017416494,3.9340186e-05,0.00012569707,0.0021358046,0.084740005,0.032769673,1.12012585e-05,0.07373314,0.16460097,52.1.jpg
0.09082986,0.010469466,0.0026332575,0.0003523353,0.018433254,0.13645898,0.10470726,0.066352926,0.00085377303,0.94956726,0.78878117,52.2.jpg
0.21964465,0.015719704,0.008208714,0.0005367351,0.0131030055,0.10174866,0.22357334,0.19411117,0.0028463546,0.6713278,0.31495452,52.3.jpg
0.041989196,0.0037707102,0.007969203,0.0012685843,0.10744792,0.21465798,0.32794952,0.11362475,0.0076250657,0.9209589,0.45343953,52.4.jpg
0.9840242,0.98844004,0.003993949,0.0037843753,0.00011695949,0.010921426,0.27637896,0.06809273,0.00017289865,0.0017618864,0.924499,520.1.jpg
0.036372352,0.0073502674,0.2129095,0.019881407,0.004772481,0.00967281,0.25131056,0.34815037,0.0038264175,0.098118156,0.80179197,520.2.jpg
0.65293664,0.6683777,0.26983476,0.056453876,0.0032002404,0.04207213,0.17790557,0.35300702,0.0015485281,0.110804684,0.9616787,520.3.jpg
0.38992465,0.08536524,0.18696162,0.06565492,0.0042470465,0.057355136,0.65867347,0.33829245,0.003379409,0.063689984,0.92713046,520.4.jpg
0.9566578,0.9552179,0.11131562,0.09889925,0.0016158199,0.0059456863,0.051645733,0.12621105,0.0015307035,0.011176076,0.7915484,521.1.jpg
0.12409821,0.008528361,0.035897713,0.014303633,0.006859177,0.0020464512,0.15085669,0.28117573,0.0002851148,0.0398168,0.9645392,521.2.jpg
0.10997313,0.037023038,0.035851113,0.030860335,0.0008028418,0.0027820333,0.29889426,0.69440836,8.4321946e-05,0.011536559,0.9290077,521.3.jpg
0.08360435,0.04594403,0.063441835,0.02865991,0.0038968578,0.00061556045,0.1785967,0.8260291,0.00026630846,0.024023745,0.98018116,521.4.jpg
0.9708527,0.8552329,0.27667144,0.10280059,0.038373858,0.2716415,0.8455432,0.3372442,0.043672144,0.0034297328,0.76162905,522.1.jpg
0.8445604,0.08717839,0.019385956,0.021213494,0.015437187,0.0041617635,0.69956696,0.6035206,0.0012507376,0.0006923203,0.91112643,522.2.jpg
0.9711846,0.8096643,0.7738319,0.20647733,0.006034452,0.05495605,0.29029024,0.03730831,0.018284973,0.0036765728,0.39151874,522.3.jpg
0.9694168,0.2464293,0.96224153,0.035237648,0.005694821,0.0762411,0.61963254,0.1593242,0.006020516,0.00086369016,0.38641432,522.4.jpg
0.06204426,0.008838903,0.048290074,0.04299698,0.0024409832,5.7216068e-05,0.014672029,0.44085604,0.0010935643,0.016823376,0.4662468,523.1.jpg
0.0012026334,8.214516e-05,0.010359085,0.0038459129,0.0018756523,1.971231e-05,0.0036327008,0.37658322,4.9176015e-05,0.0075183013,0.97545505,523.2.jpg
0.08327601,0.0071138567,0.07419972,0.0039922725,0.0014110288,0.00020633351,0.03374483,0.12355349,0.0018086832,0.009677092,0.22770788,523.3.jpg
0.002405694,0.00030851067,0.010617721,0.04849301,0.0026112066,5.421621e-05,0.0030879523,0.20841964,0.0008995513,0.037758652,0.72953194,523.4.jpg
0.035455458,0.007977712,0.18397824,0.27711937,0.004064096,0.0041577835,0.13242655,0.08937991,0.0041213217,0.27450657,0.94423795,524.1.jpg
0.14518319,0.014208339,0.2558093,0.09157198,0.006951582,0.005768445,0.15520236,0.4748248,0.00050997443,0.11669303,0.98546356,524.2.jpg
0.9680675,0.33876696,0.2480845,0.018001659,0.0097978655,0.014406046,0.51504683,0.39980853,0.0017809828,0.040848173,0.98999524,524.3.jpg
0.2856704,0.025489075,0.19720085,0.01812629,0.06619183,0.02618901,0.37815562,0.520101,0.0021828462,0.21469824,0.9878824,524.4.jpg
0.39454985,0.0020248522,0.0028898627,0.0027834584,0.002187139,0.00513238,0.40566292,0.061190132,0.0016714075,0.23950338,0.21642034,525.1.jpg
0.018338911,0.0005000417,0.0025962812,0.004624722,0.052379094,0.015157383,0.2689813,0.12860724,0.005205598,0.8806885,0.19119434,525.2.jpg
0.024058606,0.00034615243,0.0104438495,0.0047479235,0.0037712355,0.017273435,0.048919264,0.036678284,0.004220146,0.2624925,0.35330898,525.3.jpg
0.039924707,0.00079998217,0.006008512,0.013780218,0.010805097,0.016452482,0.10049659,0.031676605,0.0018637885,0.018273229,0.5048617,525.4.jpg
0.027226202,0.0071498635,0.10813942,0.036830533,0.0016260328,0.00049908884,0.048199702,0.10749243,0.0055262763,0.004159865,0.09222002,526.1.jpg
0.0003588661,0.00020717074,0.49188647,0.011935468,0.016132154,0.00044615223,0.03433904,0.24750909,0.028739132,0.001576519,0.2062476,526.2.jpg
0.04390057,0.032753225,0.75565726,0.05145086,0.021058917,0.0011089979,0.10178814,0.21104062,0.022501584,0.024131091,0.17465793,526.3.jpg
0.0018357411,0.00079701014,0.32516512,0.03023093,0.015314522,0.00056060124,0.11553991,0.18161201,0.0065117734,0.0053949584,0.22132914,526.4.jpg
0.20996903,0.002757149,0.084491275,0.013847627,0.39890873,0.095912606,0.14612044,0.025684003,0.047155645,0.89811206,0.4157295,527.1.jpg
0.27496693,0.008833684,0.040284798,0.040747285,0.011988268,0.13904268,0.3432707,0.16779275,0.008031451,0.9064905,0.9766747,527.2.jpg
0.14073913,0.0032896113,0.04279442,0.009645852,0.020944055,0.15099137,0.09039748,0.026320783,0.0060883104,0.9870183,0.73072785,527.3.jpg
0.15108159,0.007112254,0.025208196,0.058998775,0.008368934,0.014846769,0.21355596,0.16449831,0.0155868735,0.9588423,0.95831376,527.4.jpg
0.12227085,0.042323828,0.30765846,0.04566261,0.48393038,0.6622642,0.43943802,0.35561216,0.114869095,0.97087663,0.97167957,528.1.jpg
0.08853919,0.006616386,0.0630766,0.006431661,0.106348254,0.0670663,0.3555758,0.6243143,0.01874761,0.907005,0.940758,528.2.jpg
0.04325666,0.003052841,0.052552044,0.005605264,0.0008444701,0.00038712964,0.1287885,0.13649067,7.551655e-05,0.015652183,0.7781268,528.3.jpg
0.023124304,0.0014799068,0.07180581,0.03705822,0.0768351,0.072382614,0.10529641,0.11514012,0.021209376,0.30901203,0.97894645,528.4.jpg
0.016991934,0.0025914032,0.25855625,0.11900868,0.008270267,0.020704484,0.18325476,0.10726027,0.0032747376,0.65629184,0.9257431,529.1.jpg
0.049816735,0.01762936,0.32548374,0.11602349,0.27612334,0.39226156,0.3738916,0.32601738,0.013023811,0.8650182,0.8671458,529.2.jpg
0.012201269,0.0017312041,0.06921199,0.047228567,0.09088866,0.042639967,0.078088805,0.06043908,0.014110143,0.82943934,0.79080456,529.3.jpg
0.0061220904,0.0014639538,0.04837539,0.06520467,0.12110309,0.034034397,0.18558884,0.11763555,0.0027265095,0.9307119,0.9176525,529.4.jpg
0.052165713,0.0029363085,0.0031870566,0.006694737,0.0020974183,9.9086006e-05,0.11363202,0.12948601,0.0020311987,0.00331241,0.027958104,53.1.jpg
0.06339015,0.011217116,0.026064109,0.021803325,0.006061086,7.7703684e-05,0.013732687,0.6270888,0.002309182,0.0072829695,0.03506661,53.2.jpg
0.89850616,0.074687086,0.0053737913,0.0016536989,0.00073664327,0.001476719,0.8307441,0.1951319,0.00069071556,0.0018137532,0.03106464,53.3.jpg
0.094982594,0.00022364847,0.00032734202,2.5769388e-05,7.966709e-05,4.447207e-06,0.21535514,0.6289056,0.00014633176,3.7165468e-05,0.0012480234,53.4.jpg
0.09593738,0.0054943166,0.0059642084,0.0033529892,0.002217458,0.0080676135,0.17273222,0.016418489,0.00035897284,0.32086265,0.14159165,530.1.jpg
0.007831368,0.00021566424,0.0005983291,0.00023042451,0.013167824,0.019814678,0.017826458,0.055529065,4.2872554e-05,0.7745087,0.05409428,530.2.jpg
0.9367984,0.04245852,0.0100552775,0.0018967025,0.0016484171,0.17038792,0.5736222,0.08948479,0.0040584644,0.024675261,0.40317124,530.3.jpg
0.0049415594,0.00026557012,0.00045530053,0.00054622337,0.0021355555,0.0008048882,0.009191322,0.011112824,1.9234263e-05,0.31170627,0.102038756,530.4.jpg
0.45530716,0.15151523,0.045750327,0.016883187,0.0010618601,0.011920172,0.12197189,0.32668728,0.00045505297,0.06848218,0.9299259,531.1.jpg
0.011971196,0.00103343,0.013493078,0.004343287,0.002703402,0.0007159355,0.045546945,0.062426668,0.0002756849,0.5175954,0.5105982,531.2.jpg
0.39327112,0.10784792,0.0075576277,0.005085016,0.0002598178,0.0017850575,0.05418933,0.08146443,4.824289e-06,0.0037453459,0.87681293,531.3.jpg
0.0053666546,0.00014912174,0.012463948,0.010009515,0.00040691101,0.0008192784,0.020864014,0.07341191,0.00042960842,0.4003068,0.98489755,531.4.jpg
0.049603634,0.00037638843,0.012152441,0.00072357897,0.052728783,0.06371207,0.06317602,0.009735557,0.00064368255,0.3847395,0.5471621,532.1.jpg
0.3205989,0.0067146225,0.019183451,0.0006487336,0.22602887,0.8390261,0.2437902,0.03455814,0.0032977702,0.5153532,0.28999546,532.2.jpg
0.3884545,0.0036775218,0.008797897,0.01329228,0.022314044,0.2859975,0.25758207,0.04654547,0.013900765,0.9024785,0.9548506,532.3.jpg
0.032207973,0.00040438474,0.00032885975,2.0332662e-05,0.031819485,0.13195702,0.08842498,0.012585916,6.980917e-05,0.58427495,0.111763485,532.4.jpg
0.99471855,0.15601023,0.024389097,0.0006039583,4.0246946e-06,0.56750464,0.24886048,0.0062672733,0.0003905441,0.00041417612,0.9353548,533.1.jpg
0.82838994,0.0389918,0.0032732766,0.00077820057,0.00012299856,0.6379972,0.5067393,0.05281966,0.0009018011,0.0017966185,0.9655912,533.2.jpg
0.99421656,0.3930244,0.70663023,0.19880046,0.00040545707,0.1646377,0.45986012,0.015074398,0.004362359,0.011173125,0.90225065,533.3.jpg
0.99396425,0.053431854,0.009595027,0.0030320368,6.620814e-07,0.010494328,0.26833308,0.004644962,1.4887524e-05,5.65472e-05,0.94548845,533.4.jpg
0.0229323,0.0022979544,0.0034137783,0.00030133114,0.00018074091,6.991002e-05,0.006724569,0.5525986,3.601542e-05,0.006661341,0.9903694,534.1.jpg
0.0048748087,0.0008788422,0.008397164,0.002447933,0.00032259515,0.00014066778,0.007085718,0.24959552,0.000106263265,0.013974667,0.97395337,534.2.jpg
0.00791128,0.0007784075,0.011780363,0.00021115204,0.00014793279,0.00041053945,0.011108878,0.13645898,2.2954657e-05,0.0012503923,0.9836137,534.3.jpg
0.07433526,0.0046877926,0.06918601,0.0050191255,0.0011143417,0.002004385,0.15878282,0.39111882,0.00024417462,0.004368794,0.98347336,534.4.jpg
0.40893576,0.019116743,0.22807561,0.037283517,0.00411817,0.12112182,0.65465504,0.84045327,0.0012984192,0.014605558,0.9821134,535.1.jpg
0.024459045,0.00407077,0.03356685,0.006627801,0.023428533,0.027187703,0.16208597,0.34844416,0.0001637199,0.8369003,0.96687174,535.2.jpg
0.9909566,0.7954434,0.00642067,0.0041497834,0.0002163909,0.028307468,0.71963197,0.30821046,0.00051828026,0.00082891993,0.9626785,535.3.jpg
0.7056375,0.27247226,0.01511947,0.011781052,0.0023464398,0.031830087,0.5075321,0.40015984,0.00045412974,0.009140779,0.9897816,535.4.jpg
0.025514904,0.004197581,0.011119674,0.0029805496,0.05336563,0.42164543,0.21237144,0.1453709,0.0033293702,0.9675336,0.76643765,536.1.jpg
0.023669831,0.0053607374,0.012486771,0.0018999315,0.12657171,0.5390367,0.07840026,0.019410297,0.007021121,0.98697776,0.65536475,536.2.jpg
0.029621202,0.0027935782,0.018338816,0.0042063603,0.2547058,0.25372016,0.19305654,0.100879624,0.011548178,0.98779637,0.7775235,536.3.jpg
0.015932985,0.0026254384,0.009371371,0.0004508731,0.042678595,0.6671736,0.061520007,0.020797536,0.00034208578,0.9661212,0.78979784,536.4.jpg
0.021680947,0.0003644999,0.00034091814,0.015746064,8.3702194e-05,6.796911e-06,0.013949098,0.06422115,2.576484e-05,0.082927324,0.41036743,537.1.jpg
0.56802106,0.07602834,0.008363475,0.013525689,0.0042790677,0.010640101,0.12333968,0.38252422,0.006393402,0.6150342,0.42789188,537.2.jpg
0.65685785,0.051746007,0.0074629635,0.0016370706,0.002847474,0.00069850456,0.09217623,0.33982122,0.000737812,0.0039328323,0.17689916,537.3.jpg
0.021817707,0.0018856092,0.0045692143,0.0050310916,0.0007192111,0.00012168917,0.011349851,0.054477934,0.00097240356,0.69603026,0.24752785,537.4.jpg
0.30698404,0.01719989,0.118953,0.028262928,0.00033940191,0.03027063,0.36429733,0.44620228,0.00013087796,0.027130982,0.98177356,538.1.jpg
0.013677894,0.00020316025,0.022604544,0.00643982,5.3506632e-05,0.013355361,0.1932919,0.16273454,2.0619802e-06,0.059902295,0.99571025,538.2.jpg
0.8413246,0.4203963,0.13322732,0.019027803,0.019762667,0.0509778,0.10430673,0.23833288,0.00439953,0.04902523,0.8210727,538.3.jpg
0.6816929,0.26288533,0.13719955,0.012881646,0.0028843991,0.03932017,0.04785085,0.123301655,0.0007413147,0.13845289,0.55842584,538.4.jpg
0.5206463,0.080006786,0.16991146,0.020007115,0.08934756,0.1989551,0.5165713,0.6282184,0.026058326,0.29054105,0.893067,539.1.jpg
0.04693459,0.0021698838,0.018517515,0.0010355223,0.046839926,0.040672097,0.49593186,0.20969477,0.0006540805,0.23989332,0.7421072,539.2.jpg
0.61083215,0.15534702,0.33631927,0.04465412,0.16589338,0.5722734,0.3794289,0.14827871,0.19415289,0.7813223,0.78589517,539.3.jpg
0.09951881,0.007748469,0.045746945,0.0059735505,0.16770563,0.1824433,0.3295763,0.13216634,0.029083624,0.9420279,0.7447458,539.4.jpg
0.11054326,0.009113563,0.035239883,0.02299707,0.0012282027,0.0015470757,0.026288008,0.18037711,0.0004986333,0.13080496,0.89605814,54.1.jpg
0.0013556281,1.704759e-05,0.001200333,0.0024118815,0.00046605087,1.8049273e-05,0.003099906,0.08908455,6.443387e-06,0.011862267,0.90871096,54.2.jpg
0.03982512,0.004984982,0.06987822,0.0043263435,0.011173025,0.0015607197,0.24902658,0.44174343,0.0004730737,0.022598403,0.8177262,54.3.jpg
0.08023694,0.0024378619,0.014765264,0.017358355,0.009399855,0.065266095,0.5527095,0.28657705,0.037824575,0.14577372,0.8816795,54.4.jpg
0.0034486908,0.0050955885,0.029167138,0.09700129,0.0006978246,0.0009702158,0.08641772,0.06847299,0.0030901958,0.10045069,0.7817112,540.1.jpg
0.0038627961,0.00041418165,0.048433773,0.10628949,0.018243881,0.0012431366,0.27631032,0.20640717,0.020377519,0.10308554,0.53181225,540.2.jpg
8.6720655e-05,1.6352313e-05,0.0005501324,0.00076591864,1.997598e-05,2.012388e-05,0.030808274,0.018418308,2.5546919e-05,0.0019048171,0.52395475,540.3.jpg
0.00017727798,4.1756633e-05,0.00089804543,0.0057855733,0.00035094947,1.9844112e-05,0.0163699,0.08180942,6.6757602e-06,0.07047797,0.3648954,540.4.jpg
0.09452701,0.002240314,0.038737312,0.015001771,0.03656258,0.33559513,0.13710473,0.11532607,0.055775896,0.8021079,0.73985684,541.1.jpg
0.05089491,0.002355669,0.2574031,0.05334728,0.11362844,0.09959905,0.25132087,0.13680457,0.016065633,0.8496345,0.5511541,541.2.jpg
0.006398811,0.0001396125,0.0012365079,0.0041777682,0.00066531985,0.002708208,0.016095337,0.027098073,6.44997e-05,0.4739784,0.8394516,541.3.jpg
0.052528653,0.010011089,0.079871885,0.013977387,0.021438306,0.5926526,0.19766077,0.21540341,0.013959886,0.7798644,0.9133277,541.4.jpg
0.045127217,0.0061868094,0.011981187,0.0010575218,4.088366e-05,0.00031819,0.08692693,0.28140774,6.628902e-05,0.0034749862,0.8127615,542.1.jpg
0.03902895,0.0011134355,0.031185403,0.005421764,0.00073277316,0.0006565693,0.01706599,0.2386161,0.00012953446,0.017427055,0.70512044,542.2.jpg
0.08857463,0.0035428656,0.0013809733,0.007179332,3.254019e-05,0.00025316747,0.0706316,0.08820332,2.163382e-06,0.00091063674,0.98919046,542.3.jpg
0.010372502,0.00068469514,0.0031094665,0.013473908,0.00012601148,0.0016376527,0.012495042,0.16698223,2.1629161e-05,0.030947512,0.99899846,542.4.jpg
0.038958363,0.0020801984,0.06713263,0.068703815,0.003414565,0.025578236,0.29227477,0.1549113,0.0016611929,0.27681485,0.9929127,543.1.jpg
0.13364263,0.051171914,0.0795712,0.09057801,0.015964605,0.23373018,0.33577207,0.3054964,0.0019018983,0.4855304,0.9987369,543.2.jpg
0.17987595,0.0033166744,0.07079441,0.010391869,0.0019670713,0.14230199,0.47245705,0.115378834,0.004932962,0.15071912,0.97843826,543.3.jpg
0.24084102,0.02071905,0.23160517,0.16500619,0.0149453515,0.1743789,0.45662707,0.37736446,0.0032934474,0.6506392,0.9988041,543.4.jpg
0.35427815,0.0037099167,0.040054142,0.011084228,0.0012234855,0.013935763,0.33696768,0.84764117,0.00028574615,0.016001133,0.95301145,544.1.jpg
0.023958433,0.000989468,0.009239352,0.00617995,0.013102846,0.019065604,0.20355497,0.71094465,0.00086508534,0.066501506,0.92421204,544.2.jpg
0.17813152,0.0061006844,0.0027001847,0.0041468716,0.00014604308,0.0034733978,0.04614328,0.09993131,0.0010784089,0.010495448,0.9599521,544.3.jpg
0.52146435,0.07007433,0.34821355,0.15774783,0.195272,0.44969377,0.8383234,0.8929743,0.047298484,0.014766437,0.9175592,544.4.jpg
0.10513091,0.04157665,0.052536957,0.042883873,0.0074192197,0.0098956525,0.4348418,0.42888093,0.005842744,0.20107605,0.96088976,545.1.jpg
0.01648621,0.0063163126,0.05979161,0.009564069,0.005074805,0.0004818582,0.05044485,0.123715535,0.00066696986,0.10767803,0.9793347,545.2.jpg
0.08642998,0.009415146,0.008599398,0.000791498,0.00020382383,5.6571254e-05,0.06613456,0.051716443,0.00010337324,0.008982142,0.25632718,545.3.jpg
0.0065329424,0.0007057714,0.016527347,0.0008742323,0.0029037471,1.52848e-05,0.02866577,0.4760411,4.229232e-05,0.0075977542,0.39472133,545.4.jpg
0.11888245,0.014372403,0.003676439,0.030394148,0.0027290974,0.0010323043,0.045549586,0.3510565,6.875612e-05,0.018740462,0.63148797,546.1.jpg
0.0021959415,0.00025947174,0.012847391,0.012596146,0.00015373161,0.00047533322,0.026150316,0.17078553,5.6868807e-06,0.004609723,0.9870379,546.2.jpg
0.06882919,0.010993042,0.008755385,0.044361115,0.0022097596,0.006142076,0.33003032,0.51312053,0.00020725175,0.04056274,0.9310673,546.3.jpg
0.001780821,0.0007359483,0.046528384,0.009611481,0.00028288044,0.0018397927,0.11120656,0.40131444,1.6743888e-05,0.006129686,0.8497455,546.4.jpg
0.95147157,0.8403159,0.0024948935,0.0019375733,1.8448132e-05,6.209093e-05,0.019010028,0.08447534,4.224701e-05,2.8686562e-05,0.09315424,547.1.jpg
0.14683701,0.016719867,0.09438396,0.020402517,0.01583989,0.00019173656,0.043955978,0.41061327,0.003250082,0.003179718,0.23982488,547.2.jpg
0.93030554,0.9459502,0.23243451,0.0141477045,0.0009891127,0.034820683,0.057343222,0.04077749,0.00057525147,0.055626877,0.9399754,547.3.jpg
0.2581172,0.19860542,0.13068333,0.05229477,0.006463915,0.005457284,0.14775892,0.24944596,0.0019444692,0.122393474,0.97359496,547.4.jpg
0.84153503,0.83357346,0.13344905,0.07625705,0.039269976,0.4549054,0.80918056,0.8828794,0.20377408,0.14368984,0.769442,549.1.jpg
0.05163903,0.01715211,0.19583285,0.041322444,0.100588635,0.06316701,0.47479087,0.82195526,0.0060916524,0.7307111,0.92045295,549.2.jpg
0.9729402,0.8036885,0.12087008,0.009045065,0.0041145165,0.07417511,0.52480483,0.34274936,0.0328457,0.049280882,0.4556833,549.3.jpg
0.14998174,0.33230013,0.08651408,0.012454567,0.7065045,0.17959347,0.5902627,0.9691574,0.0064631775,0.012438953,0.4768808,549.4.jpg
0.12751712,0.01380787,0.18010001,0.18300778,0.04570868,0.0127327815,0.1271907,0.05971761,0.0028135611,0.44354692,0.6586416,55.1.jpg
0.15222467,0.0072207456,0.016934693,0.0018336391,0.0052726134,0.0857874,0.14229403,0.04653645,0.0012811085,0.8382928,0.31541842,55.2.jpg
0.18230188,0.004801433,0.09867017,0.013095714,0.10800297,0.43130472,0.2486841,0.022337498,0.06863718,0.95870835,0.72314113,55.3.jpg
0.05063221,0.0034794258,0.054663025,0.010712979,0.115384474,0.22958615,0.08132224,0.061579995,0.0068452037,0.9574962,0.96203756,55.4.jpg
0.0111611085,0.0009055017,0.0020062497,0.0014303575,0.00016148605,0.00013787783,0.034177523,0.40025494,1.762594e-05,0.0034906305,0.9607381,550.1.jpg
0.009690389,0.00036619607,0.0066511207,0.003086976,0.00019223776,0.00016091486,0.018299714,0.6899126,2.5942185e-05,0.0016056716,0.8913456,550.2.jpg
0.026669063,0.0006213843,0.0057998477,0.0023155326,5.0064646e-05,0.0002142043,0.048525475,0.07874174,0.00023803621,0.019131139,0.6734665,550.3.jpg
0.06579728,0.0026261464,0.03080497,0.008843571,0.0018305227,0.002846609,0.21358393,0.23362447,0.0055341595,0.067552865,0.72875535,550.4.jpg
0.7457024,0.7383284,0.08038055,0.058698565,0.00982421,0.017824972,0.321186,0.3919249,0.0058828862,0.07125146,0.90244955,551.1.jpg
0.021497136,0.0013822925,0.089931,0.005416794,0.002434412,0.0006544683,0.037531916,0.36980507,0.0006374345,0.014103413,0.9401377,551.2.jpg
0.08057889,0.008326013,0.030950349,0.0022736033,0.004924823,0.00072778814,0.16417871,0.37322992,0.0005470951,0.019685512,0.5208654,551.3.jpg
0.21939738,0.034773767,0.061903298,0.009666432,0.007919233,0.0028758228,0.17848723,0.64458853,0.00089493365,0.10649322,0.9051296,551.4.jpg
0.18832548,0.056194235,0.38179407,0.09671489,0.0054829237,0.03914484,0.44021627,0.71213114,0.002335796,0.062400367,0.9845664,552.1.jpg
0.1479518,0.03362911,0.47620034,0.030597713,0.004226158,0.040582724,0.7781141,0.88488024,0.0013283317,0.025069337,0.9899456,552.2.jpg
0.3319849,0.059125468,0.32558408,0.042309005,0.00051236874,0.06535817,0.63189304,0.33711597,0.0019812577,0.024048258,0.9904615,552.3.jpg
0.6542135,0.2996,0.33481398,0.023476675,0.004911093,0.06415219,0.6668517,0.54686004,0.0083174575,0.16440123,0.97349304,552.4.jpg
0.0036200578,0.000108855595,0.0069831978,0.00066153693,8.870016e-05,0.00073746964,0.008944859,0.01712504,1.9645368e-05,0.17319626,0.5931323,553.1.jpg
0.0031002979,0.00021482074,0.004265916,0.003801252,0.0031921626,0.0009454344,0.0565741,0.269077,0.00011817856,0.80776894,0.923574,553.2.jpg
0.73811156,0.021690385,0.00028989319,0.0013352984,0.00013126152,0.0027839441,0.24624363,0.14674905,7.1333525e-05,0.031197565,0.9395315,553.3.jpg
0.041319214,0.0010467985,0.0020929559,0.00069764536,0.0049227118,0.0690634,0.2794671,0.2571297,0.00066318014,0.54496497,0.6732197,553.4.jpg
0.13503893,0.014925463,0.0120099075,0.009572406,0.0024397378,0.0005518832,0.12779611,0.22969574,0.00017822882,0.009156353,0.8051766,554.1.jpg
0.49460518,0.05305715,0.020200329,0.007343132,0.0011912981,0.00022359108,0.111041255,0.46674702,6.155156e-05,0.002355447,0.80040646,554.2.jpg
0.043263692,0.0068137404,0.04800963,0.014615773,0.009017629,0.00048581322,0.037420288,0.15499571,0.0012981008,0.017216293,0.366959,554.3.jpg
0.00038303263,4.3698685e-05,0.015477359,0.00027052118,0.0020522275,0.00013272959,0.09621891,0.080373116,0.00013344699,6.32465e-05,0.20830661,554.4.jpg
0.9928185,0.99582577,0.05957966,0.044429284,0.0027130572,0.018431274,0.24102043,0.06463773,0.0017837307,0.00068558316,0.4621507,555.1.jpg
0.9913139,0.94192445,0.08432388,0.08092169,0.002786254,0.0039775255,0.165269,0.2816461,0.017975172,0.00022352673,0.34284136,555.2.jpg
0.9993888,0.99629825,0.07820278,0.09078997,0.00043445942,0.0025986629,0.035594605,0.04136076,0.00078090385,4.5726127e-05,0.49325997,555.3.jpg
0.8731652,0.6163492,0.3466961,0.3184855,0.029580701,0.060859453,0.13987264,0.3534902,0.05904776,0.04317291,0.7612905,555.4.jpg
0.06754454,0.005197909,0.058297258,0.14158826,0.008265861,0.0035491008,0.047329277,0.3634145,0.001726307,0.25644833,0.3592183,556.1.jpg
0.003901388,0.0005111629,0.016317617,0.16384831,0.0053202487,0.012851788,0.06627255,0.29493508,0.0005566749,0.13292237,0.9521391,556.2.jpg
0.005467052,0.0017798321,0.22628196,0.4795801,0.00516777,0.009934463,0.093120225,0.46295547,0.00070226507,0.14449884,0.965999,556.3.jpg
0.04905398,0.056392062,0.15772192,0.33607027,0.010087738,0.108558096,0.3097029,0.72034246,0.0041417866,0.05822742,0.9896415,556.4.jpg
0.031132117,0.0053963326,0.015070604,0.032921147,0.0016232174,2.9422725e-05,0.06928064,0.4832614,0.0022272344,0.0012368155,0.034302637,558.1.jpg
0.0074250405,0.001843391,0.28301528,0.06536743,0.059756964,0.00036870808,0.03633376,0.06935771,0.013911736,0.025429148,0.05731358,558.2.jpg
0.0008047892,3.4225905e-05,0.009988633,0.0008197028,9.5171294e-05,1.1800411e-05,0.008278978,0.38316315,0.00017696098,6.371955e-05,0.046688654,558.3.jpg
0.00070334144,0.00027216863,0.45952868,0.11241499,0.032466974,0.00020350069,0.0089902785,0.1347136,0.0053071184,0.014146834,0.0536855,558.4.jpg
0.2303901,0.027548939,0.28997412,0.01612678,0.0021506124,0.018176895,0.19500878,0.31196454,0.003341914,0.16556495,0.83259124,56.1.jpg
0.03756841,0.00095508236,0.09573658,0.012327418,0.00062897673,0.0024223283,0.030341366,0.11329584,0.00032420518,0.05080412,0.9420602,56.2.jpg
0.0900001,0.033447564,0.3060998,0.04590169,0.0068096723,0.06575341,0.103759624,0.097961344,0.005181173,0.1032189,0.74355286,56.3.jpg
0.12692821,0.0076449225,0.12358237,0.024778754,0.0049706153,0.015892671,0.087279916,0.22123177,0.0019033798,0.2045294,0.8663291,56.4.jpg
0.060796306,0.0038596308,0.030458074,0.032618973,0.022471655,0.09715757,0.28617513,0.04661287,0.02326946,0.5386956,0.55058944,560.1.jpg
0.17304596,0.0038837106,0.0069886027,0.004115609,0.115552366,0.53101736,0.60706407,0.2496042,0.097076915,0.09844144,0.65281695,560.2.jpg
0.19682747,0.039267834,0.98835677,0.0030775869,0.039047755,0.78429586,0.12540492,0.043625858,0.015676279,0.4160856,0.45295036,560.3.jpg
0.7687192,0.15747614,0.9181862,0.07524905,0.15769829,0.9306881,0.65985733,0.2720175,0.26750723,0.13376957,0.6697347,560.4.jpg
0.69720155,0.19269554,0.049444586,0.032080565,0.0038422411,0.030286351,0.77685356,0.6223046,0.006822417,0.048575904,0.93617296,561.1.jpg
0.057896826,0.0023378725,0.1765412,0.015988562,0.019051297,0.004734268,0.3888195,0.6163388,0.00031187577,0.101544715,0.9854128,561.2.jpg
0.6351734,0.000897646,0.0005322671,0.00032090498,1.3088058e-05,0.00015822018,0.79156905,0.24186334,9.96439e-05,0.00022458825,0.64160615,561.3.jpg
0.11476576,0.0012527717,0.09069336,0.023757176,0.02148837,0.01996991,0.6296819,0.5833516,0.0016608197,0.009797578,0.95045334,561.4.jpg
0.016749484,0.0031104346,0.0023696914,0.011228662,0.0051819095,0.00012214301,0.011151573,0.0051144087,0.0009688064,0.7365423,0.053771235,562.1.jpg
0.057617314,0.0012200716,0.0046226038,0.018325452,0.016459467,0.0013258631,0.0102611035,0.010491309,0.0005272025,0.9111292,0.037790384,562.2.jpg
0.12259388,0.013855104,0.061542984,0.0069683744,0.025564566,0.04400385,0.16590765,0.012974061,0.004878771,0.7218995,0.6696234,562.3.jpg
0.048309702,0.01355398,0.0076621464,0.013118672,0.025478192,0.00238713,0.103548184,0.041218814,0.001170481,0.9659065,0.089901194,562.4.jpg
0.94353664,0.28144175,0.08281414,0.004355685,0.000718286,0.14336617,0.70220214,0.3918742,0.014858379,0.0028111099,0.81159025,563.1.jpg
0.30204234,0.03247981,0.5094601,0.011111791,0.02013074,0.36345336,0.5977094,0.6141801,0.019149115,0.107543565,0.9251092,563.2.jpg
0.99565613,0.90871674,0.18918444,0.025255486,8.173385e-05,0.10075671,0.5648153,0.026571885,0.00554099,0.00019168445,0.3345023,563.3.jpg
0.9292447,0.15699139,0.037284624,0.027238403,0.02051061,0.33653507,0.8188996,0.30488077,0.08418981,0.0027312809,0.3974036,563.4.jpg
0.6421061,0.056333713,0.032731675,0.03630293,0.0003668577,0.007675751,0.4736536,0.29526302,0.0016860256,0.018324636,0.96993476,564.1.jpg
0.21775556,0.01306105,0.03547181,0.110738926,0.00042297816,0.02126237,0.2754278,0.2822997,0.00044155,0.1291233,0.99517524,564.2.jpg
0.13775235,0.08352697,0.12962423,0.32612056,0.0009189466,0.0058444785,0.23069845,0.22117032,0.00030861745,0.01818802,0.9898691,564.3.jpg
0.047908563,0.006030515,0.06474418,0.19849563,0.0067523792,0.016478358,0.17691296,0.24479878,0.0005949884,0.16501273,0.9983316,564.4.jpg
0.81035805,0.33312845,0.14511475,0.033734635,0.02189516,0.012779452,0.19404434,0.6951859,0.02014083,0.012042263,0.5998967,565.1.jpg
0.4926352,0.08630689,0.70595765,0.06842715,0.021442194,0.008606031,0.3199693,0.6686275,0.0021922512,0.022311823,0.8163491,565.2.jpg
0.6018592,0.58308554,0.22876866,0.13978407,0.23584493,0.011036682,0.27749315,0.8701357,0.037969094,0.029768286,0.7847401,565.3.jpg
0.16291837,0.028804783,0.41857472,0.04255678,0.010266892,0.0037050487,0.25810117,0.72534186,0.0015166554,0.02432938,0.8908776,565.4.jpg
0.74969244,0.15407503,0.16374199,0.037915442,0.006970186,0.3182235,0.27354956,0.28726557,0.0050628246,0.16019686,0.99671435,566.1.jpg
0.039096802,0.018908383,0.44700396,0.06330622,0.0074707037,0.17467035,0.08399054,0.123942725,0.0026024948,0.7726482,0.99506974,566.2.jpg
0.01241965,0.00043515555,0.010958559,0.013889424,0.0020034506,0.006710213,0.19434541,0.11344207,5.189463e-05,0.13147417,0.99548846,566.3.jpg
0.016038416,0.0012766145,0.020563358,0.040925737,0.0069001606,0.015481111,0.12741752,0.1686504,0.0020715226,0.34446165,0.98937106,566.4.jpg
0.046043612,0.004465269,0.040764786,0.022704478,0.0031143466,0.004126742,0.123983525,0.18710694,0.0052717305,0.13687827,0.4550872,567.1.jpg
0.004603459,0.00067055627,0.028497618,0.010031896,0.014430603,0.013382973,0.029814368,0.08353104,0.0036972768,0.83450526,0.20321754,567.2.jpg
0.16346855,0.0023476633,0.0017185656,0.004334841,0.0011055898,9.286249e-05,0.012487777,0.09547771,0.0020033962,0.0071893143,0.050672736,567.3.jpg
0.13521226,0.006591055,0.015552676,0.012973024,0.019826483,0.008227307,0.030342476,0.16382056,0.0068328027,0.32051757,0.084986284,567.4.jpg
0.0036039127,0.00058096624,0.008746285,0.0046126605,0.00016232711,5.4884576e-06,0.0035920013,0.06365874,9.80908e-05,0.0027701897,0.30364043,568.1.jpg
0.0034213867,0.00042139427,0.0042253556,0.025974099,0.00013865913,1.0648784e-05,0.016730139,0.0378047,4.500891e-05,0.010378764,0.8535075,568.2.jpg
0.00039961975,2.682704e-05,0.0006081238,0.00058834406,9.092336e-05,6.538713e-07,0.00030907386,0.011884494,6.0858347e-06,0.009794668,0.7206529,568.3.jpg
0.0013617876,0.0003144784,0.018341044,0.040860206,0.008229144,8.369685e-05,0.0073560807,0.023561986,0.0019731864,0.115842514,0.019381428,568.4.jpg
0.0843079,0.015547967,0.02314762,0.0060532056,0.0033597206,0.068607405,0.1904778,0.32783997,0.00070460234,0.89865977,0.9888031,569.1.jpg
0.003091042,0.00013990609,0.002840051,0.0009992613,0.006879257,0.052677613,0.021052755,0.08868079,0.0001562357,0.96610993,0.9490925,569.2.jpg
0.97741985,0.6499792,0.055262536,0.010750147,0.0017034789,0.13256425,0.46709222,0.24126987,0.005169923,0.07548808,0.9672803,569.3.jpg
0.2006138,0.12294981,0.088813655,0.053388722,0.014017334,0.18283664,0.42087424,0.54402906,0.010190218,0.527204,0.99443203,569.4.jpg
0.026255732,0.009041475,0.08347258,0.042279594,0.0037765955,0.002209345,0.09051902,0.7758022,0.0020912932,0.003682665,0.11797803,57.1.jpg
0.0075065694,0.0011992948,0.05969172,0.039250173,0.003582942,0.0015143999,0.065723225,0.5461278,0.0016293229,0.0015935298,0.029905904,57.2.jpg
0.19335592,0.034133848,0.0007525578,0.0011266829,0.0003533183,3.6117435e-05,0.16755201,0.57455,9.304431e-06,0.0002966393,0.028193217,57.3.jpg
0.09237497,0.023698185,0.16320474,0.041520424,0.029291976,0.011540229,0.08676775,0.60123545,0.0105417725,0.016006285,0.07091337,57.4.jpg
0.010221407,0.0022760762,0.116977945,0.008345134,0.0043010353,0.0011945827,0.045226965,0.46055377,0.0011378602,0.002111634,0.573702,570.1.jpg
0.001642535,0.00018527024,0.07155546,0.005790625,0.004061609,0.00045268162,0.031935055,0.13838235,0.00021817381,0.005072554,0.68517643,570.2.jpg
0.032997478,0.0041085575,0.5637476,0.04031425,0.13978285,0.013481751,0.13131048,0.9200941,0.0017924929,0.003286333,0.6585566,570.3.jpg
0.0047006714,0.0007029122,0.20883584,0.009596025,0.010286534,0.00074963464,0.06703324,0.24340594,0.0003258916,0.016266698,0.75955194,570.4.jpg
0.07346023,0.013190041,0.008123564,0.012575194,0.010197218,0.017464874,0.052043274,0.09138252,0.005864921,0.29559425,0.23589271,571.1.jpg
0.40134314,0.030627899,0.08805597,0.015980335,0.07940335,0.108297415,0.270298,0.05585054,0.048445057,0.718822,0.107111044,571.2.jpg
0.0016588325,2.7938591e-05,0.00069613045,0.0004166575,0.005269398,0.0003605445,0.028592624,0.024612287,0.00017304708,0.21582231,0.10568187,571.3.jpg
0.046339322,0.0036124242,0.01093934,0.013148746,0.056113515,0.007668004,0.114147045,0.0045303646,0.0024782044,0.9506497,0.08002551,571.4.jpg
0.97917914,0.9719635,0.008269141,0.0017156653,3.7953043e-05,0.0029145884,0.07350982,0.1480388,5.113168e-06,6.498775e-05,0.87771094,572.1.jpg
0.45493844,0.037010856,0.48323378,0.08014826,0.0010517976,0.049632255,0.08682331,0.5307872,0.002150903,0.009717884,0.911541,572.2.jpg
0.9995303,0.95691675,0.052839074,0.06164272,0.00049303647,0.0649749,0.39653748,0.020740047,0.009806315,0.0007569069,0.5224868,572.3.jpg
0.13500611,0.0031715594,0.025036411,0.012850003,0.0009573943,0.012532722,0.73816276,0.7524515,0.00042731926,0.00084331346,0.86212903,572.4.jpg
0.17096344,0.0013593936,0.0053954725,0.00090429856,4.2415668e-05,0.00038649188,0.19813558,0.5174685,0.0002856252,0.013486971,0.9042758,573.1.jpg
0.02928216,0.0029776404,0.103005685,0.03739879,0.010615532,0.0025274241,0.060622312,0.44081292,0.00045858228,0.41282362,0.9940347,573.2.jpg
0.35436493,0.09782828,0.1706719,0.044844605,0.007900969,0.02170575,0.5451014,0.28204328,0.0062936344,0.41716653,0.9777779,573.3.jpg
0.20724459,0.023987764,0.22059137,0.024135027,0.00610198,0.021414971,0.22871906,0.2054875,0.0082293935,0.6564765,0.9462635,573.4.jpg
0.14318822,0.007817523,0.03733225,0.019657351,0.0162785,0.034268554,0.7175222,0.209004,0.0038633451,0.36474657,0.8963128,574.1.jpg
0.0073075118,0.00049471075,0.038401492,0.06699687,0.060671117,0.008798142,0.2843618,0.26154965,0.0040107234,0.67613804,0.7930736,574.2.jpg
0.03182943,0.00048763814,0.0076490734,0.0005848846,0.00017555733,0.0017632112,0.0155623965,0.013358014,0.0001229308,0.13126022,0.5240014,574.3.jpg
0.0093591735,0.00024614646,0.009325453,0.006224088,0.029308584,0.006059055,0.039970238,0.14226016,0.0012986053,0.94210917,0.775786,574.4.jpg
0.04243473,0.0013259547,0.039467547,0.013220513,0.004436557,0.14423475,0.33210889,0.18132135,0.0010087221,0.7384611,0.9762349,575.1.jpg
0.047223262,0.0016203661,0.073219836,0.0059977197,0.0016010863,0.0007785904,0.08976733,0.046626583,0.000881762,0.020794988,0.17197843,575.2.jpg
0.25130063,0.014266724,0.029453948,0.00079447223,0.0006170142,0.015914164,0.12618749,0.08985957,0.00013122534,0.11781865,0.8786611,575.3.jpg
0.013516359,0.0021088347,0.034460623,0.009589831,0.02468751,0.114837155,0.091711886,0.16358963,0.0010237469,0.7246908,0.9530247,575.4.jpg
0.99726665,0.97889644,0.1161033,0.021005988,0.001892017,0.04602363,0.229605,0.34604734,0.010777722,0.0084075695,0.69956356,576.1.jpg
0.7403801,0.04452869,0.06800306,0.0028111783,0.030534878,0.029113369,0.28066808,0.39386836,0.014564185,0.049766604,0.82234645,576.2.jpg
0.9994981,0.9335297,0.054625597,0.004986117,0.00016784963,0.0046518655,0.2797864,0.06332098,0.0017074496,0.00080320786,0.6303217,576.3.jpg
0.3342935,0.027099898,0.1606664,0.012820375,0.010352679,0.019794311,0.16054729,0.4362894,0.0018085025,0.5114718,0.95444417,576.4.jpg
0.005109975,0.00013240005,0.010197179,0.012143343,0.0009972479,0.012749413,0.05257327,0.095746815,0.00017455165,0.3181161,0.9895649,577.1.jpg
0.0019343853,0.00011516848,0.0053099054,0.006962661,0.0010778316,0.005747147,0.009409784,0.08534141,9.98505e-05,0.3316435,0.9810451,577.2.jpg
0.30511233,0.0865351,0.3057226,0.09092617,0.027398895,0.334652,0.31540424,0.16780385,0.01102637,0.43589875,0.9816372,577.3.jpg
0.083834425,0.0047727507,0.15991382,0.03453628,0.00998745,0.15823597,0.25387096,0.17715494,0.003038826,0.56010234,0.9910959,577.4.jpg
0.012974948,0.008895373,0.046741404,0.016642354,0.025010467,0.003438112,0.1829365,0.28171027,0.0039553624,0.022871137,0.9223863,578.1.jpg
0.017425202,0.002962999,0.06663175,0.11240325,0.06666548,0.0022720268,0.23744379,0.17163616,0.0025767514,0.12703921,0.96257323,578.2.jpg
0.026099347,0.002080331,0.028354984,0.0060221003,0.0003113149,0.0006170792,0.08732363,0.092148155,0.00021908307,0.07467704,0.68061614,578.3.jpg
0.2143442,0.005228256,0.017559731,0.10848472,0.0032344072,0.009640997,0.2625158,0.17123751,0.010839911,0.53443205,0.88734096,578.4.jpg
0.17451957,0.011327742,0.012217906,0.004947439,0.00024898956,0.0013019621,0.3120018,0.55906975,0.00045251104,0.013419268,0.95973194,579.1.jpg
0.000452618,0.000101831705,0.018657407,0.00054888637,9.320689e-05,3.9747225e-05,0.006119239,0.059069432,1.2488458e-05,0.0112885535,0.88795644,579.2.jpg
0.092795126,0.0010290453,0.102520324,0.0002247131,4.907529e-05,0.0032459435,0.20197046,0.05783648,3.475598e-05,0.0036806993,0.85591257,579.3.jpg
0.008297451,0.003840017,0.86468035,0.010426551,0.017619172,0.012939619,0.14346641,0.082694486,0.0013792062,0.089204244,0.7637944,579.4.jpg
0.2341336,0.021702219,0.013173021,0.05068977,0.00036066325,0.006777835,0.5566953,0.2469544,0.0035761644,0.013029022,0.7876751,58.1.jpg
0.008534254,0.00022382315,0.0051251855,0.037803132,5.8024336e-05,0.00049048226,0.08802693,0.11138228,0.00011692135,0.007513834,0.63276684,58.2.jpg
0.0031393853,0.0021886274,0.0028995078,0.03178268,0.00047701556,7.179348e-05,0.0043420726,0.08266118,2.9282815e-05,0.0041313735,0.4079752,58.3.jpg
0.020245386,0.0038386015,0.01126737,0.17733651,0.0039965427,0.0002937,0.0033372638,0.13759495,0.00039434474,0.072584204,0.22861974,58.4.jpg
0.6122085,0.019474417,0.0034171445,0.0004837354,6.245191e-05,0.0042853444,0.089113615,0.03446294,6.1563396e-06,0.004423667,0.9972892,580.1.jpg
0.04396291,0.016991002,0.07993038,0.022655724,0.0025864902,0.20652556,0.12599564,0.07613891,0.00031524603,0.5493659,0.9986884,580.2.jpg
0.83071023,0.3158807,0.05690084,0.07265522,0.01618527,0.20951922,0.5372959,0.11742217,0.008530527,0.20310636,0.9879732,580.3.jpg
0.43318564,0.22070085,0.23782292,0.103223264,0.016738864,0.5836611,0.28768215,0.16040337,0.01802383,0.7172961,0.9944952,580.4.jpg
0.50574523,0.07978835,0.116102844,0.038909618,0.037171625,0.1482491,0.113965966,0.023874525,0.019234838,0.93705374,0.7799317,581.1.jpg
0.009662561,0.0011192512,0.15557031,0.03772765,0.45179754,0.034068517,0.077182755,0.070032656,0.011866151,0.9745549,0.8774455,581.2.jpg
0.9825194,0.4818395,0.014046236,0.013566188,0.0074409875,0.12305601,0.33179373,0.032217536,0.14576145,0.43109035,0.2815409,581.3.jpg
0.28511503,0.012240428,0.009050045,0.010748859,0.034941863,0.08413051,0.09939723,0.15283498,0.03525559,0.9028818,0.7593316,581.4.jpg
0.16967691,0.0061499546,0.018483944,0.033507694,0.00064575084,9.38034e-05,0.027634475,0.18942952,8.3462124e-05,0.006559832,0.7555204,582.1.jpg
0.021141108,0.0008991422,0.044416353,0.032084096,0.007995025,6.849109e-05,0.0039793095,0.22851434,0.0008016706,0.004589803,0.70945513,582.2.jpg
0.4459019,0.013664655,0.071933895,0.03240249,0.5103604,0.046661388,0.39114338,0.148026,0.010759091,0.69634086,0.8719592,582.3.jpg
0.050473318,0.0023368818,0.06746182,0.03426124,0.39674687,0.008020552,0.13595492,0.37155107,0.004459808,0.72990566,0.85959077,582.4.jpg
0.8411327,0.1585232,0.2306423,0.011203167,0.00261373,0.0014663538,0.16027884,0.63745356,0.00044458438,0.009297399,0.4493715,583.1.jpg
0.68781996,0.0937301,0.15747893,0.08026883,0.017966976,0.022797946,0.6980106,0.7397295,0.0061650705,0.0172108,0.26129463,583.2.jpg
0.9770627,0.43181485,0.05628579,0.00714633,0.0004948784,0.0020935833,0.23523362,0.76379514,0.001662583,0.0019270878,0.6207056,583.3.jpg
0.32156917,0.06611877,0.48991296,0.13636212,0.043427877,0.22803965,0.6026532,0.44775838,0.027149685,0.084182344,0.494027,583.4.jpg
0.0055179438,0.00023512372,0.0049542654,0.00074670895,4.674919e-05,0.0002602388,0.033823296,0.060856357,0.00017414617,0.23878258,0.59995604,584.1.jpg
0.015177399,0.0018412891,0.0024334174,0.001227301,0.005460297,0.04915979,0.13051298,0.13002652,0.006089597,0.7915728,0.68260586,584.2.jpg
0.6310993,0.20534344,0.06099138,0.009224153,0.013374236,0.05918488,0.41332042,0.236393,0.008942171,0.18795991,0.92641866,584.3.jpg
0.01297951,0.00017659487,0.002494755,0.0014542699,0.000831693,0.00051508175,0.07236859,0.5790574,0.00032079854,0.111292064,0.9895545,584.4.jpg
0.009684337,0.0002556047,0.02535164,0.002562305,0.0017089483,0.007935857,0.7036922,0.19291882,0.00080149836,0.00830987,0.9827838,585.1.jpg
0.013336135,0.0006856746,0.0734748,0.015499122,0.0018025999,0.0071497653,0.07861445,0.21560422,0.00029063426,0.017067006,0.9929797,585.2.jpg
0.4213598,0.034826428,0.19222608,0.101973265,0.02817784,0.16288052,0.32742077,0.111974955,0.04491494,0.4072918,0.95375943,585.3.jpg
0.023927204,0.0010323318,0.064311944,0.037323155,0.002472342,0.102493584,0.1307345,0.06413434,0.0006870283,0.37946355,0.9971204,585.4.jpg
0.9973073,0.9543885,0.009668312,0.0024021112,0.00024781132,0.0113493,0.39925823,0.16490023,0.0004373665,0.00011732408,0.88060457,586.1.jpg
0.08984649,0.0047451253,0.04234088,0.010250823,0.00057653425,0.023228608,0.53330225,0.5882951,0.00012465028,0.038405262,0.9896109,586.2.jpg
0.8912768,0.68102145,0.06354606,0.025954906,0.0010932153,0.030691326,0.4964719,0.6242757,0.0016118024,0.012518656,0.97441643,586.3.jpg
0.23709422,0.06034078,0.25970948,0.23337427,0.0065015345,0.29935598,0.6010795,0.27619687,0.0051943823,0.40509138,0.9947537,586.4.jpg
0.012259208,2.8344364e-05,0.00013969254,0.0013449903,8.012743e-06,1.3157677e-05,0.019633455,0.042535774,9.065522e-06,0.0010913372,0.9931259,587.1.jpg
0.5133172,0.012670001,0.002295578,0.001117239,5.1240153e-05,0.0012615793,0.08870323,0.15312518,4.2194628e-05,0.001757325,0.98537505,587.2.jpg
0.0011384435,7.3360934e-06,0.00043679032,0.0011621033,2.109633e-06,8.545155e-05,0.0038843877,0.01820559,3.547087e-06,0.0010946529,0.9930506,587.3.jpg
0.16409595,0.0035890518,0.08485982,0.03526673,0.0016893662,0.0014708064,0.07614635,0.31172895,0.00033722594,0.018797055,0.9815569,587.4.jpg
0.99838746,0.9943674,0.027138105,0.010943267,0.00045370785,0.010818489,0.25663435,0.1050403,0.0010964897,0.00030446725,0.38384673,588.1.jpg
0.772531,0.32334566,0.15356895,0.04096221,0.12568493,0.32654545,0.5263008,0.5701408,0.10126989,0.12899563,0.57022893,588.2.jpg
0.9999938,0.9983156,0.005660802,0.0005442117,3.111402e-05,0.0031931917,0.07802272,0.0039945864,0.00019886527,1.31224515e-05,0.11952126,588.3.jpg
0.6149364,0.03174926,0.15718946,0.012812388,0.03420541,0.027387612,0.46024603,0.46570706,0.0040851645,0.12002899,0.53791875,588.4.jpg
0.86374867,0.14050104,0.05781509,0.0015645117,0.0027054662,0.001291302,0.12713353,0.38734555,0.00070032093,0.0009970403,0.3164198,589.1.jpg
0.046910793,0.0045019835,0.218236,0.04333837,0.0044273436,0.0037591513,0.11503063,0.2998329,0.0007751332,0.025454253,0.7206675,589.2.jpg
0.14852835,0.012986965,0.26744306,0.16479506,0.015606574,0.028765421,0.44308385,0.24550171,0.0058919704,0.44229987,0.9111113,589.3.jpg
0.16049471,0.0046359934,0.09450651,0.10579189,0.0071526836,0.010844017,0.40702152,0.46070582,0.0060340595,0.058302615,0.843134,589.4.jpg
0.65568095,0.050677888,0.18181898,0.08084437,0.012815191,0.031428467,0.36518317,0.3412696,0.016107794,0.17910391,0.51575726,59.1.jpg
0.00032730802,0.00010992373,0.09280931,0.018415192,0.116574034,0.0014787073,0.0072084335,0.14226916,0.0017240882,0.26782292,0.51932174,59.2.jpg
0.0057649044,0.00057525723,0.15718433,0.0139383925,0.0031945247,0.015717018,0.3060737,0.17958069,0.018614963,0.04003266,0.8853955,59.3.jpg
0.002967887,0.00039384395,0.051797647,0.053072248,0.0050618155,0.0037370443,0.10765045,0.21765494,0.015372903,0.059572645,0.9515178,59.4.jpg
0.24954408,0.011292753,0.018737582,0.032719795,0.00064785656,0.0012782235,0.07676049,0.6917666,0.0015474153,0.014199933,0.9405667,590.1.jpg
0.021145217,0.0016778853,0.29602483,0.021680847,0.018830959,0.0151733225,0.18507278,0.22547148,0.0021086843,0.146098,0.85578793,590.2.jpg
0.48499963,0.011915948,0.03871855,0.0024805474,0.0004653237,0.0029830346,0.03356683,0.06485235,0.000825707,0.002305155,0.4114337,590.3.jpg
0.016864764,0.0034787147,0.13912217,0.11452295,0.015113152,0.0013319871,0.023611741,0.13108718,0.00895275,0.109577715,0.5078292,590.4.jpg
0.87781626,0.56794184,0.0044023823,0.02928851,0.0012730221,0.0015518389,0.045348965,0.0708264,0.0011775588,0.008891532,0.13590528,591.1.jpg
0.04681238,0.0026851913,0.026440643,0.096008375,0.0010420147,0.0039126785,0.018879952,0.070786245,0.0008434219,0.1300039,0.81676614,591.2.jpg
0.045839116,0.0015879907,0.0010275043,0.0064163823,0.00026666062,9.854832e-05,0.04295582,0.048329897,2.0317368e-05,0.008952277,0.29828146,591.3.jpg
0.5872352,0.12335554,0.45398,0.066085786,0.012401422,0.10313729,0.58067393,0.25956175,0.036242075,0.0603522,0.65554816,591.4.jpg
0.0013483005,3.177333e-05,0.015321282,0.006526833,0.0032836664,0.00023992649,0.0054694614,0.009322648,0.00014338082,0.10554694,0.21484466,592.1.jpg
0.0017082618,6.5634595e-05,0.0077348645,0.042798366,0.0039109336,0.00020674965,0.003908639,0.09865936,0.0011429797,0.09431903,0.6307519,592.2.jpg
0.0014479879,3.1093317e-05,0.0034030133,0.021175269,0.0003783155,0.00037324103,0.012233155,0.010724523,0.005042703,0.013097724,0.045771506,592.3.jpg
0.0014884361,0.00010455335,0.011234736,0.08578654,0.0044793,6.7491834e-05,0.0013460469,0.04931063,0.0031683228,0.08936731,0.07480941,592.4.jpg
0.8966107,0.8228517,0.036857173,0.040360626,0.0017372915,0.025175022,0.30915707,0.555473,0.009062399,0.026973177,0.56857187,593.1.jpg
0.5904924,0.39444894,0.039594952,0.0664465,0.004346559,0.008218247,0.06564153,0.19830602,0.0019057292,0.012580298,0.3852116,593.2.jpg
0.8292325,0.6393187,0.032936174,0.011326424,0.0016188989,0.052516382,0.45403692,0.19081827,0.00029738832,0.009199281,0.8131838,593.3.jpg
0.07602053,0.016910069,0.09200159,0.068497434,0.032436743,0.23485328,0.40091774,0.49776876,0.0043913564,0.20331493,0.94414157,593.4.jpg
0.0028465576,0.0014648492,0.0005888358,0.0021286479,0.0009333289,0.00011883329,0.0038116863,0.01726676,3.1817657e-05,0.8727511,0.2824397,594.1.jpg
0.10002487,0.054431092,0.285746,0.3432852,0.17085677,0.302554,0.38639873,0.36069408,0.042305443,0.91276324,0.9567489,594.2.jpg
0.03591244,0.011529905,0.00489071,0.0032500266,0.0028226704,0.004059089,0.1181787,0.028945835,0.00045347222,0.88716847,0.16050799,594.3.jpg
0.0028535964,0.0029702769,0.018405303,0.011881637,0.005772338,0.0020387305,0.0198659,0.013515672,0.002153583,0.9957902,0.56125313,594.4.jpg
0.37141338,0.008538434,0.067404516,0.0075673047,0.0010443954,0.0010865389,0.03129706,0.06935063,0.0022280407,0.09131007,0.42133796,595.1.jpg
0.0042805797,0.0003416722,0.05389264,0.014278947,0.0027662183,0.00013384382,0.018639639,0.05352079,0.00031436392,0.13951375,0.30086508,595.2.jpg
0.1274187,0.01661035,0.093047164,0.011775905,0.00060006324,0.0040318132,0.27389073,0.38065714,0.0012854805,0.045269486,0.8240858,595.3.jpg
0.48614967,0.018663231,0.1310333,0.0110668,0.00023471426,0.0075592543,0.64379424,0.27475774,0.0021155544,0.013387728,0.91327846,595.4.jpg
0.06559011,0.0019412228,0.013712978,0.024759635,0.002739175,0.003622047,0.3325368,0.18395081,0.001071301,0.07089121,0.97917545,596.1.jpg
0.116016634,0.0029479966,0.015957534,0.033397716,0.00542507,0.006030083,0.27087623,0.12484061,0.0018217502,0.19483434,0.8990402,596.2.jpg
0.40558502,0.039927058,0.064222924,0.044389218,0.0027940765,0.004019507,0.11600279,0.12676401,0.00058900105,0.029416854,0.8062741,596.3.jpg
0.07744889,0.005755341,0.13737921,0.018851403,0.0127549665,0.00065669103,0.14215058,0.32757726,0.0034654317,0.04014379,0.67498475,596.4.jpg
0.035940077,0.00049906055,0.0023394292,0.00097371306,0.0020009542,0.0045651905,0.062409323,0.117672965,0.00087674486,0.98976654,0.7845513,597.1.jpg
0.00059521274,2.764101e-05,0.00049713743,0.00014446497,0.07145203,0.0054754745,0.0722526,0.07745951,5.7698508e-05,0.9800933,0.6873318,597.2.jpg
0.0016921856,0.00018794414,0.0010565781,0.00044854236,0.0020762782,0.026685389,0.030272165,0.052919865,2.346852e-05,0.9316982,0.89809626,597.3.jpg
0.008823269,0.0008149031,0.012040505,0.00054008776,0.04063053,0.24724665,0.039370455,0.04258168,0.0001972909,0.9787633,0.8541917,597.4.jpg
0.00047209242,4.9167196e-05,0.0066587706,0.0015498048,1.11931e-05,7.251789e-05,0.0057304474,0.12257647,9.351927e-06,0.040901892,0.99596256,598.1.jpg
0.036713902,0.009717815,0.39065567,0.0745411,0.0090906415,0.03527384,0.23122127,0.24192709,0.0010481128,0.12190255,0.9761863,598.2.jpg
0.06243335,0.0007841551,0.019773992,0.02345399,0.00039655273,0.019834185,0.4686174,0.35075128,0.00020300342,0.07863999,0.9936341,598.3.jpg
0.006139791,7.0607144e-05,0.025147721,0.00937781,0.00029138115,0.004486612,0.3298668,0.23237476,5.2333155e-05,0.015344743,0.9538374,598.4.jpg
0.5228019,0.08511751,0.10605316,0.01865976,0.055757843,0.3901488,0.39744058,0.3634454,0.0334459,0.26830038,0.94123954,599.1.jpg
0.18561411,0.03907309,0.51936275,0.0621943,0.12112845,0.78112394,0.36567825,0.44951433,0.0070445403,0.4920582,0.9712053,599.2.jpg
0.23995346,0.019664424,0.018506484,0.0045423605,0.14814888,0.42222133,0.12022144,0.08944489,0.0015011157,0.35992372,0.8627444,599.3.jpg
0.124140635,0.005181969,0.015820403,0.0016135752,0.061873447,0.33102915,0.15041016,0.29554182,0.0010263578,0.35787123,0.959802,599.4.jpg
0.99117833,0.65380234,0.015570821,0.00302906,6.440007e-05,0.09905124,0.30678132,0.007067231,0.0005487119,0.0007168975,0.8720039,6.1.jpg
0.7178482,0.098594375,0.038321324,0.02550003,0.0016780397,0.10749747,0.3355802,0.024320392,0.0018620507,0.14310375,0.96914726,6.2.jpg
0.998319,0.99409455,0.023269843,0.0030544258,1.5220565e-05,0.01431109,0.0481709,0.0037512507,4.139441e-05,0.00030420668,0.8316573,6.3.jpg
0.060846124,0.0036149381,0.04380546,0.06492268,0.0062195947,0.13026422,0.19839592,0.052512422,0.0022950452,0.46674234,0.98274773,6.4.jpg
0.48509488,0.08891803,0.06331213,0.10132408,0.0048133875,0.046726964,0.6346106,0.54253787,0.01722547,0.031397384,0.86447585,600.1.jpg
0.009360554,0.0009633858,0.0049929894,0.019148296,0.009557286,0.0005522667,0.005884808,0.14980678,0.0003047411,0.23414688,0.4461552,600.2.jpg
0.5916242,0.65191877,0.020688985,0.08787174,0.0017822048,0.011999942,0.06391439,0.14028704,0.00013763836,0.004132553,0.6003422,600.3.jpg
0.75587064,0.86550415,0.0037967488,0.0113276355,0.00034360334,0.0008158794,0.013761419,0.072641715,0.00014786526,0.0031460733,0.5607488,600.4.jpg
0.09568651,0.0047222045,0.0045236754,0.007882243,0.0024815188,0.04862377,0.51585644,0.14848717,0.0004733846,0.71540314,0.9879941,601.1.jpg
0.007628618,0.0009290866,0.013083246,0.0051849415,0.0034538812,0.0059762495,0.044485446,0.09269343,0.00010691029,0.9762147,0.9973028,601.2.jpg
0.14525281,0.0057408954,0.054441947,0.013263006,0.0034631665,0.048292387,0.044862065,0.08656111,0.00056833157,0.8687994,0.9786002,601.3.jpg
0.029634269,0.004262938,0.019939883,0.071511455,0.009962285,0.009052343,0.06571465,0.14625691,0.0018447083,0.984107,0.9858256,601.4.jpg
0.070745714,0.004071992,0.012172274,0.012144166,0.00045986447,0.0045651887,0.03939293,0.07536217,0.00021346661,0.13019611,0.7915918,602.1.jpg
0.0073097744,0.00012212276,0.019305252,0.0013800878,0.0008948019,0.048470087,0.0384012,0.07348538,5.7231726e-05,0.16303797,0.13333148,602.2.jpg
0.4096321,0.053563997,0.007960266,0.0048431363,0.007812702,0.00636709,0.10552241,0.4651397,0.0006564154,0.035438463,0.357109,602.3.jpg
0.046070173,0.014824028,0.015552516,0.017238462,0.16221112,0.005126846,0.032418903,0.23061526,0.00100673,0.24769537,0.32911146,602.4.jpg
0.0015269818,0.00026197193,0.004899497,0.045993183,0.00037958444,9.1596215e-05,0.030024352,0.23384501,0.00012952075,0.16854118,0.9917604,603.1.jpg
0.000647847,9.233146e-05,0.11335074,0.13008839,0.0005306,0.00020043022,0.020676704,0.12511976,0.00014214503,0.15984781,0.9844552,603.2.jpg
0.014314171,0.0012259451,0.02825989,0.06888446,0.004380683,0.0015736006,0.03922478,0.2177933,0.001038536,0.19835591,0.90618825,603.3.jpg
0.022050401,0.0021923983,0.044843726,0.06840457,0.019796846,0.0038109478,0.094550095,0.17926176,0.00428754,0.3475151,0.96370304,603.4.jpg
0.9616601,0.08797068,0.028559895,0.0013876111,0.00010824343,0.70210046,0.4825512,0.01893526,0.0022344114,0.0012948163,0.7058388,604.1.jpg
0.8741605,0.10972669,0.023318425,0.0014304665,0.00015866056,0.6848926,0.4771007,0.03729165,0.004152618,0.0011718784,0.9672453,604.2.jpg
0.9993888,0.7264979,0.002098086,0.00011079803,6.878911e-05,0.24413368,0.27839252,0.029229578,0.00063613965,0.0002589947,0.6260383,604.3.jpg
0.92612576,0.025181875,0.050027322,0.001202795,0.00038349847,0.919954,0.28369084,0.046422493,0.02663698,0.008772435,0.74294245,604.4.jpg
0.0011649072,0.00039071706,0.0013085046,0.00030694783,1.2334362e-05,5.9184513e-06,0.0159228,0.06815529,1.6611546e-05,0.0009184263,0.21313855,605.1.jpg
0.0012488698,0.00033049568,0.0005606036,0.00027851964,2.9912442e-06,3.1348386e-06,0.013602891,0.010636788,1.2119225e-05,0.000655841,0.051892176,605.2.jpg
0.01606877,0.01138471,0.0010849677,0.0005163131,0.00019314318,0.00010252681,0.027900826,0.006386324,1.3861661e-05,0.008112432,0.14080682,605.3.jpg
0.007286338,0.0012963742,0.0033321592,0.00072883867,5.0708994e-05,6.366106e-05,0.0050387545,0.011750955,0.00018516906,0.005393109,0.06549659,605.4.jpg
0.9946174,0.8667141,0.17332068,0.029632423,0.00032045893,0.20099449,0.22009921,0.02272574,0.0014883335,0.004199497,0.9609839,606.1.jpg
0.9610386,0.4342292,0.09420454,0.026167547,0.0009310441,0.05202972,0.23866172,0.07987675,0.0013063966,0.011745293,0.9965695,606.2.jpg
0.6618671,0.23868504,0.088900395,0.059342787,0.02640401,0.12464654,0.5361408,0.50869846,0.0064593325,0.065092295,0.97185475,606.3.jpg
0.07394586,0.011964372,0.07023846,0.02294043,0.007231285,0.024879025,0.54524326,0.26384312,0.0007122722,0.056574646,0.9907927,606.4.jpg
0.014572783,0.0014358015,0.009241121,0.082547314,0.0027697047,0.002989524,0.048554488,0.034151644,0.00060998887,0.49196297,0.92778975,607.1.jpg
0.009510053,0.0045266994,0.042602427,0.040887553,0.046755757,0.0013844089,0.03375297,0.27488977,0.001809851,0.74823934,0.9811415,607.2.jpg
0.024164379,0.0006982886,0.10379486,0.17553113,0.028267564,0.055632178,0.5340857,0.022577276,0.036908813,0.33722594,0.6195477,607.3.jpg
0.010151914,0.002476155,0.12754615,0.26511157,0.3546932,0.107739456,0.3548307,0.14609995,0.04008621,0.69347656,0.81215,607.4.jpg
0.29251692,0.07854414,0.06363632,0.24586871,0.00025297492,0.0028864997,0.26346233,0.27333668,0.0044686897,0.005192365,0.66764194,608.1.jpg
0.117241986,0.009442795,0.012758737,0.066019885,0.017329384,0.0009407045,0.09764779,0.21359794,0.017787062,0.084647804,0.08268711,608.2.jpg
0.0064471653,0.00013920933,0.0016633121,0.00063532015,3.3636832e-05,5.1429855e-05,0.029593833,0.102342114,0.00012308164,0.0026033672,0.08396076,608.3.jpg
0.0019363556,0.00029599888,0.009452139,0.020932794,0.00024812197,9.728057e-05,0.019692544,0.16889569,0.00018059742,0.0072399816,0.1615806,608.4.jpg
0.04557714,0.0012837267,0.006347905,0.005641189,0.00010232756,0.0001262885,0.02344949,0.6953365,4.336049e-05,0.00022968926,0.90700793,609.1.jpg
0.06568115,0.015820619,0.037988417,0.028742146,0.016500236,0.0020790573,0.05076812,0.23187949,0.00034764546,0.026575036,0.9288745,609.2.jpg
0.40173963,0.074132174,0.015925301,0.0077029075,0.0016515809,0.0020622693,0.39292604,0.08142794,0.0020303677,0.010424018,0.8158385,609.3.jpg
0.10034984,0.01503402,0.0531465,0.025396928,0.022788407,0.0018906271,0.20109248,0.11459795,0.001521765,0.02692213,0.8562367,609.4.jpg
0.68854254,0.13119484,0.36284375,0.033581093,0.010167891,0.11732999,0.552268,0.4443186,0.028828803,0.017502856,0.95135254,61.1.jpg
0.08024277,0.007856093,0.67898095,0.041057188,0.009501711,0.006898116,0.33112422,0.5210771,0.0021661485,0.0045877164,0.9215151,61.2.jpg
0.8396284,0.53222644,0.6743237,0.4117941,0.41471472,0.1608881,0.74053323,0.83238244,0.107756905,0.15136991,0.96591115,61.3.jpg
0.453655,0.21790127,0.8908151,0.5155757,0.40508622,0.24029356,0.724739,0.8582925,0.25606623,0.23216808,0.9316258,61.4.jpg
0.15565437,0.005548528,0.011301877,0.019640015,0.0013730458,0.0031719317,0.31942144,0.2730249,0.0018838869,0.07991249,0.9716367,610.1.jpg
0.006355034,0.002885731,0.11762256,0.11140288,0.003145347,0.0013433723,0.16629781,0.06069816,0.0014973732,0.11761578,0.93671346,610.2.jpg
0.0028390423,0.00040871566,0.026394036,0.0008270859,4.2775115e-05,0.0008552281,0.13128579,0.16885297,4.6719328e-05,0.009119607,0.9438186,610.3.jpg
0.002042274,0.00025251007,0.1327507,0.010536372,0.0010675163,0.00082130753,0.28274143,0.35081083,0.00048008462,0.06220125,0.9488253,610.4.jpg
0.3814918,0.0048556956,0.03125494,0.011599576,0.0032536048,0.020695755,0.17980714,0.081583545,0.028621446,0.086644575,0.32403052,611.1.jpg
0.010098435,4.018269e-05,0.0020192417,0.001355871,6.355524e-06,0.0001560938,0.0070326463,0.04986446,0.0005427975,0.009719522,0.40579817,611.2.jpg
0.0074523226,0.00018527202,0.07251619,0.017911414,0.07064322,0.01597922,0.16293888,0.05344875,0.0026317316,0.4148424,0.6948381,611.3.jpg
0.0005123734,1.3869396e-05,0.0070231953,0.0038359405,0.00072179484,9.710568e-05,0.00036228274,0.015477562,0.00051436794,0.059104368,0.07020357,611.4.jpg
0.432932,0.037948757,0.007394361,0.037136927,0.001358328,0.016961776,0.5238697,0.49722403,0.00094956445,0.018394794,0.99430346,612.1.jpg
0.047509663,0.008389873,0.029606871,0.16990077,0.012950427,0.0133726075,0.08038707,0.16103248,0.0007447841,0.092287935,0.99201304,612.2.jpg
0.93719435,0.5979034,0.00037070524,0.0019884128,1.613818e-05,9.9011384e-05,0.07489894,0.06955379,5.7189523e-06,5.8830614e-05,0.9757237,612.3.jpg
0.10869615,0.010090224,0.109400444,0.025286902,0.047351792,0.004653652,0.5668095,0.60776603,0.008591214,0.017063878,0.9081438,612.4.jpg
0.33247548,0.030430341,0.013727877,0.005090524,0.018950412,0.034158513,0.15295605,0.17616256,0.00039793228,0.18055974,0.49041516,613.1.jpg
0.013735207,0.0013355757,0.21000929,0.005551388,0.038908347,0.011677667,0.059505347,0.086526334,0.00032958947,0.27508086,0.77452147,613.2.jpg
0.11289861,0.00436743,0.0044890023,0.010633617,0.0055814576,0.007606147,0.04913548,0.020282581,0.0012289445,0.288687,0.25746116,613.3.jpg
0.018182512,0.00044344712,0.025657024,0.0013659955,0.0553146,0.08641406,0.21605057,0.17462012,0.0007358494,0.8232586,0.55549455,613.4.jpg
0.051781878,0.005550335,0.12865344,0.18294688,0.006136077,0.00044724654,0.06047101,0.18724559,0.005750096,0.3806147,0.5569976,614.1.jpg
0.0052630086,0.00043932712,0.15359281,0.09290698,0.04224916,0.0014639663,0.027336193,0.1602161,0.001721485,0.7226528,0.5551903,614.2.jpg
0.062960215,0.0051825857,0.17375597,0.21116675,0.008576163,0.006000799,0.04936494,0.14245494,0.008402339,0.15874909,0.4245813,614.3.jpg
0.017413808,0.0059614982,0.35680717,0.32624987,0.08408175,0.03275003,0.11665032,0.19976027,0.018089363,0.25720012,0.7256917,614.4.jpg
0.9643681,0.9099923,0.38378984,0.17856723,0.0006881482,0.051717512,0.3764833,0.25925854,0.0016063635,0.0031384826,0.91553164,615.1.jpg
0.0023551302,0.0009216847,0.08861963,0.021108681,0.0025949602,0.0007171066,0.02500918,0.5608514,0.0005452668,0.0849657,0.90067947,615.2.jpg
0.99860793,0.9978283,0.2279747,0.01545776,0.00029316818,0.055147994,0.252973,0.018648311,0.00039687796,0.00022883023,0.68903947,615.3.jpg
0.498632,0.13650711,0.67256063,0.16398813,0.0010895773,0.07322715,0.23439084,0.4771917,0.003642526,0.014775687,0.7582484,615.4.jpg
0.059300855,0.049806498,0.021122763,0.0565584,0.0007182905,0.0008994691,0.020277511,0.1365787,0.00030936807,0.055221763,0.9072561,616.1.jpg
0.005762355,0.004495449,0.22517632,0.4440585,0.01731582,0.012622121,0.03323058,0.082436845,0.03539098,0.15468878,0.43019262,616.2.jpg
0.74819875,0.7264314,0.22454448,0.012201912,0.0022140394,0.015355374,0.30588767,0.5818093,0.00055902347,0.01329617,0.9894722,616.3.jpg
0.03540968,0.0651793,0.6212222,0.048121415,0.056068048,0.021996442,0.48051402,0.27285916,0.0036748024,0.31370038,0.9934684,616.4.jpg
0.35591447,0.2629955,0.075653754,0.07337591,0.0033865566,0.015670326,0.15782422,0.36575148,0.0039449963,0.031144211,0.9726973,617.1.jpg
0.026078414,0.008699632,0.35089946,0.11546354,0.004039938,0.0036096568,0.15498997,0.08911663,0.004965764,0.28025323,0.82969517,617.2.jpg
0.15199694,0.08366061,0.101226024,0.013461364,0.0016295431,0.0049011013,0.15672147,0.07976994,0.00013587312,0.020440247,0.7362657,617.3.jpg
0.009621245,0.0009487027,0.103174545,0.044927612,0.00095589855,0.00051919546,0.021578074,0.06638265,0.00076150434,0.11605057,0.91007125,617.4.jpg
0.23256727,0.003645431,0.04438194,0.03188132,0.013264567,0.033294667,0.6570264,0.44878057,0.0016219167,0.0835233,0.9618568,618.1.jpg
0.08890115,0.0053203925,0.14586487,0.008529418,0.0013604952,0.00021783916,0.04893074,0.67359716,0.00058200926,0.00075751636,0.17616583,618.2.jpg
0.05432619,0.00521549,0.01881661,0.034085862,0.025013406,0.013636907,0.3356718,0.37819397,0.0077304635,0.04023567,0.9306003,618.3.jpg
0.047775403,0.002823481,0.028523676,0.0029412739,0.00073215546,0.0021903524,0.46884957,0.6418728,0.0003911798,0.011666864,0.9825806,618.4.jpg
0.389007,0.0987638,0.037503205,0.011995099,0.015993522,0.06133798,0.29194647,0.77728117,0.0072293817,0.03143665,0.97124434,619.1.jpg
0.008465296,0.00031992808,0.0802983,0.12079108,0.011071764,0.0033557618,0.03685814,0.59996086,0.00031663428,0.0674632,0.9589578,619.2.jpg
0.46733838,0.25179172,0.23505661,0.017934747,0.008672495,0.071807936,0.43068346,0.6127468,0.006999091,0.013075787,0.87690115,619.3.jpg
0.2698398,0.043115325,0.09299627,0.03952816,0.011091108,0.050561685,0.42125824,0.5207639,0.0032099704,0.012286532,0.90231127,619.4.jpg
0.0008891489,1.2468204e-05,0.0009355556,0.0005225022,3.8545328e-05,1.1002159e-05,0.04851723,0.12698483,5.495743e-06,0.001703277,0.37838596,62.1.jpg
0.0040016407,0.0004249822,0.0012798407,0.00028856573,0.00011246883,2.104171e-05,0.03282697,0.65239346,2.4934016e-05,0.0006193695,0.63333434,62.2.jpg
0.001036968,0.00015009294,0.0035835716,0.00087511906,0.0006460219,2.4181625e-05,0.0063374653,0.1166611,0.0009549582,0.0013115891,0.14719704,62.3.jpg
0.00038113163,5.7697358e-05,0.012855049,0.000541238,0.002856007,6.727253e-05,0.0029690738,0.16436645,0.00027891158,0.003024148,0.70050836,62.4.jpg
0.87998587,0.39936084,0.102425635,0.024702772,0.008304214,0.020203717,0.38495612,0.6292926,0.046246123,0.017378563,0.87875706,620.1.jpg
0.146488,0.0034341004,0.016872654,0.010691785,0.0022407945,0.001254696,0.21881373,0.40871185,0.0050863214,0.03475283,0.85334533,620.2.jpg
0.9980867,0.9645045,0.02973865,0.011421014,8.895937e-05,0.009600888,0.19869222,0.11410096,0.00086707785,0.00019107772,0.8971117,620.3.jpg
0.3643193,0.028347816,0.28913563,0.24276245,0.057381563,0.015446183,0.43783182,0.51750064,0.027106838,0.42159194,0.88732356,620.4.jpg
0.01591308,0.0024599195,0.017124617,0.0023635938,0.000245738,4.1842213e-05,0.0032226574,0.22559243,9.309738e-06,0.010164648,0.2170277,621.1.jpg
0.31545904,0.10261701,0.16846134,0.019143721,0.001473877,0.001965911,0.09901443,0.07971819,0.00021404422,0.0042590676,0.36629167,621.2.jpg
0.678025,0.06841888,0.14769907,0.018986538,0.0001234918,0.005342478,0.11367572,0.70236605,6.1223385e-05,0.0016820702,0.57194877,621.3.jpg
0.003535861,0.0012779515,0.33777803,0.36744153,0.02450787,0.0026043048,0.05637709,0.13194539,0.0011117455,0.5470012,0.8439753,621.4.jpg
0.14149575,0.0011138492,0.053966273,0.00087664387,0.005008162,0.033978187,0.2858019,0.22401313,0.00069578626,0.28051153,0.8240998,622.1.jpg
0.0027940632,6.303144e-05,0.00064896984,0.00015616154,0.0046776515,0.00070026016,0.020152122,0.07483748,3.3723456e-05,0.7194524,0.33016843,622.2.jpg
0.70144105,0.019148385,0.0060769576,0.0012613067,0.007537304,0.06701835,0.51900536,0.04791473,0.0028774478,0.3768205,0.27643216,622.3.jpg
0.031955,0.0011492715,0.007849526,0.001523853,0.042123068,0.29391393,0.17622675,0.047282998,0.00079003756,0.7332959,0.8823198,622.4.jpg
0.002313666,0.00022423884,0.004303256,0.0138226375,9.9037825e-05,6.602815e-05,0.0102538075,0.11619267,0.00073299493,0.023530502,0.9492861,623.1.jpg
0.009194301,0.0005869497,0.011103327,0.004703524,0.00037147434,0.00020846963,0.05936535,0.08969241,0.0015273512,0.013056798,0.45856875,623.2.jpg
0.033159707,0.0029963308,0.055776827,0.031434666,0.00033841177,0.0005716096,0.062940665,0.023763275,0.00027193726,0.04860331,0.63435096,623.3.jpg
0.004686602,0.00055008003,0.039187375,0.016549537,0.0004406363,0.002585456,0.15613265,0.012567777,0.0003821928,0.44300705,0.7835977,623.4.jpg
0.99527895,0.99699676,0.0022171978,0.0012139122,5.214803e-05,0.0036544637,0.050866008,0.08751113,7.255898e-05,3.8711132e-05,0.8102967,624.1.jpg
0.9897127,0.93976635,0.00393614,0.0059449147,0.00028575896,0.0013942564,0.17695537,0.22026955,0.0006220162,7.937021e-05,0.87226844,624.2.jpg
0.9994349,0.9996025,0.0027906413,0.0021448643,0.0001042845,0.012202257,0.1390583,0.008437181,0.00016412973,2.8794826e-05,0.16922744,624.3.jpg
0.9760868,0.94082636,0.38577473,0.15653174,0.008749349,0.041330744,0.3894711,0.28357777,0.007471537,0.020729268,0.9263138,624.4.jpg
0.16270952,0.007266722,0.08493631,0.0009944742,0.005129656,0.23016936,0.13394728,0.07612809,2.0007914e-05,0.41084984,0.81119627,625.1.jpg
0.28680742,0.0072625685,0.0151247615,7.994151e-05,0.00019522799,0.692413,0.42709923,0.059553962,1.956613e-06,0.056290444,0.898849,625.2.jpg
0.9268538,0.2502692,0.014736427,0.0031221805,0.000111365465,0.04423708,0.62803143,0.10647805,0.00021823603,0.0040645995,0.9867796,625.3.jpg
0.18571416,0.0029432478,0.25631854,0.024353303,0.003994704,0.11971811,0.23641944,0.11583058,0.0029557266,0.076191604,0.92575085,625.4.jpg
0.0039660092,0.00052321807,0.0017994565,0.001988637,4.557598e-05,5.7254056e-05,0.11793604,0.40551588,7.498283e-06,0.0019066128,0.9809178,626.1.jpg
0.8438841,0.24041295,0.096402444,0.023026304,0.004137939,0.011026885,0.1966518,0.36673036,0.0007225615,0.022790935,0.98598945,626.2.jpg
0.030363541,0.005116906,0.02220465,0.018238436,0.0033762418,0.0011873009,0.19871596,0.38188505,0.00031359907,0.016097208,0.99376124,626.3.jpg
0.011544238,0.0010204474,0.038633876,0.013020987,0.010924785,0.0005569588,0.0203189,0.27292916,0.00014833579,0.029188378,0.9968029,626.4.jpg
0.51898885,0.035062112,0.0022083079,0.0013463796,0.01452479,0.0014359833,0.21334638,0.80956364,0.0017882738,0.0730707,0.3240496,627.1.jpg
0.0046973913,0.0005180074,0.01040151,0.011770297,0.027596522,0.010638142,0.049276907,0.1657048,0.0021303815,0.8415785,0.52100116,627.2.jpg
0.5306153,0.057900112,0.020449257,0.007414175,0.013683903,0.41918963,0.27314094,0.053602338,0.018601304,0.22149707,0.4046375,627.3.jpg
0.003593495,0.00061578315,0.01680936,0.028983321,0.07817618,0.10575889,0.14654608,0.16588138,0.0049912604,0.85570693,0.72917026,627.4.jpg
0.34738833,0.031061262,0.039661825,0.029766148,0.01810265,0.5004142,0.4715123,0.12275389,0.0073582563,0.8719451,0.9786935,628.1.jpg
0.01953923,0.0044233818,0.050989278,0.0829599,0.015995301,0.1161411,0.13129844,0.103824496,0.002500675,0.9536097,0.9787404,628.2.jpg
0.3225831,0.013442001,0.019210778,0.0028596364,0.0014143351,0.33628273,0.78504103,0.26880223,0.0015848066,0.12089797,0.97569513,628.3.jpg
0.050942734,0.0017736685,0.0169389,0.026319725,0.010157431,0.028550975,0.33611673,0.5187684,0.0006153484,0.40131152,0.99295396,628.4.jpg
0.599037,0.30686137,0.15219553,0.10108524,0.029942287,0.024029365,0.17998582,0.957936,0.020486224,0.026550686,0.5904329,629.1.jpg
0.41503716,0.09676633,0.32930157,0.018791292,0.01050493,0.006697874,0.3483369,0.35616696,0.004537329,0.08239756,0.81636775,629.2.jpg
0.02306751,0.01541127,0.18992579,0.053418316,0.0019462799,0.0012780647,0.11354148,0.109465666,0.0018843011,0.10820013,0.38399535,629.3.jpg
0.016252076,0.0021648575,0.14525084,0.012219943,0.0021046344,0.00095606793,0.01753163,0.077687874,0.0015342042,0.02200726,0.27674705,629.4.jpg
0.16973685,0.010142493,0.016855089,0.10353468,0.00013747033,0.00016966616,0.020459255,0.28786153,0.0013579102,0.03521219,0.87535197,63.1.jpg
0.011512631,0.0023287071,0.004530193,0.03383538,9.484288e-05,0.0002917167,0.047275707,0.170538,0.00027322472,0.018767761,0.9922531,63.2.jpg
0.0010662976,0.00015134382,0.013620919,0.004425648,3.287769e-05,0.00012884595,0.010285811,0.09479445,5.215241e-05,0.003796163,0.9821669,63.3.jpg
0.0014498677,0.0013611219,0.22792624,0.25010267,0.01403863,0.0016701833,0.097427435,0.11637748,0.011535912,0.29996875,0.9224249,63.4.jpg
0.052332405,0.004774404,0.023073263,0.00068813603,0.0021498492,0.057958197,0.24699375,0.17006414,0.00044594516,0.76714486,0.7242168,630.1.jpg
0.002115662,0.00043722897,0.0018622944,0.00032524846,0.0060372436,0.03681834,0.10508928,0.23638879,9.1910326e-05,0.8974336,0.72618693,630.2.jpg
0.003670489,7.1406685e-05,0.001694491,0.00078377855,3.9279643e-05,0.00015056554,0.031039055,0.08865699,1.5333491e-05,0.08016318,0.8667763,630.3.jpg
0.0071354886,0.00028294788,0.0028099422,0.0006655463,0.01839969,0.017481428,0.033014182,0.080169894,0.00021687754,0.8141165,0.5825233,630.4.jpg
0.83932066,0.058460295,0.01979974,0.0009969862,0.002902225,0.06600594,0.7584448,0.40522102,0.040693667,0.0049206633,0.6316638,631.1.jpg
0.10705044,0.0044983476,0.03602314,0.018889587,0.022059081,0.016839372,0.3894053,0.12971775,0.11470869,0.020496681,0.14882511,631.2.jpg
0.05145577,0.0022986212,0.038754266,0.03621708,0.008067087,0.02165812,0.14070792,0.030539032,0.03297944,0.21006997,0.46341303,631.3.jpg
0.005103337,0.00041465467,0.11096047,0.041521598,0.022532288,0.0013993097,0.013011436,0.12636141,0.0030957726,0.051719114,0.5893097,631.4.jpg
0.95373285,0.804479,0.0012313707,0.0026801648,1.5857226e-05,0.0035275412,0.0690462,0.20075126,5.1946145e-06,0.00044416395,0.9532196,632.1.jpg
0.018305501,0.0025191777,0.021042246,0.009855285,0.026728408,0.10745145,0.09335653,0.107614934,0.00091930485,0.98887026,0.9296352,632.2.jpg
0.12954709,0.01903054,0.03899631,0.012035939,0.00107619,0.3460451,0.55226606,0.07221752,0.0008543565,0.34266612,0.9741193,632.3.jpg
0.026612116,0.0074238377,0.023080304,0.0133535275,0.0038641237,0.22005576,0.18873039,0.19704455,0.00046206635,0.91531247,0.99514425,632.4.jpg
0.24503733,0.002184623,0.0046293205,0.0038661757,0.00011318473,0.002853295,0.11003807,0.22731152,6.545858e-05,0.013910436,0.988887,633.1.jpg
0.077124685,0.0057468396,0.060639147,0.03372831,0.005463364,0.020443747,0.10011303,0.18205205,0.0005501678,0.37325922,0.9910306,633.2.jpg
0.26978132,0.13832736,0.21744892,0.07262465,0.020659711,0.05815417,0.22256598,0.13193946,0.0020416453,0.46496633,0.78631026,633.3.jpg
0.6368824,0.14289653,0.27842292,0.13373126,0.033894286,0.36243308,0.50169265,0.34065634,0.021842072,0.5014232,0.9873733,633.4.jpg
0.92430544,0.13338266,0.003706008,0.0031369645,7.257454e-05,0.0018113771,0.4147772,0.18739657,0.00016601726,0.0007893152,0.93766385,634.1.jpg
0.16274713,0.0016985218,0.0011087729,0.016715178,0.0020781048,0.003378731,0.13651088,0.63986206,0.0008146054,0.053270787,0.97975564,634.2.jpg
0.99106324,0.7554265,0.03953924,0.031748638,0.0005956193,0.017132139,0.32920906,0.7241064,0.00037686218,0.0005706523,0.8482794,634.3.jpg
0.43411502,0.01673246,0.008429131,0.045388807,0.045426868,0.001276986,0.14892355,0.7176803,0.003010906,0.031775974,0.90674585,634.4.jpg
0.95422864,0.51431197,0.26924264,0.065800704,0.0013192709,0.50664157,0.554293,0.0823211,0.0016791319,0.013984125,0.9362246,635.1.jpg
0.9990958,0.9872859,0.34018245,0.013699442,0.0007448927,0.4585345,0.64747435,0.010441578,0.0009706389,0.002173037,0.37787756,635.2.jpg
0.99944776,0.71453136,0.0734271,0.00030622643,1.7471772e-06,0.039335944,0.36111808,0.005710828,1.9713963e-05,1.6299393e-05,0.4076033,635.3.jpg
0.9232059,0.27410784,0.21193767,0.0038758896,0.00012563918,0.1826336,0.29146773,0.018276747,0.00032796207,0.0043787076,0.62652755,635.4.jpg
0.008109,0.0008564321,0.005635369,0.01084362,0.003382468,0.06944494,0.21951556,0.1420063,0.0011302049,0.76877934,0.95784134,636.1.jpg
0.020835727,0.00017858623,0.00030464117,0.0006592737,0.012815572,0.006711278,0.4287754,0.22509976,0.0002825589,0.34095216,0.7545201,636.2.jpg
0.0015531221,8.975248e-05,0.008684192,0.002393608,0.00035272448,0.002054506,0.014741026,0.09432917,1.0916416e-05,0.60762787,0.9936745,636.3.jpg
0.06628765,0.00391609,0.06789826,0.0013059692,0.0009878626,0.06352574,0.20302908,0.2712479,0.00055329944,0.20965469,0.98727685,636.4.jpg
0.091539025,0.004005228,0.11756335,0.10071313,0.001143063,0.0002580052,0.015948057,0.061159447,0.0055382075,0.07364462,0.12010852,637.1.jpg
0.013392653,0.0012480791,0.042574678,0.05914366,0.0075632413,0.0016953252,0.11002295,0.11633471,0.08476146,0.03877668,0.08450106,637.2.jpg
0.03713146,0.0064707873,0.006242466,0.0037198472,0.0006718746,8.641877e-05,0.01456873,0.06778415,0.0002193661,0.0023801734,0.025009034,637.3.jpg
0.00359259,0.0023130146,0.12829229,0.023770638,0.0013839027,0.00019177131,0.017378857,0.054752193,0.00022844745,0.031144744,0.08175586,637.4.jpg
0.10832832,0.01511137,0.0362488,0.0010088556,0.00033103235,0.00030237893,0.033063583,0.47583622,6.2085182e-06,0.001635061,0.97412974,638.1.jpg
0.026192792,0.0078583015,0.043714684,0.011036571,0.058905482,0.0018224319,0.058548063,0.25150934,0.00036513284,0.09646383,0.9871366,638.2.jpg
0.070880376,0.065366,0.071568444,0.026250979,0.005045407,0.00349456,0.053913042,0.25968957,0.00030382292,0.012957585,0.94037986,638.3.jpg
0.0033265564,0.006370624,0.16096422,0.027033139,0.025517434,0.003868882,0.043245714,0.095792145,0.0017424503,0.23598118,0.95864886,638.4.jpg
0.9974164,0.9888043,0.05401144,0.01247554,0.0013912381,0.12848267,0.28778386,0.03172151,0.005516939,0.00022609977,0.13218632,639.1.jpg
0.9726088,0.6310021,0.19544327,0.09152156,0.00814002,0.13444582,0.30270258,0.1481578,0.16265629,0.011690391,0.12003486,639.2.jpg
0.99688846,0.9976367,0.044534214,0.044736706,0.0020210093,0.11384352,0.31790408,0.087409966,0.00037413344,0.000383531,0.40142664,639.3.jpg
0.99213964,0.9711204,0.4614463,0.25019896,0.0019675123,0.06866552,0.4069962,0.045428302,0.04690016,0.0020660572,0.08507041,639.4.jpg
0.95197827,0.9628831,0.00463406,0.020234866,0.024436971,0.0464546,0.41238064,0.37129438,0.010324167,0.008793707,0.14931016,64.1.jpg
0.9963851,0.9987368,0.00031187903,0.001151535,4.9293158e-05,0.019842682,0.086597264,0.007863407,0.00024619437,6.799273e-05,0.16538933,64.2.jpg
0.72809124,0.32491627,0.54614186,0.27054614,0.5870495,0.6897376,0.8789477,0.84762865,0.54308075,0.3518553,0.84911627,64.3.jpg
0.6911834,0.17051756,0.31226456,0.12138679,0.21106786,0.23269232,0.7828253,0.45517117,0.37410334,0.44349638,0.7088776,64.4.jpg
0.9213529,0.9467872,0.028271416,0.071741685,0.0010101907,0.016306944,0.16659488,0.22331704,0.0011550896,0.0037427384,0.8290328,640.1.jpg
0.76397187,0.33311674,0.35782686,0.058550846,0.005350425,0.10430825,0.50638413,0.19798867,0.01138603,0.029029153,0.9423159,640.2.jpg
0.7624233,0.71947783,0.07445363,0.024183523,0.007262351,0.013768792,0.2573409,0.10480636,0.0012128176,0.029059513,0.8251763,640.3.jpg
0.09078633,0.033739056,0.09162963,0.053086337,0.0026663889,0.019970227,0.18114679,0.14565301,0.0026202693,0.16275403,0.9933768,640.4.jpg
0.0027011773,0.0005083992,0.12750122,0.033869263,0.001029183,0.0013868648,0.051919717,0.27943406,4.710595e-05,0.3413161,0.99546486,641.1.jpg
0.00024839462,4.6758196e-05,0.032518443,0.018323302,0.00038797403,0.00040967818,0.03376606,0.058134522,4.223196e-06,0.079394765,0.9972269,641.2.jpg
0.28799945,0.028073493,0.12921701,0.07437156,0.00096611714,0.11242224,0.18008491,0.061171148,0.0010752118,0.3224361,0.93543607,641.3.jpg
0.047317777,0.0031737296,0.060409542,0.16440514,0.0036139917,0.024434937,0.17617755,0.103939176,0.00046456806,0.2442479,0.98781663,641.4.jpg
0.98399496,0.96378195,0.13567258,0.028308138,0.0003024637,0.015477142,0.10314646,0.14617749,0.00023781117,0.0016828463,0.97470176,642.1.jpg
0.10469239,0.012886723,0.036550127,0.022260895,0.009127785,0.0018021109,0.094724365,0.5342208,0.00032550067,0.14974663,0.991886,642.2.jpg
0.033207245,0.07060002,0.024797736,0.053185493,0.0004921934,0.009756616,0.010739016,0.057666905,0.00024216124,0.25163755,0.6099336,642.3.jpg
0.034983903,0.004890297,0.00053796946,0.0010924533,0.016847646,1.3928248e-05,0.009872521,0.95576096,1.14027e-05,0.013990129,0.8719048,642.4.jpg
0.00155012,0.00014666298,0.0022116494,0.00064316654,0.016424743,0.0103431605,0.2819654,0.20758685,6.4742424e-05,0.6453557,0.54789764,643.1.jpg
0.0067005963,0.0027579542,0.0010004349,0.000313918,0.03370675,0.08106261,0.22783758,0.19085036,0.000118477794,0.9595824,0.4574564,643.2.jpg
0.009237493,0.0004438776,0.002577647,0.00019584772,0.0034108625,0.0079854475,0.14509347,0.032588363,0.00011229415,0.65707165,0.15989363,643.3.jpg
0.007338633,0.0009997803,0.00046886833,0.00046710938,0.0053718854,0.033530217,0.07636107,0.033373352,0.00035675324,0.92477906,0.19730112,643.4.jpg
0.005898199,0.00048685347,0.026190182,0.006201739,0.00058709236,9.812448e-05,0.016465062,0.47754353,7.733828e-05,0.009718081,0.69126993,644.1.jpg
0.000277739,3.4299454e-05,0.010930386,0.030292641,0.00050316384,8.462929e-06,0.0021849358,0.09888925,0.0001475655,0.004892516,0.27742484,644.2.jpg
0.002145689,0.00027012482,0.9062358,0.19568597,0.0026748194,1.097754e-05,0.0038614061,0.026824364,5.5495902e-06,0.01093081,0.33203408,644.3.jpg
0.0035197807,0.0005346498,0.014183275,0.019882182,0.014105978,0.00035384367,0.031356297,0.16422895,0.0033672636,0.19788183,0.40444234,644.4.jpg
0.44891265,0.047834486,0.018406972,0.03738022,0.009703665,0.022244742,0.44013256,0.4574425,0.004851387,0.10639367,0.43515128,645.1.jpg
0.58410674,0.08485851,0.05162818,0.0077456683,0.0039512687,0.061986808,0.476801,0.67758095,0.001412793,0.039389305,0.8900739,645.2.jpg
0.7369742,0.047250528,0.025667094,0.0032388344,0.00072761485,0.010763528,0.73172545,0.49998128,0.00020540389,0.01618045,0.8077584,645.3.jpg
0.34116593,0.042412795,0.07304268,0.045103747,0.004168716,0.015253827,0.34610617,0.29337525,0.0011844639,0.030472577,0.7964712,645.4.jpg
0.0094288755,0.0008759825,0.0005490695,0.00038244063,6.73315e-05,9.253461e-06,0.014318585,0.11175998,1.400996e-06,0.006910919,0.44979006,646.1.jpg
0.045636836,0.0051972563,0.12424455,0.006462219,0.0024801723,0.0045762574,0.14258705,0.21541752,0.00090344984,0.1829079,0.6242799,646.2.jpg
0.6333698,0.79975784,0.190492,0.18134844,0.020962171,0.01740212,0.09880354,0.0833315,0.0016748186,0.06816784,0.66665757,646.3.jpg
0.010963697,0.0024627377,0.02229236,0.026078172,0.006327711,0.0005629647,0.11814913,0.5303316,0.0017110427,0.035043664,0.83980405,646.4.jpg
0.046781667,0.0006101703,0.123237684,0.00559956,0.002444454,0.09355781,0.27384612,0.18093729,0.0011653451,0.08274485,0.9675346,647.1.jpg
0.009301819,9.5531905e-05,0.02467038,0.0015139919,0.023534583,0.008835662,0.221808,0.10099773,8.0318896e-05,0.277185,0.41984782,647.2.jpg
0.3975976,0.010604056,0.16097678,0.007701909,0.16271864,0.89819217,0.8707548,0.6887363,0.040404476,0.1657642,0.96449983,647.3.jpg
0.5331091,0.012779879,0.021748582,0.014476294,0.013353753,0.735134,0.81900567,0.31507555,0.042857833,0.052362364,0.83228266,647.4.jpg
0.011416434,0.0017138605,0.0014869594,0.03628743,0.00032986392,0.0017579148,0.070416145,0.035456005,8.623461e-05,0.04031463,0.99778396,648.1.jpg
0.0015279796,0.00026341807,0.0018187274,0.013841624,9.861884e-05,0.00023135662,0.019849157,0.07604874,5.7347985e-05,0.0033441857,0.9891511,648.2.jpg
0.25066537,0.04693894,0.08323468,0.11045482,0.0074199573,0.12422544,0.3642092,0.45940915,0.00564882,0.1963442,0.9943901,648.3.jpg
0.19561113,0.023713877,0.09363617,0.039410815,0.004805908,0.010997995,0.3789473,0.6340162,0.0072009466,0.04479642,0.9815347,648.4.jpg
0.9989133,0.99835557,0.00079970283,0.0012830519,4.76374e-06,4.772118e-05,0.0013736796,0.009739493,3.462144e-07,1.0556422e-06,0.4771728,649.1.jpg
0.11105892,0.022320833,0.02267062,0.04645893,0.00038147278,0.00038771206,0.0025167814,0.59983224,6.954041e-05,0.00638965,0.6106174,649.2.jpg
0.21689248,0.007315309,0.0012793738,0.011784632,7.8938385e-05,0.00044065475,0.03917837,0.17906144,0.00024347301,0.004376702,0.35281125,649.3.jpg
0.12389882,0.002456838,0.0076576197,0.068596795,0.0007956173,0.0035899573,0.039071675,0.41024423,0.00010274703,0.019100478,0.9830778,649.4.jpg
0.4850711,0.0012107585,0.0014454426,0.0010212449,0.0011004888,0.0012004137,0.12566975,0.018128501,0.000726048,0.042761218,0.081201054,65.1.jpg
0.67174596,0.027082013,0.078880265,0.20122947,0.21590616,0.033074714,0.35034212,0.060785364,0.3220523,0.6723629,0.07817372,65.2.jpg
0.2863507,0.0017677617,0.005434528,0.0033851292,0.18686219,0.09128446,0.5683071,0.06530066,0.007498691,0.06499166,0.13397169,65.3.jpg
0.003632304,0.00013273972,0.00066615833,0.010768905,0.0017543546,4.5109675e-05,0.009064986,0.00467269,5.3109503e-05,0.6292677,0.118992426,65.4.jpg
0.0013802055,0.00017806998,0.0144727295,0.0048140683,8.857092e-05,5.6958093e-06,0.0014546576,0.04338603,5.626217e-05,0.019656138,0.032157365,650.1.jpg
0.0058388757,0.00049208105,0.09885042,0.08654926,0.0024603794,1.6861104e-05,0.0007834007,0.106503904,0.00023967042,0.026554445,0.5798679,650.2.jpg
0.009982401,0.00042605106,0.04160517,0.0047846287,0.0005534482,2.7391277e-05,0.022134926,0.056333553,0.000120199504,0.0207277,0.038808703,650.3.jpg
0.093705036,0.011268374,0.058205828,0.0035805323,0.000114067545,0.00014383832,0.02952654,0.19212447,3.3088054e-05,0.009296775,0.27455667,650.4.jpg
0.0042776866,0.0002860866,0.0005241677,0.0002496754,0.00029334542,0.00014211603,0.0022423314,0.0016090248,1.2297236e-05,0.6638187,0.044547845,651.1.jpg
0.0006288152,2.3851273e-05,8.334092e-05,7.211288e-05,0.0098887505,0.00023891317,0.0047213705,0.031137973,8.366281e-06,0.8829824,0.079630576,651.2.jpg
0.02204852,0.0004258667,0.0020994863,0.0017930613,0.0077469987,0.0020223255,0.010561779,0.006226773,0.00049818034,0.9134458,0.09283983,651.3.jpg
0.00029804654,1.815276e-05,0.00011073391,0.00074730656,0.008621251,0.00013578491,0.0021427353,0.012166336,3.3953216e-05,0.9664609,0.097915925,651.4.jpg
0.974963,0.5618674,0.06421285,0.0003842159,0.0015569674,0.37731758,0.18412575,0.019461447,0.0008786123,0.053663544,0.3337821,652.1.jpg
0.07168337,0.049994282,0.00565851,0.00043228708,0.0062857484,0.4810994,0.05875737,0.010903196,0.0002075947,0.899735,0.5054003,652.2.jpg
0.9992943,0.9145588,0.052509718,0.00047289458,0.00040284797,0.14646864,0.6764202,0.0749346,0.00040745366,0.00016575973,0.5074094,652.3.jpg
0.040668808,0.0026529965,0.012832969,0.00017702984,0.058752924,0.18890743,0.37241223,0.26372907,0.0003821181,0.65407354,0.70123184,652.4.jpg
0.06590456,0.007183837,0.078995064,0.025862787,0.0033766478,0.026636258,0.3560071,0.37529334,0.015514781,0.42535612,0.87831736,653.1.jpg
0.015660282,0.005129646,0.073441334,0.12597388,0.04179427,0.04688531,0.13015863,0.7498388,0.00881845,0.9082846,0.95824873,653.2.jpg
0.071741946,0.008553582,0.020151518,0.012677202,0.0001265227,0.00048818576,0.0806191,0.029693292,0.00027467796,0.41595566,0.8571381,653.3.jpg
0.12352843,0.011966763,0.03076743,0.016187966,0.0019250244,0.048054446,0.31402484,0.22436912,0.0025016777,0.17746732,0.9875666,653.4.jpg
0.002166571,0.0024576285,0.010133477,0.03369706,0.0006519998,0.00015205693,0.007993351,0.45691827,3.119281e-05,0.005112783,0.5227431,654.1.jpg
0.052180734,0.06861613,0.014354223,0.016457891,0.02077888,0.00024938822,0.06163316,0.7601675,0.0006700899,0.00040793835,0.22944582,654.2.jpg
0.08058579,0.053821713,0.8048608,0.2597111,0.0017961875,0.013546211,0.050600473,0.24558328,0.0006244596,0.027336022,0.25851724,654.3.jpg
0.0521452,0.039159775,0.72957593,0.31409892,0.011324907,0.01495658,0.14669119,0.51145065,0.004929513,0.012187168,0.2348547,654.4.jpg
0.034826405,0.00019234851,0.0034802095,0.00071659795,6.547544e-05,0.00032080067,0.003171861,0.24212672,0.00015103228,0.004145401,0.64468247,655.1.jpg
0.003696569,0.00029819747,0.120098,0.0023814056,0.0061326115,0.00014449596,0.02027098,0.23389916,0.0004035725,0.0025919012,0.5729976,655.2.jpg
0.3422723,0.0046721622,0.074870616,0.0123631805,0.002703717,0.0039284956,0.13677382,0.2145171,0.01388188,0.005879622,0.28749076,655.3.jpg
0.002945856,0.0008215565,0.20844294,0.025962349,0.01917527,0.008362917,0.046669565,0.2539497,0.017522646,0.063253246,0.8833988,655.4.jpg
0.057181336,0.026615063,0.02508671,0.017430786,0.0007282076,0.00031235485,0.009194702,0.27166915,0.00019581114,0.028141586,0.8385018,656.1.jpg
0.0052708276,0.00054154557,0.019821627,0.00793299,0.0006947406,0.00042136476,0.019369824,0.27643037,4.979814e-05,0.0064570536,0.97194856,656.2.jpg
0.7773272,0.7783583,0.030731244,0.017024191,6.636386e-05,0.0033346876,0.08294946,0.14934772,0.00010603774,0.0032237268,0.9511013,656.3.jpg
0.0010264835,0.00028073805,0.006863427,0.0052864263,0.000114418326,7.977481e-05,0.136616,0.10013182,3.780476e-05,0.0043437905,0.85099477,656.4.jpg
0.09883626,0.004243747,0.005276434,0.01569665,0.0011564769,2.3581924e-05,0.007389627,0.07826595,0.000976121,0.016680699,0.12512535,657.1.jpg
0.005395493,0.0008923953,0.0022043274,0.0020146575,0.00028091526,3.383554e-06,0.0014105707,0.09391694,0.0003725686,0.011182981,0.121057935,657.2.jpg
0.018449545,0.0033332186,0.008832852,0.030484749,0.0010564871,0.00017868365,0.0131370695,0.027315728,0.0013417503,0.74075884,0.5055174,657.3.jpg
0.21379758,0.22430536,0.049659245,0.07948462,0.029711887,0.004739843,0.06709627,0.50221276,0.023081288,0.05028224,0.08492183,657.4.jpg
0.9997807,0.9991602,0.00020244866,0.00020453033,2.9847453e-07,0.00044342215,0.030630082,0.00034428685,2.5188112e-07,4.9723286e-07,0.41292745,658.1.jpg
0.948988,0.76999885,0.005276404,0.004638699,0.00020126844,0.060687423,0.04726445,0.013435192,0.00026247845,0.0054825493,0.5877077,658.2.jpg
0.994762,0.9992525,0.0013832011,0.0033267161,7.0582714e-06,0.00045676372,0.011213954,0.0153795155,2.415148e-05,1.1298513e-05,0.7419447,658.3.jpg
0.83734727,0.8330988,0.007134505,0.015539907,0.00051769865,0.008320927,0.041757748,0.2094208,0.00028169437,0.004752596,0.9547429,658.4.jpg
0.06688036,0.016437119,0.021061426,0.027964864,0.0009313982,0.00064100634,0.15620728,0.06068378,0.0026465468,0.057719618,0.0730391,659.1.jpg
0.01425756,0.0011379068,0.0690894,0.023464711,0.009630796,0.0022101651,0.06741003,0.028802855,0.0007220632,0.11366351,0.09190241,659.2.jpg
0.12560499,0.014779471,0.15039785,0.0048645884,0.00013094312,0.000559768,0.08635991,0.06519787,0.0006163019,0.026836403,0.16981691,659.3.jpg
0.1472861,0.0052556917,0.06588316,0.010536937,0.0107825175,0.010301492,0.29961985,0.12714869,0.012115238,0.06417759,0.16365187,659.4.jpg
0.0034974772,0.0001466406,0.017068688,0.0027327114,0.04304834,0.0016074292,0.054623596,0.060299978,0.0018178003,0.75451493,0.6222727,66.1.jpg
0.004506399,7.537468e-05,0.0128223,0.0022853317,0.027386209,0.0038377137,0.010264344,0.023785364,0.0034598804,0.9550864,0.51676947,66.2.jpg
0.002765233,0.00012564792,0.0014735479,0.00014847475,0.0014711637,0.0033739335,0.05056822,0.012390039,0.00019242389,0.8543242,0.312753,66.3.jpg
0.09247916,0.0030729778,0.0025642335,0.00036945628,0.011735527,0.03614859,0.11344382,0.095887,0.006001445,0.97534686,0.48504272,66.4.jpg
0.6782638,0.08717777,0.09574289,0.013988109,0.00029304018,0.001784332,0.18759477,0.09701806,0.00048992713,0.0043268446,0.18974994,660.1.jpg
0.20653975,0.04438794,0.02066546,0.018432006,0.0022420357,0.0009778375,0.20497808,0.5344487,0.0029583047,0.015576129,0.33379805,660.2.jpg
0.9151444,0.53999126,0.006639301,0.0023464954,0.0010154534,0.0026668706,0.3664018,0.09017009,0.0017610791,0.0033558332,0.26719135,660.3.jpg
0.19207081,0.006813198,0.010732003,0.0065394416,0.005466609,0.00785681,0.5225936,0.54011714,0.0035797171,0.0062334416,0.26316053,660.4.jpg
0.3425821,0.40398344,0.031327557,0.039962597,0.0029918572,0.028536957,0.17930467,0.31205305,0.00087042834,0.06292624,0.9869691,661.1.jpg
0.047780056,0.015589003,0.03496333,0.023846231,0.0006288098,0.0008259856,0.038292505,0.388502,0.0002447139,0.038409814,0.97555315,661.2.jpg
0.40748283,0.88197714,0.00984743,0.020506702,0.0010207794,0.021058278,0.12659797,0.44278315,0.0010455935,0.0067786514,0.9331592,661.3.jpg
0.013473231,0.004434489,0.022846889,0.024126435,0.00045209882,0.00096615107,0.096427016,0.1119811,7.08701e-05,0.071775824,0.986035,661.4.jpg
0.647844,0.77857465,0.54248834,0.20193528,0.015435447,0.01894336,0.2335303,0.25269833,0.04961819,0.0977964,0.56063503,662.1.jpg
0.020486152,0.0063970713,0.554475,0.13093467,0.011977191,0.0066096173,0.090393715,0.33168346,0.004307782,0.1431422,0.71048236,662.2.jpg
0.8771089,0.900357,0.3676166,0.11986982,0.010255706,0.10807566,0.3156103,0.45231155,0.012201711,0.033442434,0.6612602,662.3.jpg
0.020740509,0.0035511272,0.062744394,0.008465027,0.00042029106,0.00022932208,0.03945531,0.17712326,0.00024832148,0.01871579,0.16748615,662.4.jpg
0.9997992,0.99992704,0.00013219568,3.9798204e-05,9.1086287e-07,0.0002992589,0.056218807,0.0059524854,2.7839943e-07,7.0999533e-07,0.51764387,663.1.jpg
0.9234737,0.847707,0.030836996,0.018032013,0.0005617997,0.015073131,0.23526253,0.17591242,0.0003834151,0.0005888588,0.9749097,663.2.jpg
0.9989047,0.9986131,0.0025646214,0.0003785336,2.9497994e-06,0.009988931,0.017204164,0.0019367298,8.013163e-06,7.2126844e-05,0.6942278,663.3.jpg
0.99549884,0.9695351,0.002472542,0.0009519927,0.0001061559,0.0023526084,0.056776978,0.015386111,0.00030439324,0.00054365775,0.6043776,663.4.jpg
0.002207871,0.00011720309,0.012024214,0.0036652843,0.0010088317,0.0023357535,0.07163477,0.0061860094,0.0007486466,0.18714687,0.10465994,664.1.jpg
0.0063787038,0.0004980666,0.01907077,0.0094743,0.030797428,0.010104362,0.13368697,0.0068742977,0.02248187,0.40676787,0.36542487,664.2.jpg
0.04243508,0.0011856401,0.09376786,0.087599434,0.0021021422,0.015386465,0.65904003,0.041077185,0.008372817,0.00788178,0.24963783,664.3.jpg
0.0310803,0.0014230249,0.023169551,0.0077489014,0.0007893118,0.031946044,0.27832964,0.017251894,0.0016399176,0.012758149,0.05128441,664.4.jpg
0.9249105,0.25990438,0.10681518,0.025740694,0.01910413,0.0024288276,0.5613782,0.3427216,0.13805951,0.009324854,0.39309645,665.1.jpg
0.016375728,0.00215989,0.0059562535,0.2644605,0.0055362643,0.0023458349,0.018992668,0.18184815,0.0016207558,0.061727826,0.9409269,665.2.jpg
0.6500464,0.19878638,0.05786128,0.025605794,0.0026193894,0.0023070737,0.47734565,0.320815,0.0036393239,0.018139327,0.5672142,665.3.jpg
0.30520064,0.02567466,0.3605757,0.036298778,0.0010732193,0.009476497,0.24423541,0.429454,0.0022467822,0.09017126,0.9108419,665.4.jpg
0.34645963,0.015885826,0.6817016,0.008265998,0.00905268,0.099439874,0.04272636,0.03909366,0.003993541,0.5995654,0.302817,666.1.jpg
0.37364718,0.0019695002,0.32728678,0.000844444,0.006907785,0.36757302,0.32891646,0.04838619,0.0005772023,0.14348188,0.5774459,666.2.jpg
0.9012525,0.36177507,0.19095132,0.004759336,0.0009813407,0.093118474,0.09299575,0.012792994,0.00052262296,0.019510062,0.44389316,666.3.jpg
0.010654934,0.001781372,0.022522643,0.036248047,0.3271744,0.1316011,0.18316804,0.4371655,0.02482035,0.7073938,0.44409832,666.4.jpg
0.09602605,0.0014938369,0.012454989,0.0025032319,0.0011805957,0.009944988,0.6490561,0.20677342,0.0015023234,0.0525439,0.7180386,667.1.jpg
0.028447568,0.0008423144,0.006382219,0.0037794835,0.0445189,0.013298215,0.24698438,0.23045404,0.0018843659,0.2751335,0.8665183,667.2.jpg
0.81265914,0.89665973,6.238846e-05,4.8212958e-05,2.2905346e-05,0.00048116152,0.0112574985,0.0060755406,1.0535674e-06,9.525592e-05,0.1808529,667.3.jpg
0.0023691964,0.00031996926,0.049275946,0.004036459,0.0038535914,0.014434164,0.20402782,0.055888046,0.0001879495,0.22750288,0.87710166,667.4.jpg
0.9816412,0.7829949,0.07158573,0.019513093,0.029319558,0.013080957,0.12402432,0.44857553,0.0011048429,0.004805739,0.31555986,668.1.jpg
0.022345752,0.0073635383,0.029532237,0.048500195,0.017738484,0.0006895813,0.076499104,0.84701264,0.0005071106,0.063942924,0.81150967,668.2.jpg
0.3918378,0.025765847,0.039087012,0.0057930797,0.0077285906,0.0035174615,0.15904188,0.11200849,0.0006852154,0.005375601,0.9125697,668.3.jpg
0.02925088,0.020577423,0.47486866,0.48515424,0.030711113,0.015583129,0.12885661,0.30475867,0.0034686823,0.055306632,0.84182197,668.4.jpg
0.24561034,0.010548792,0.011987466,0.0025357069,1.8329865e-05,0.0023450581,0.053620413,0.47961223,5.2970514e-05,0.0064448807,0.9875351,669.1.jpg
0.045477595,0.012466284,0.0487711,0.0343177,0.005879672,0.00131553,0.10699895,0.89278066,0.00039305518,0.022239577,0.9954371,669.2.jpg
0.48577514,0.042963393,0.04214852,0.015415147,0.0003491962,0.026750274,0.3055641,0.10379107,0.00015127398,0.017990522,0.9930513,669.3.jpg
0.048603833,0.0046026045,0.118192345,0.025273817,0.0016571205,0.019036042,0.17384452,0.21451779,0.0002019967,0.02355538,0.99459696,669.4.jpg
0.008265342,0.0013276618,0.057625756,0.025329964,0.026624108,0.0009838153,0.30159354,0.29901582,0.006398547,0.0010510375,0.5248392,67.1.jpg
5.4378124e-05,1.4901401e-05,0.0030770355,0.00056947215,0.00039157065,4.5634528e-07,0.00084354973,0.12702921,2.8132428e-05,0.0007011447,0.2551944,67.2.jpg
0.07147397,0.01223176,0.011220353,0.0020599323,0.00028748487,0.00043717708,0.056934666,0.29811856,0.0003954538,0.0011873472,0.60988104,67.3.jpg
0.00020039716,1.6573698e-05,0.014040565,0.0037277937,0.00051213073,5.301349e-06,0.001228686,0.056517385,1.5198837e-05,0.00045157404,0.7168273,67.4.jpg
0.027173119,0.0014566788,0.002960631,0.00039246006,7.380858e-05,1.7861788e-05,0.054787964,0.8769738,5.74397e-06,9.549092e-05,0.65430695,670.1.jpg
0.014656781,0.0036636388,0.05649156,0.009700177,0.032883536,0.0005634715,0.027963923,0.21974139,0.001763703,0.10005064,0.77950853,670.2.jpg
0.12339376,0.0114204865,0.033958703,0.005575025,0.0002482405,0.0013971133,0.25684056,0.66387546,0.0004638461,0.0017819189,0.71782345,670.3.jpg
0.0102315135,0.0032811002,0.09464572,0.02912827,0.024344044,0.004067898,0.05123531,0.11030471,0.0045211804,0.22996297,0.9604675,670.4.jpg
0.06383179,0.032312404,0.038106035,0.053958826,0.005377827,0.00770652,0.14699844,0.18519124,0.0004516448,0.069140546,0.99088913,671.1.jpg
0.16104105,0.086574316,0.17959341,0.038100842,0.014840634,0.004197055,0.3906035,0.25434265,0.0018246693,0.11641795,0.913706,671.2.jpg
0.015441166,0.0052690934,0.110272825,0.05428219,0.0017306429,0.0008533473,0.08911563,0.06948445,0.0031387436,0.105352454,0.83878076,671.3.jpg
0.01500101,0.0022240935,0.32624307,0.04824903,0.0016952493,0.000497027,0.02491038,0.23577191,0.0038798961,0.08397099,0.6713654,671.4.jpg
0.0015480889,0.000106854226,0.00044152452,0.00025720525,1.6301054e-06,3.560328e-06,0.0014304476,0.28847137,2.7694598e-05,0.00015150438,0.06332674,672.1.jpg
0.0016488015,0.00034450734,0.03216535,0.008546173,0.0012405348,4.9541417e-05,0.00059279305,0.22335133,0.00071622216,0.0047553736,0.27139887,672.2.jpg
0.025469078,0.0013912083,0.0025268593,0.00030387365,7.313653e-05,7.258922e-05,0.10233587,0.16165183,9.051365e-05,0.0006799689,0.102933645,672.3.jpg
0.0011513009,0.0004893897,0.12657389,0.06522846,0.003303132,0.0002373296,0.008524774,0.18393628,0.0028313743,0.018298995,0.4094407,672.4.jpg
0.4788577,0.9409725,0.0125373965,0.011001346,0.00043188938,0.00300076,0.04023782,0.106372654,0.0027491238,0.008987743,0.5198741,673.1.jpg
0.038700584,0.017101236,0.0725792,0.09086504,0.002202829,0.00093122467,0.00966455,0.30391753,0.002238821,0.054605935,0.9776449,673.2.jpg
0.106521055,0.2957275,0.15633915,0.072612196,0.0032891894,0.002215638,0.01444405,0.40488827,0.001299076,0.017030528,0.9242333,673.3.jpg
0.6115381,0.8685838,0.012093234,0.0066752266,0.0012171644,0.00029794115,0.008099926,0.19475806,9.147803e-05,0.00059382815,0.3518851,673.4.jpg
0.06359827,0.03638925,0.2025698,0.09765597,0.0031443527,0.025929263,0.41017625,0.31087503,0.0012377836,0.10266934,0.992531,674.1.jpg
0.009079004,0.0020276266,0.53405666,0.037213657,0.006672505,0.0025070796,0.24067235,0.3742788,0.0009880455,0.06845333,0.8983298,674.2.jpg
0.057397116,0.120256454,0.028000161,0.008223946,0.000104400126,0.001698225,0.019411128,0.12632084,9.581016e-05,0.012798488,0.98233473,674.3.jpg
0.055010393,0.007836969,0.0789636,0.013688056,0.0014456945,0.005375438,0.10265332,0.34342483,0.00028043948,0.015642116,0.98178387,674.4.jpg
0.54608524,0.16568346,0.07055897,0.059104085,0.013596576,0.061026778,0.6806037,0.8382632,0.0072300523,0.036647137,0.8946861,675.1.jpg
0.009006905,0.00028449515,0.028252808,0.0047310917,0.00019132036,9.323124e-05,0.008897846,0.59608877,3.8319085e-05,0.021980096,0.47408307,675.2.jpg
0.3134621,0.20952998,0.29013872,0.28374013,0.07564282,0.27514565,0.6688307,0.52970606,0.013146165,0.09461995,0.84025353,675.3.jpg
0.007075414,0.0068108435,0.27808508,0.021705946,0.003081932,0.0005713906,0.025723008,0.24047713,0.00095347094,0.16738105,0.48131174,675.4.jpg
0.25825042,0.09890291,0.015527253,0.0053103636,0.0017961806,0.0028950623,0.09568746,0.25343898,0.00039943884,0.07415997,0.9931879,676.1.jpg
0.07439338,0.021357642,0.012508834,0.012389887,0.0026858528,0.001811554,0.09384661,0.77028155,0.00032144575,0.13286598,0.9927328,676.2.jpg
0.10713636,0.0006048307,0.00029864782,6.125346e-05,1.9390718e-06,0.00016207006,0.16396327,0.13717638,1.9185039e-07,0.0001230604,0.97988313,676.3.jpg
0.2288334,0.2621558,0.078051776,0.022001807,0.0021255538,0.021171562,0.18353385,0.26555255,0.00018447648,0.02460515,0.9892925,676.4.jpg
0.0053087394,0.016573574,0.0008423561,0.0033914654,0.00063813874,2.4854437e-05,0.012258504,0.14287934,2.087249e-05,0.0030429994,0.48304102,677.1.jpg
0.2018868,0.03786607,0.026329327,0.020774005,0.00921758,0.00032554846,0.026544549,0.6599981,0.0003598939,0.0041558016,0.52242213,677.2.jpg
0.96111226,0.80724543,0.15417644,0.051203955,0.029951736,0.049359772,0.30110455,0.79115885,0.060442258,0.011770486,0.26201388,677.3.jpg
0.011934343,0.0004055744,0.0752001,0.0035010073,0.0006722808,0.000115356874,0.0029911762,0.16184363,0.00047758175,0.015951216,0.21219152,677.4.jpg
0.5353492,0.14623298,0.26725188,0.027263977,0.002604856,0.012392916,0.2554912,0.44033518,0.0019552165,0.13082719,0.9555843,678.1.jpg
0.016486203,0.0029556886,0.4296747,0.03313511,0.002162367,0.008082418,0.085029475,0.26891148,0.00028289206,0.059800066,0.98394334,678.2.jpg
0.34308198,0.056962572,0.1495471,0.049287695,0.0011192359,0.026152646,0.1229022,0.21759984,0.0014862812,0.05649406,0.9748312,678.3.jpg
0.30877578,0.08170059,0.13056234,0.04203494,0.0014879863,0.027203554,0.07311311,0.17317829,0.001616356,0.16048092,0.9155445,678.4.jpg
0.20416012,0.00507473,0.005671124,0.008294853,0.000220745,0.025734583,0.37841916,0.33720753,0.00025700717,0.010923739,0.99055475,679.1.jpg
0.012787696,0.00095532404,0.02347212,0.09531712,0.0045839227,0.0008918114,0.026684694,0.27004305,0.00071729324,0.08424446,0.97127074,679.2.jpg
0.77586555,0.11202683,0.022402925,0.0074685034,0.0011568229,0.00837041,0.76773196,0.8566003,0.001182054,0.0033733407,0.9808857,679.3.jpg
0.39176473,0.10552567,0.059816197,0.01774455,0.004347758,0.042937472,0.30345997,0.2644481,0.0007879973,0.02849639,0.9865979,679.4.jpg
0.49075025,0.043499902,0.024126302,0.10426208,0.0032284204,0.032986566,0.2131398,0.040581528,0.02968095,0.6827248,0.71083826,68.1.jpg
0.09152389,0.0071951468,0.025566341,0.02341911,0.01003297,0.1658002,0.25684392,0.09502625,0.020803008,0.9159904,0.9368674,68.2.jpg
0.87564194,0.38869792,0.045607854,0.08273202,0.0020993333,0.016519388,0.25303528,0.1358707,0.004441922,0.15406704,0.7318547,68.3.jpg
0.47544968,0.03667131,0.043628514,0.10912243,0.004079955,0.016166495,0.23404163,0.33571842,0.013054248,0.3704315,0.90721166,68.4.jpg
0.0005620297,0.00014110048,0.03428157,0.079541676,0.00045637833,7.3414914e-05,0.004551823,0.041467883,0.00012148777,0.62281895,0.5989689,680.1.jpg
0.00062221696,4.430312e-05,0.013657896,0.004249031,0.016041495,0.0026173685,0.0135066025,0.1476834,0.00011205317,0.6105615,0.651123,680.2.jpg
0.0006010626,0.00021540734,0.035526305,0.05318684,0.0013766991,0.00037040812,0.029627647,0.049047954,0.0002501715,0.19257164,0.85045564,680.3.jpg
8.237876e-05,1.8263072e-05,0.0049950867,0.010925006,0.0008721718,0.000110823064,0.0019612948,0.15905601,6.977602e-05,0.08354234,0.6057882,680.4.jpg
0.87608576,0.9730037,0.008424377,0.0067364015,0.00022536282,0.0053305794,0.0381581,0.027264435,8.967669e-05,0.004780612,0.75346464,681.1.jpg
0.43954468,0.3584404,0.014473853,0.0074583027,0.00024770523,0.0026153517,0.08452431,0.07634599,0.00031823094,0.0353462,0.68224776,681.2.jpg
0.8284196,0.69150645,0.0049235243,0.008267156,0.0005193009,0.010829599,0.13345358,0.026430083,0.0003330361,0.005575326,0.31377804,681.3.jpg
0.48112953,0.60061127,0.0878816,0.03886346,0.0041990904,0.028111406,0.16390023,0.07500024,0.0037168867,0.037308138,0.733779,681.4.jpg
0.00504994,0.0002933211,0.0017023917,0.01469402,1.4095518e-05,3.9551287e-05,0.007488686,0.16850853,6.5122304e-06,0.0007214706,0.97286475,682.1.jpg
0.0047656912,0.00016861079,0.0019147925,0.0009229814,2.346545e-05,3.2621687e-05,0.026788414,0.20139284,7.4040036e-06,0.0015980608,0.9716266,682.2.jpg
0.14997089,0.008948195,0.02474344,0.029817542,0.008694715,0.0031847758,0.46768466,0.29375148,0.0015844656,0.042353734,0.8069807,682.3.jpg
0.3394797,0.049045563,0.17495213,0.20639567,0.007614494,0.006973229,0.19259778,0.6534811,0.0012583426,0.038788322,0.56777793,682.4.jpg
0.12301452,0.025690423,0.021046951,0.007182782,0.0002284714,0.0062679597,0.1992754,0.30953735,0.0002631091,0.0039627426,0.9818071,683.1.jpg
0.015342505,0.0033537813,0.023055408,0.007577798,0.01228033,0.0071468414,0.10877725,0.39368254,0.0002024089,0.09293458,0.9963851,683.2.jpg
0.23388012,0.07495672,0.0093017565,0.005625382,0.0010384371,0.0038372963,0.16724092,0.17234871,0.00013509372,0.013248573,0.72480476,683.3.jpg
0.03372012,0.0136580225,0.04448465,0.118998796,0.01461304,0.0070668263,0.07458549,0.32218498,0.0015946871,0.06172973,0.9716879,683.4.jpg
0.44015667,0.0502155,0.057950675,0.01806747,0.00374308,0.001975022,0.24297492,0.18627834,0.02845126,0.004458216,0.14826725,684.1.jpg
0.36665946,0.07253367,0.22997077,0.070358016,0.04203225,0.00685403,0.3565233,0.8820503,0.042213883,0.013611761,0.61660993,684.2.jpg
0.16352145,0.00815905,0.2689932,0.044692382,0.0025573168,0.02960187,0.8046726,0.32356676,0.012874433,0.012403611,0.5984393,684.3.jpg
0.0013316225,0.00015794991,0.08474413,0.0664344,0.023238612,0.0023854363,0.032681927,0.14473966,0.04606832,0.060957532,0.4540246,684.4.jpg
0.6581967,0.33033472,0.00022615174,0.0008538711,1.1628594e-05,2.3324349e-06,0.00055144436,0.03258104,4.5449083e-06,0.00019028263,0.5604144,685.1.jpg
0.1887335,0.023190923,0.00848173,0.015436976,0.004196764,0.0014100012,0.023727024,0.32369712,0.00038638225,0.06959137,0.9702745,685.2.jpg
0.6416231,0.7007687,0.001384018,0.0015776812,0.00028479093,0.00013887402,0.012715122,0.037705645,1.242175e-05,0.001484475,0.7332361,685.3.jpg
0.1210053,0.078986846,0.11451879,0.06761234,0.0068934434,0.001472219,0.10512451,0.16786975,0.0018253833,0.066092834,0.7798976,685.4.jpg
0.20518011,0.024297759,0.01355331,0.0016114748,6.749698e-05,0.0006584693,0.028111914,0.08945189,0.00024494968,0.010219882,0.8695074,686.1.jpg
0.06480361,0.0023126306,0.11068851,0.0038740824,0.0038827998,0.007963147,0.37483776,0.28207934,0.0020411187,0.027767785,0.9026529,686.2.jpg
0.2562643,0.019443503,0.07760956,0.02475515,0.0039380305,0.044767432,0.43969902,0.12036275,0.019690122,0.22563109,0.82635343,686.3.jpg
0.05477695,0.0018340145,0.010019354,0.010963045,0.0041524186,0.00023165859,0.024437215,0.024049595,0.0005770708,0.18941927,0.25444773,686.4.jpg
0.7640359,0.1097095,0.12690443,0.020434467,0.017156161,0.034302484,0.5777432,0.5540902,0.016833387,0.026145404,0.91729414,687.1.jpg
0.0555511,0.0017591765,0.028993186,0.017176095,0.002569125,0.00039118095,0.035947323,0.33518848,7.923462e-05,0.021774812,0.99169344,687.2.jpg
0.27731472,0.08251103,0.13166049,0.01569838,0.0035407066,0.0127355205,0.29035357,0.38133946,0.0017386285,0.03096596,0.95118433,687.3.jpg
0.046502654,0.003935211,0.7544313,0.039834224,0.0007134461,0.0054837167,0.23207891,0.19035828,0.000261025,0.020860938,0.9266319,687.4.jpg
0.32162303,0.19162576,0.005614084,0.00076554547,0.0005298327,0.00038277128,0.03619581,0.52029604,9.4492225e-06,0.0003476158,0.9737587,688.1.jpg
0.004803858,0.0036170133,0.092461124,0.004222325,0.0016166776,0.00024148477,0.014646708,0.118807,2.643104e-05,0.044187702,0.9940599,688.2.jpg
0.7292723,0.3964333,0.008578175,0.04243382,0.0017900945,0.001001553,0.0284968,0.63107246,0.00041218312,0.0097559765,0.94307715,688.3.jpg
0.0065429485,0.007872083,0.08412816,0.008569877,0.0017730496,0.001517442,0.033751816,0.23956461,4.544322e-05,0.050293006,0.9935916,688.4.jpg
0.011153929,0.0023242913,0.070551716,0.12887001,0.0062900633,0.0011254487,0.053399652,0.22066785,0.0055833603,0.046951473,0.55702645,69.1.jpg
0.0032820157,0.00067049015,0.056162115,0.39034843,0.0050515886,0.0005725684,0.05381375,0.18085973,0.00068848365,0.04561204,0.89720225,69.2.jpg
0.0070287613,0.000448478,0.48306695,0.020162232,0.066548616,0.0015394029,0.25231737,0.27810273,0.0039834483,0.011685358,0.23435411,69.3.jpg
0.0110215265,0.003179224,0.56630594,0.06339169,0.032770485,0.0027846473,0.12254722,0.4140611,0.002570182,0.09712913,0.7738173,69.4.jpg
0.0015955628,0.00025590052,0.14913529,0.6994695,0.039566215,0.00016781635,0.0069066407,0.027278414,0.0013733055,0.46694142,0.6199917,690.1.jpg
0.000317444,1.5896532e-05,0.11048329,0.06664804,0.008239611,0.00031223844,0.00635045,0.059631567,0.0006407489,0.14519289,0.8574215,690.2.jpg
0.0038196908,0.0012229512,0.05456405,0.11764398,0.061398055,0.0008231793,0.018036066,0.039562184,0.018826561,0.3409276,0.5161663,690.3.jpg
0.079158746,0.0039483253,0.1386412,0.22147363,0.057893384,0.0055074194,0.24155244,0.07328425,0.031737603,0.60598314,0.36804834,690.4.jpg
0.43344676,0.014239281,0.11056134,0.23826805,0.017689316,0.053444948,0.20446703,0.04782671,0.026452478,0.6452103,0.5274807,691.1.jpg
0.024485486,0.0014606877,0.044788737,0.057644915,0.15927942,0.02867636,0.008759251,0.03899018,0.005168775,0.9633611,0.30297253,691.2.jpg
0.933418,0.11353631,0.0055290074,0.0022290843,0.00268953,0.055768237,0.18874423,0.038947366,0.0012181121,0.65935457,0.79253364,691.3.jpg
0.05445393,0.001030681,0.0011282235,0.00074462435,0.01779422,0.006739356,0.012660258,0.029318497,0.000250551,0.9703592,0.18627608,691.4.jpg
0.1314105,0.02079972,0.15601093,0.19179806,0.0015102467,0.00015280987,0.029903615,0.31317347,0.012222747,0.028370962,0.18698366,692.1.jpg
0.018433936,0.0015327937,0.18101689,0.016526248,0.0024334234,9.406244e-05,0.023957023,0.49815112,0.0012331306,0.047622,0.16529188,692.2.jpg
0.9990958,0.996139,0.10226371,0.06196619,0.00287582,0.0057091597,0.19726439,0.019308578,0.017738095,0.00047877443,0.08510632,692.3.jpg
0.11268134,0.16394599,0.6147386,0.40824872,0.01297838,0.006585478,0.07066949,0.51273793,0.026827129,0.02385201,0.12179924,692.4.jpg
0.055118013,0.0028566415,0.008710029,0.0030645893,5.808186e-05,0.00015090042,0.025557311,0.10830794,6.129664e-05,0.09468104,0.6378391,693.1.jpg
0.055307414,0.016748246,0.02565458,0.029347347,0.015865177,0.009419714,0.21521915,0.35949823,0.010648541,0.58793694,0.8339387,693.2.jpg
0.74654573,0.3305576,0.044068262,0.022325385,0.013337265,0.017847393,0.3168083,0.100542456,0.0052631884,0.17680246,0.2984271,693.3.jpg
0.09507208,0.02868922,0.042601455,0.018526142,0.047125857,0.021879768,0.16641237,0.42233178,0.022883184,0.64542747,0.8224724,693.4.jpg
0.001435431,6.211704e-05,0.0066893743,0.0025053117,0.00010821898,0.00049682526,0.015809672,0.057992853,5.5015407e-05,0.38751823,0.9753508,694.1.jpg
0.008523395,0.0008665047,0.02176648,0.0029304635,0.0013341303,0.0038299614,0.013483559,0.06610931,0.00019829517,0.7976051,0.92012554,694.2.jpg
0.005862953,0.0028901002,0.008370781,0.0010208198,0.0119064255,0.006312594,0.039072227,0.007882361,8.233228e-05,0.90078187,0.15238094,694.3.jpg
0.09793341,0.00026021496,0.0027721042,0.00028302855,0.0032170562,0.0059832055,0.059301984,0.010001307,0.0005632347,0.8922883,0.39571735,694.4.jpg
0.7702098,0.04821382,0.0048171626,0.0010895794,0.0007903844,0.0024514685,0.07240743,0.08609917,0.006320495,0.02248406,0.109912045,695.1.jpg
0.008779382,0.001181152,0.012692599,0.02520299,0.006685475,0.00064015255,0.012028122,0.01939195,0.0049482323,0.35508665,0.06837442,695.2.jpg
0.16111581,0.050009128,0.00014372027,1.4448133e-05,1.6188429e-05,2.2102513e-05,0.021854846,0.07912953,1.8218257e-06,0.00012077464,0.054744408,695.3.jpg
0.47213906,0.006199482,0.007819439,0.0020915342,0.00086205354,0.0011730342,0.19369803,0.10054861,0.0034924273,0.015970118,0.194133,695.4.jpg
0.29161727,0.015708987,0.0065772813,0.003557769,0.00037795975,0.012312297,0.57602686,0.35552698,0.0037528884,0.030787451,0.94217986,696.1.jpg
0.07603453,0.017979499,0.016543647,0.011020086,0.013311186,0.013676182,0.30907187,0.5334957,0.0059279944,0.756388,0.9031476,696.2.jpg
0.016222319,0.0024667366,0.0046394058,0.00085977756,0.0015171466,0.0015016054,0.013089565,0.061487906,3.7141483e-05,0.15555233,0.40854734,696.3.jpg
0.05062853,0.001452665,0.026806645,0.0056205825,0.018339323,0.034829617,0.66194844,0.14071596,0.0052698134,0.08009151,0.542883,696.4.jpg
0.1623194,0.024414564,0.51629484,0.018728085,0.005262222,0.012957,0.27747864,0.77003056,0.0037519298,0.03456619,0.903527,697.1.jpg
0.0055788965,0.0013722818,0.37533942,0.04687731,0.0077961013,0.017973294,0.30087987,0.6364635,0.0009973709,0.12988675,0.94537634,697.2.jpg
0.20169061,0.03207449,0.16337636,0.017043512,0.0019992476,0.017306305,0.1763062,0.8103355,0.0012948032,0.006727343,0.9091505,697.3.jpg
0.016512156,0.0022464723,0.530326,0.052959807,0.0037874738,0.020388816,0.31805754,0.33231843,0.0025836648,0.15238102,0.9732833,697.4.jpg
0.008444975,0.0002103178,0.0029171463,0.004151971,0.00029737185,0.0002732685,0.01989951,0.2187948,0.0001712765,0.0036466436,0.9563024,698.1.jpg
0.006501389,0.00028493817,0.04605389,0.049918357,0.009950022,0.0014388929,0.0155979125,0.10284527,0.0029348037,0.054966696,0.80995965,698.2.jpg
0.00029521453,5.0765666e-06,0.0019953533,0.03401883,0.00049544504,4.7904828e-06,0.01077487,0.060416795,9.4565905e-05,0.0014430082,0.15627366,698.3.jpg
0.002249803,0.00017711258,0.056738846,0.19966573,0.0042477343,4.7680787e-05,0.002485203,0.11566357,0.00039731647,0.0038873984,0.12188447,698.4.jpg
0.0053593395,0.00024946884,0.016376918,0.0034078085,0.00027574642,5.7547288e-05,0.009816169,0.11628641,0.00034407736,0.0031571726,0.14601555,699.1.jpg
0.0028590749,0.00047556113,0.036956076,0.0066318363,0.013644464,0.0014859267,0.039602417,0.09957371,0.0075803827,0.05778772,0.241696,699.2.jpg
0.046083543,0.0010738366,0.0050541107,0.00986781,0.0009955718,0.0010151042,0.084603086,0.07898128,0.00086216733,0.10877475,0.95443666,699.3.jpg
0.23290274,0.0126243,0.13984884,0.042378057,0.016920377,0.09359352,0.059283964,0.06070346,0.018202137,0.532375,0.84077144,699.4.jpg
0.9406491,0.9920644,0.00010791241,0.00025474033,2.3383178e-05,0.0030830572,0.04041542,0.010682252,1.6621752e-05,6.420532e-05,0.352511,7.1.jpg
0.98890567,0.9649823,0.002219679,0.0015492478,3.218227e-05,0.0004612793,0.019377308,0.02174277,8.030353e-06,1.2893506e-05,0.28954083,7.2.jpg
0.9949896,0.9949439,0.0023656006,0.0014130815,9.3043396e-05,0.0014990724,0.015695898,0.11126082,2.0826144e-05,2.3992876e-05,0.78074914,7.3.jpg
0.9953219,0.97313887,0.0030823702,0.0030697917,0.00019825848,0.00555551,0.12608019,0.11702255,9.889759e-05,5.8232148e-05,0.7310362,7.4.jpg
0.12800466,0.0015423468,0.002268019,0.015628494,0.00027946313,0.0001176188,0.040002204,0.058488782,0.0004997291,0.039902274,0.4646542,70.1.jpg
0.059865236,0.0021915815,0.003634776,0.010531391,0.0013460777,0.0011855734,0.07364837,0.36803865,0.0017580822,0.034856085,0.6627105,70.2.jpg
0.9985323,0.9973726,0.004340579,0.0008997794,2.1545064e-05,0.0012838177,0.025257314,0.010909935,1.6404778e-05,1.7595608e-05,0.10082466,70.3.jpg
0.76201284,0.768351,0.04619338,0.086803615,0.0013644561,0.0007328528,0.030121323,0.48938233,0.0020450805,8.099598e-05,0.257583,70.4.jpg
0.0020268594,0.00024022911,0.005961394,0.08071637,0.00059553614,0.00027570172,0.014274691,0.10076774,0.00019295524,0.022367079,0.84645945,700.1.jpg
0.92057216,0.51444745,0.24898924,0.2714809,0.12307089,0.111100234,0.23581088,0.16238008,0.20584846,0.06983541,0.9251518,700.2.jpg
0.94036967,0.8011735,0.27968276,0.2416046,0.0036986857,0.05977822,0.34175077,0.20584902,0.00713484,0.1686179,0.9783966,700.3.jpg
0.7116566,0.1578956,0.115889706,0.3403129,0.037814643,0.05447372,0.4551722,0.39530587,0.011036504,0.13338971,0.9966516,700.4.jpg
0.011705829,0.001456235,0.16192466,0.11409602,0.008017195,0.003478176,0.055098567,0.18525416,0.0028741742,0.44591418,0.31353813,701.1.jpg
0.20217103,0.15572372,0.044150814,0.027355071,0.16555722,0.10527609,0.45855165,0.21366136,0.08305719,0.21511294,0.19597444,701.2.jpg
0.0037491943,0.00080088753,0.0025495053,0.0018183023,0.0003379965,9.327161e-05,0.064772055,0.082711466,3.9740553e-05,0.057348993,0.18888363,701.3.jpg
0.020939171,0.0024753308,0.0024227246,0.0018267019,0.0045508053,0.0005947667,0.023226608,0.049128093,0.00093726866,0.6344207,0.27724057,701.4.jpg
0.055911433,0.0037111207,0.1231123,0.102707125,0.051549856,0.024871798,0.13966282,0.298366,0.031586464,0.31223413,0.921361,702.1.jpg
0.018252557,0.0028129604,0.075368874,0.06544761,0.11460503,0.009112685,0.09887956,0.41878793,0.008183853,0.28893828,0.9034667,702.2.jpg
0.020232687,0.0007519829,0.00070228754,0.0009782368,9.994613e-05,9.809398e-05,0.006976324,0.01038023,5.523878e-05,0.020993832,0.5753774,702.3.jpg
0.00064081757,1.808418e-05,0.079946525,0.0031630248,0.006318788,0.00013407016,0.003973704,0.029082824,0.0006087788,0.13862878,0.2131345,702.4.jpg
0.9996549,0.9984036,0.008561799,0.0005619454,1.4608058e-05,0.026528757,0.07788488,0.006970179,3.4116212e-05,7.370624e-06,0.79618347,703.1.jpg
0.99885285,0.98778695,0.04406848,0.0027275274,2.0143192e-05,0.14348574,0.22028708,0.008828374,0.00012554253,1.695157e-05,0.9000204,703.2.jpg
0.99987817,0.9983997,0.0031837712,0.0009304637,2.9061619e-05,0.055669695,0.22109543,0.013015289,0.00021731763,9.255323e-06,0.6124828,703.3.jpg
0.99998057,0.99780136,0.0020128617,0.0010523254,4.741716e-06,0.007808142,0.21279193,0.0027155923,3.9001527e-05,9.813541e-07,0.17299207,703.4.jpg
0.8667647,0.5848309,0.014914901,0.0067622396,0.00043427062,0.0008110428,0.033193532,0.13190226,0.0001795516,0.00462211,0.91328794,704.1.jpg
0.01600708,0.0016691198,0.05101149,0.039457038,0.03856953,0.0004466611,0.054369465,0.3721944,0.0014675362,0.23022993,0.92758626,704.2.jpg
0.19199409,0.011615714,0.037040655,0.003578959,0.0012380489,0.0029271452,0.26184812,0.31490564,0.0003938995,0.071274504,0.9665519,704.3.jpg
0.058115534,0.05728143,0.28407115,0.029166859,0.036359943,0.009642674,0.19328927,0.28602013,0.008967595,0.44563538,0.9772803,704.4.jpg
0.7018281,0.023398584,0.018584741,0.022738807,0.0010942072,0.013368714,0.26786017,0.40624595,0.0019135845,0.005291421,0.962631,705.1.jpg
0.035525896,0.00088112074,0.04999794,0.006820133,0.0017639096,0.01721156,0.10099972,0.20522982,9.8302975e-05,0.01595043,0.924376,705.2.jpg
0.7215416,0.072868854,0.069147386,0.00615003,0.010712408,0.0796916,0.69104797,0.2530878,0.023452356,0.05809292,0.93539214,705.3.jpg
0.08912114,0.027591735,0.11802431,0.11236557,0.07746687,0.045679007,0.25255784,0.19402921,0.039194424,0.3671021,0.9553293,705.4.jpg
0.5086175,0.018554708,0.022548646,0.016572991,0.006179124,0.20058037,0.30919942,0.20083869,0.0029357488,0.43184394,0.96201485,706.1.jpg
0.031510312,0.0006649747,0.018570378,0.012378262,0.0013673347,0.04363807,0.056829426,0.13005091,0.00022249547,0.24668746,0.9896951,706.2.jpg
0.4180459,0.025731483,0.013699981,0.0035009142,0.008789846,0.4347295,0.3974856,0.09470939,0.0030222868,0.45552275,0.81941736,706.3.jpg
0.10139981,0.0026701856,0.0024281484,0.00038679963,0.011971381,0.15894946,0.077688776,0.04235421,8.8349414e-05,0.6323987,0.78024286,706.4.jpg
0.8739718,0.32583085,0.79603523,0.06097006,0.0039407937,0.08251212,0.26527157,0.9044765,0.00792415,0.0022691372,0.821604,707.1.jpg
0.25383854,0.049474083,0.2877573,0.038475595,0.05432949,0.012380566,0.23677215,0.9286608,0.02200234,0.02061985,0.48859605,707.2.jpg
0.895031,0.44904286,0.42057496,0.09365681,0.028540531,0.09731278,0.6095185,0.90636575,0.1083877,0.022731794,0.806032,707.3.jpg
0.4860405,0.097991526,0.10130938,0.02847862,0.006423606,0.023418179,0.80481535,0.9400929,0.002111996,0.0057622567,0.94627887,707.4.jpg
0.23169471,0.016657915,0.041960932,0.014180076,0.08627826,0.36713088,0.20325558,0.13069628,0.006269668,0.65718955,0.6120293,708.1.jpg
0.41797385,0.051263534,0.105199605,0.08818747,0.05009943,0.06365438,0.22451665,0.22841784,0.0061187143,0.06484949,0.2117205,708.2.jpg
0.00039599606,3.5245426e-05,0.00051641796,0.00021090014,0.04769839,0.0016777848,0.0060879667,0.041047987,3.1843763e-05,0.6862954,0.16987371,708.3.jpg
0.002887209,0.00021314448,0.0035054602,0.0022868153,0.11606726,0.023120519,0.04521732,0.122895315,0.00022159655,0.7100885,0.7277034,708.4.jpg
0.4766909,0.5719746,0.046150103,0.19071478,0.0012200536,0.0008640828,0.0033004766,0.09044636,0.00085203676,0.021448381,0.5273356,709.1.jpg
0.9755005,0.9387531,0.08761803,0.061109573,0.023368409,0.051410038,0.5499076,0.43362314,0.04647598,0.02970924,0.81522274,709.2.jpg
0.95559865,0.2722805,0.020105965,0.011936817,9.477787e-05,0.00041555916,0.011497527,0.026585864,0.0001521193,0.00067313696,0.20723423,709.3.jpg
0.39504957,0.0074958056,0.038270805,0.06148017,0.0021295869,0.00020945088,0.0062558474,0.12905516,0.010232035,0.032202013,0.43353513,709.4.jpg
3.196364e-05,1.3046956e-06,0.00020301445,0.00014184025,2.3583066e-06,5.2711466e-06,0.010213797,0.02310451,2.8447166e-06,0.0023027565,0.43506274,71.1.jpg
0.18985248,0.0037804742,0.09664271,0.007646109,0.00040422322,0.0012286941,0.38193974,0.13062553,0.0113992635,0.012356462,0.114723936,71.2.jpg
0.00021137785,8.050473e-06,0.00020320811,0.00026783982,1.0606966e-05,2.611266e-06,0.011725223,0.015616064,2.0455748e-06,0.013665028,0.10111914,71.3.jpg
0.026751157,0.001282237,0.011892795,0.043173958,0.0013496502,0.0024271554,0.15763581,0.06564131,0.0009613847,0.26897165,0.89946735,71.4.jpg
0.99859256,0.9931591,0.18526521,0.005734084,0.00010857217,0.0024739078,0.11190717,0.021650858,0.00020283315,4.992695e-05,0.22856991,710.1.jpg
0.24627803,0.02506689,0.3232634,0.017047076,0.0044941027,0.0047290493,0.11268372,0.848542,0.002987501,0.0051041823,0.72407275,710.2.jpg
0.9999665,0.99986434,0.00039504477,2.5553423e-05,1.0647144e-06,0.0008406526,0.053012397,0.0022988806,7.6982434e-07,1.1952021e-07,0.5735629,710.3.jpg
0.7770557,0.71792036,0.03771214,0.022807822,0.00630216,0.055035595,0.19488734,0.6548491,0.0032835822,0.0024855044,0.72981155,710.4.jpg
0.0006314736,0.000106091145,0.010602648,0.09962283,0.001065015,1.4048065e-05,0.00087210984,0.09192488,0.0005584222,0.019909905,0.72108066,711.1.jpg
0.005051591,0.001666987,0.09054771,0.029337041,0.0061051557,0.0004179394,0.004585744,0.12566607,0.0032182292,0.0918109,0.5932631,711.2.jpg
0.029579496,0.0016485811,0.4102942,0.062238287,0.010840075,0.00060437835,0.107029274,0.3050819,0.0013099062,0.008324206,0.47453174,711.3.jpg
0.026378164,0.0035031524,0.09318945,0.035727315,0.017516162,0.00067346264,0.04685044,0.43324852,0.0050743665,0.12025895,0.68138593,711.4.jpg
0.06284898,0.005705534,0.005075339,0.021973386,0.00037756664,0.0003346772,0.016186826,0.20734644,0.00049098517,0.0019060929,0.7624317,712.1.jpg
0.017972698,0.0038787331,0.17471738,0.22495817,0.029609406,0.006230834,0.21282756,0.23055533,0.0025885983,0.29825974,0.5578819,712.2.jpg
0.24798372,0.36690027,0.26414582,0.06711322,0.012752162,0.0072505763,0.13513276,0.3474818,0.0070917904,0.14798325,0.7668876,712.3.jpg
0.05458629,0.022025617,0.40377164,0.03336773,0.0065205195,0.0104440125,0.2232792,0.40131673,0.0006630992,0.039362807,0.8156216,712.4.jpg
0.11042603,0.01845427,0.035787355,0.020454215,0.011896494,0.0090955645,0.026182724,0.022641256,0.011263481,0.7832175,0.15379034,713.1.jpg
0.00051477255,8.338035e-05,0.001128324,0.0033509012,0.00079432613,1.3551578e-05,0.00023954637,0.054218374,0.00025347227,0.22485988,0.020331645,713.2.jpg
0.0065698116,0.0033041537,0.015056758,0.008359797,0.008657975,0.005292503,0.0886794,0.0059274943,0.00043737591,0.81056446,0.09459767,713.3.jpg
0.00948247,0.0024080663,0.010721701,0.032809068,0.008846556,0.0020311119,0.04005152,0.03613976,0.0030133286,0.67693484,0.12391243,713.4.jpg
0.080439515,0.0363176,0.092022665,0.21920374,0.0025441076,0.0042837677,0.13071238,0.26850498,0.0010794979,0.02684013,0.98252016,714.1.jpg
0.062408067,0.03510697,0.32254902,0.28969565,0.1548898,0.029930407,0.19488609,0.5449753,0.03267835,0.56605697,0.9583126,714.2.jpg
0.3081129,0.05634461,0.20915116,0.11706274,0.0037808174,0.034939837,0.35427272,0.4481453,0.013506189,0.2578216,0.8615841,714.3.jpg
0.00632611,0.0020085291,0.49281186,0.03241021,0.023981577,0.043148734,0.07968218,0.49802467,0.0057474365,0.04119821,0.7830686,714.4.jpg
0.59730464,0.1266313,0.0744478,0.03473751,0.0026043246,0.013320333,0.38939852,0.3965376,0.001819795,0.058330394,0.9441951,715.1.jpg
0.74833876,0.1465611,0.04518382,0.085685894,0.0067586564,0.030109053,0.24031796,0.45978722,0.005570981,0.08089658,0.9761612,715.2.jpg
0.043551147,0.0043027103,0.011489325,0.015623484,0.00152915,0.0006653811,0.064157724,0.12027216,0.0006956755,0.052432396,0.89852166,715.3.jpg
0.09857543,0.04002841,0.13957036,0.094465114,0.043260396,0.020730887,0.49737397,0.3937447,0.019098593,0.1649116,0.97477245,715.4.jpg
0.18842942,0.008741036,0.21305388,0.048421644,0.0014063724,0.0049144826,0.079722464,0.06649222,0.00034771173,0.0082411235,0.8809838,716.1.jpg
0.13154183,0.0024326828,0.035935763,0.0037979304,0.001309708,0.009800003,0.22165942,0.20331874,0.000108157175,0.032407213,0.9606568,716.2.jpg
0.77935284,0.2787055,0.007660349,0.027020676,0.0003397525,0.00022064296,0.049704798,0.5208792,0.00046457318,0.0022566777,0.40517613,716.3.jpg
0.0909214,0.0011682643,0.0074359,0.0013736247,0.00010149299,0.0014346178,0.029253986,0.26861945,7.074834e-05,0.0011467213,0.9288996,716.4.jpg
0.00053400424,5.720096e-05,0.00028790263,0.0013234401,0.02437974,9.596203e-05,0.0010627563,0.013868526,2.9990202e-05,0.9936359,0.3160659,717.1.jpg
0.00087554444,8.22055e-05,0.0013623253,0.0016838472,0.15991771,0.0015523664,0.006550175,0.05905482,0.00018715265,0.986616,0.39049146,717.2.jpg
0.027586902,0.0027421804,0.03411514,0.018554907,0.027131232,0.004263845,0.053420726,0.07522272,0.0026844186,0.9034714,0.2695844,717.3.jpg
0.12398745,0.025976088,0.079131536,0.030911341,0.068182565,0.044039797,0.28799954,0.2532015,0.014821467,0.9004942,0.7712432,717.4.jpg
0.10851062,0.08656089,0.010730125,0.046583083,0.0030035318,0.0023585157,0.12264047,0.40042865,0.0018862592,0.03375287,0.9778933,718.1.jpg
0.015095426,0.011084264,0.04011234,0.02484327,0.003333965,0.00043064987,0.020208104,0.22603002,0.00079193135,0.031470653,0.97711074,718.2.jpg
0.06261419,0.054774147,0.27190533,0.049592774,0.040787414,0.0108027635,0.23923694,0.09013659,0.0030186165,0.064461775,0.9284016,718.3.jpg
0.052788433,0.05129715,0.44569403,0.0746411,0.0041557797,0.0014871745,0.096120335,0.28182995,0.00074371346,0.07725377,0.8910932,718.4.jpg
0.08794931,0.005321642,0.027789613,0.016382512,0.032245032,0.1259358,0.29211336,0.11589372,0.0045807646,0.92171335,0.81803095,719.1.jpg
0.012359989,0.0005311577,0.0092642,0.0051971995,0.0028872518,0.0049323724,0.047545172,0.013361432,0.00021884676,0.7511023,0.8798613,719.2.jpg
0.04875205,0.009035121,0.040779673,0.03346129,0.0998053,0.05969494,0.27410826,0.13081898,0.0100429775,0.98387027,0.8942801,719.3.jpg
0.01567961,0.0012262815,0.0031674104,0.005651804,0.010775669,0.06907764,0.098397724,0.09511885,0.0007731654,0.9612562,0.9290003,719.4.jpg
0.15062991,0.06925492,0.06974269,0.19600359,0.0027130765,0.0014924841,0.032929048,0.11896202,0.001375536,0.20194636,0.40930942,72.1.jpg
0.014281988,0.0012026546,0.07515947,0.093918905,0.12110581,0.004358645,0.022652823,0.1255308,0.0035466212,0.47099403,0.28966743,72.2.jpg
0.0005788297,0.000259473,0.0024138305,0.039948534,0.00021422164,2.3275164e-05,0.051189627,0.0159076,1.9820169e-05,0.17933315,0.88548404,72.3.jpg
0.0011970681,0.00012639887,0.0033899248,0.072711915,0.0015905837,5.3935062e-05,0.0018800168,0.022302493,7.330865e-05,0.3555185,0.66345406,72.4.jpg
0.23628253,0.051691446,0.3542097,0.28967607,0.1107905,0.3667034,0.44688195,0.42289644,0.0564827,0.7504181,0.9572766,720.1.jpg
0.48903766,0.23825608,0.080816105,0.1160437,0.07232863,0.26091257,0.654899,0.48525903,0.036597542,0.7463606,0.9807546,720.2.jpg
0.6259455,0.09375009,0.046821926,0.04825739,0.072313294,0.8260358,0.629942,0.2095244,0.12088042,0.26334167,0.97179,720.3.jpg
0.20349923,0.01652958,0.0983358,0.09990702,0.04000913,0.06717992,0.24215968,0.5718207,0.013951656,0.888526,0.99271786,720.4.jpg
0.0018322382,0.000112835565,0.0048761,0.0049665323,9.103978e-05,0.00012893678,0.001580162,0.079869576,0.0002109476,0.012872282,0.9429193,721.1.jpg
0.021371854,0.002618834,0.08247003,0.1720429,0.0050542015,0.0041744546,0.019192275,0.15304358,0.003152467,0.62886125,0.9829494,721.2.jpg
0.10318393,0.0046624267,0.0046599065,0.0079588955,0.00015853625,0.0021444294,0.07737688,0.17212091,0.00048869464,0.014899903,0.9907051,721.3.jpg
0.008416029,0.0023154134,0.020176793,0.0060893977,0.0012737712,0.00057657546,0.01051464,0.07373232,0.005509567,0.22544979,0.93082595,721.4.jpg
0.09300892,0.0011885188,0.01766834,0.005994722,0.00068670296,0.007046275,0.0643666,0.024981683,0.001405782,0.59268343,0.5804484,722.1.jpg
0.00015680748,6.156304e-06,0.0009601192,8.464347e-05,0.0032122354,0.000988287,0.0021775558,0.065257415,3.2937082e-06,0.8502031,0.791835,722.2.jpg
0.0006852154,0.00012123596,0.0019947258,0.00082974776,0.0050509893,0.00039484486,0.03263172,0.047121726,0.000121591045,0.43850383,0.21889883,722.3.jpg
0.010901547,0.008026229,0.0040621683,0.0056905863,0.008283459,0.0005016778,0.013375376,0.041498657,6.661233e-05,0.3331952,0.14139828,722.4.jpg
0.0046631726,0.00086969667,0.020318234,0.01789375,0.0017929256,0.0023519695,0.13396642,0.043913245,0.0011206714,0.45119756,0.8779895,723.1.jpg
0.073922805,0.0058525265,0.086186334,0.055885967,0.0057943487,0.0016484146,0.2155007,0.076923825,0.00413834,0.3371901,0.8340479,723.2.jpg
0.1334623,0.0041546496,0.012706129,0.00883542,0.0007794716,0.00071618595,0.0656552,0.007823247,0.0023611486,0.72052807,0.17926438,723.3.jpg
0.003165496,0.0007415387,0.0030548177,0.0051181805,0.020569358,0.0029961388,0.02056623,0.016088482,0.00036035225,0.9544899,0.06138102,723.4.jpg
0.77019024,0.12531845,0.008382721,0.0015691388,0.0019004144,0.003326406,0.14100258,0.4417071,0.0016683827,0.012961385,0.71366966,724.1.jpg
0.09626102,0.020304263,0.044264354,0.019583302,0.012991769,0.031092333,0.09584383,0.4943077,0.0038843772,0.3059732,0.904169,724.2.jpg
0.32637796,0.078346476,0.008308196,0.0014418453,0.00045667228,0.005646608,0.053633746,0.100119084,0.00031659988,0.037024796,0.9446319,724.3.jpg
0.47068566,0.13054971,0.11420214,0.0062849717,0.007614069,0.014642285,0.5468614,0.85334766,0.0060272976,0.03743733,0.9505898,724.4.jpg
0.030039947,0.0039048824,0.006857537,0.012994527,0.00046583987,0.00022107527,0.09540533,0.029802915,0.0014061775,0.06205927,0.7999123,725.1.jpg
0.0038900191,0.00019631813,0.035794605,0.052445807,0.009787609,0.00014665948,0.027251797,0.074382514,0.012565007,0.4234809,0.53104544,725.2.jpg
0.0021124643,0.00038005025,0.01677369,0.0004163091,1.115091e-05,6.0427803e-05,0.0025804536,0.074071184,0.00086063816,0.0147552295,0.49120894,725.3.jpg
0.030962251,0.0016510079,0.094087474,0.015453801,0.010428677,0.006334514,0.21598223,0.21013264,0.048413172,0.02634586,0.33203265,725.4.jpg
0.25078073,0.019037703,0.18413614,0.4276369,0.055861924,0.2813578,0.256987,0.08125178,0.035839166,0.4434941,0.6203385,726.1.jpg
0.8838364,0.0408919,0.2540776,0.041048225,0.0076064197,0.39434764,0.40647924,0.14478865,0.01717436,0.2383455,0.38894626,726.2.jpg
0.8766088,0.103497356,0.017507227,0.00030413098,1.4134699e-06,0.0014774794,0.020955725,0.0063352347,8.8431074e-07,3.7973605e-05,0.8167498,726.3.jpg
0.0016183624,0.00029893126,0.043724533,0.037276886,0.010739498,0.013442432,0.20001869,0.18449418,5.6976336e-05,0.87240857,0.9799887,726.4.jpg
0.07569137,0.0077809147,0.011363631,0.009563242,0.0043884073,0.020732697,0.07284951,0.4096849,0.0014172453,0.0076246443,0.9892771,727.1.jpg
0.06279855,0.00129093,0.03487235,0.0194218,0.0010995751,0.0064689363,0.03849376,0.23346743,0.0013165729,0.07446069,0.9547366,727.2.jpg
0.02018943,0.0015544676,0.008626425,0.012005206,0.00096973806,0.007607392,0.020769218,0.2216992,0.0029920507,0.023287244,0.9560226,727.3.jpg
0.21485056,0.028775828,0.17714258,0.03653426,0.019296804,0.106304035,0.12093761,0.29032078,0.003328256,0.5666213,0.98635316,727.4.jpg
0.10704269,0.0145525895,0.12048223,0.012338036,0.005387957,0.008076915,0.057560302,0.692585,0.001041196,0.0017517011,0.9826403,728.1.jpg
0.22145446,0.017783081,0.060708027,0.083230086,0.0028250054,0.0038694257,0.21576846,0.27916613,0.00048674556,0.038342662,0.729086,728.2.jpg
0.012551975,0.0020209749,0.0068545886,0.0013132634,0.0006121814,5.7169764e-05,0.0039983485,0.20857999,7.3449287e-06,0.002595982,0.97643334,728.3.jpg
0.0052530225,0.00064094586,0.14533173,0.009290945,0.0006274326,0.0008106345,0.034162927,0.27346173,6.0231516e-05,0.012320435,0.97592247,728.4.jpg
0.050388485,0.0019563045,0.04225256,0.3741226,0.00086164917,0.00046622587,0.0060948436,0.14475541,0.0008930567,0.25252426,0.94658285,729.1.jpg
0.011749837,0.00057604787,0.030046996,0.13112773,0.0007149196,0.0006800246,0.00700425,0.11536779,0.0003111992,0.23169571,0.97471493,729.2.jpg
0.000630084,7.809748e-05,0.006358893,0.06380656,2.5748655e-05,1.379017e-05,0.0010256799,0.0066761435,7.0322974e-05,0.017798629,0.8822287,729.3.jpg
0.017818706,0.0048290733,0.14845505,0.14640956,0.00064396235,0.004180995,0.008859296,0.0979554,0.000479305,0.2626194,0.9930112,729.4.jpg
0.2672779,0.0074692853,0.025169048,0.01548766,0.0019809506,0.0003239194,0.058596354,0.33486986,0.0026858656,0.1666318,0.7740115,73.1.jpg
0.03121045,0.00048034874,0.009030339,0.034403577,0.001709355,7.862293e-05,0.01814975,0.15063025,0.0018765375,0.2673828,0.35756117,73.2.jpg
0.08313494,0.0054105497,0.42911616,0.10074796,0.010665016,0.0035851777,0.070202775,0.2783732,0.027662612,0.030732902,0.40217322,73.3.jpg
0.01896877,0.004701839,0.34161973,0.7608512,0.009613247,0.006059989,0.06240986,0.10572383,0.073840715,0.27661714,0.7182803,73.4.jpg
0.9994966,0.8435116,0.022254322,0.0039417525,0.00029981066,0.06349304,0.77821255,0.15347563,0.00073144276,0.00021312984,0.5403553,730.1.jpg
0.9971161,0.42157632,0.034814313,0.015358049,0.0018948267,0.11456498,0.9193762,0.41466314,0.0067806803,0.0015608707,0.6551955,730.2.jpg
0.16936521,0.004300627,0.018438596,0.015804257,0.0011342117,0.0024880667,0.17897734,0.5838233,0.00675458,0.009803626,0.6373217,730.3.jpg
0.7735421,0.029016359,0.08742814,0.10849542,0.010256556,0.0019751922,0.2057946,0.359415,0.017921584,0.0021121134,0.38351202,730.4.jpg
0.05687453,0.058958944,0.32534212,0.0100898575,0.03598502,0.0075510317,0.40352827,0.44432482,0.00071350386,0.015561346,0.9441097,731.1.jpg
0.06555912,0.034034744,0.80042046,0.0141075095,0.025403244,0.0023547278,0.35875955,0.5207633,0.0017247729,0.06096338,0.73635054,731.2.jpg
0.2212925,0.013696902,0.12964094,0.016246986,0.006807751,0.010219362,0.2591439,0.29877672,0.000591599,0.040409707,0.9432382,731.3.jpg
0.00082254276,0.00024046146,0.11002889,0.0018804979,0.0015192473,0.00015353723,0.069135636,0.3048394,0.0001551564,0.009139268,0.8841794,731.4.jpg
0.010238826,0.0075304518,0.8657125,0.2768552,0.00072690577,0.00096042466,0.017097607,0.052629914,0.0056631835,0.005714958,0.80566823,732.1.jpg
0.0034261653,0.0003839453,0.030181637,0.039587885,0.02237735,7.2291805e-06,0.001266398,0.14733666,0.00027519435,0.026537174,0.880638,732.2.jpg
0.73147094,0.29865217,0.003547319,0.0027217655,0.00030712812,5.108905e-05,0.012372272,0.3152027,6.9516864e-05,0.0015471339,0.06825614,732.3.jpg
0.59506077,0.25344637,0.03089779,0.084047385,0.006971598,0.00013000802,0.117241345,0.60264915,0.011136387,0.0017795906,0.008008528,732.4.jpg
0.004991566,0.00028590503,0.0010252432,0.00086863997,0.00024551924,5.4981683e-05,0.010812623,0.5015013,9.909754e-05,0.0071280333,0.9910501,733.1.jpg
0.0002653216,9.7660695e-06,0.00033783398,0.0010568192,5.0569247e-06,2.960156e-06,0.0018187031,0.06557558,1.0646281e-06,0.0016969353,0.9741193,733.2.jpg
0.38729978,0.05720561,0.16013685,0.01109035,0.005136501,0.002410112,0.12642589,0.083932556,0.05117865,0.052160513,0.30595088,733.3.jpg
0.017122546,0.00045006518,0.28059497,0.1240869,0.014594067,0.00030732088,0.02743757,0.28367946,0.0053752162,0.024375388,0.55589616,733.4.jpg
0.050142627,0.006045777,0.017702412,0.0268477,0.00010055854,0.0023835646,0.054894008,0.13327608,0.00024141367,0.029841457,0.995259,734.1.jpg
0.002111813,4.2670694e-05,0.0025537058,0.0034602701,2.2250766e-05,0.00015653035,0.028690351,0.11038544,6.0997e-07,0.0057799644,0.9997247,734.2.jpg
0.43240845,0.12204395,0.9809744,0.0060364627,0.0004486296,0.028594088,0.03326398,0.02935185,1.2051662e-05,0.019137375,0.34242985,734.3.jpg
0.055887554,0.0032548048,0.7865735,0.0027058301,3.0967785e-05,0.00039421243,0.00049576844,0.01439423,1.03464e-06,0.007156582,0.12260525,734.4.jpg
0.038767006,0.0047897585,0.051292412,0.007823898,0.002751228,0.0005039959,0.14753404,0.15582073,9.529298e-05,0.0021841233,0.92941666,735.1.jpg
0.0008098446,0.00018824903,0.039671235,0.027016144,0.0032389206,0.0030073684,0.27113488,0.29096213,0.000279064,0.01789882,0.7594801,735.2.jpg
0.0006849607,0.00030477103,0.00985042,0.00072635565,0.00065535895,0.00047279696,0.003450597,0.056709703,0.00012797902,0.013189087,0.92117345,735.3.jpg
0.0044679283,0.0010258333,0.09377784,0.0010652128,0.0023035991,0.00015854232,0.021395877,0.16815552,4.5560595e-05,0.0025937052,0.51918477,735.4.jpg
0.1011563,0.067006044,0.012090033,0.0050266157,0.000108487606,0.00025238347,0.010831668,0.30951223,3.3887358e-05,0.009241164,0.96316195,736.1.jpg
0.05725508,0.0056054443,0.031324953,0.010004361,0.00077945815,0.0027179744,0.22040437,0.270443,0.00036810976,0.04501659,0.98757637,736.2.jpg
0.78336585,0.38893402,0.016043272,0.004698965,0.00023204763,0.01638753,0.24198551,0.09620208,0.00034212947,0.015646279,0.976862,736.3.jpg
0.4648498,0.1335477,0.12263241,0.14262809,0.0349984,0.23649083,0.57789886,0.24524534,0.027882922,0.59565425,0.97433054,736.4.jpg
0.431906,0.28545633,0.15734577,0.15025614,0.056565564,0.05402148,0.41105628,0.705088,0.062288955,0.037480295,0.81642616,738.1.jpg
0.032459095,0.0015623473,0.018352218,0.0054541663,0.00061570364,0.00025565273,0.004120177,0.41696256,6.896119e-05,0.0082262065,0.956137,738.2.jpg
0.88057387,0.9581989,0.1500505,0.10365699,0.007408307,0.072447695,0.25451705,0.6839717,0.0012563046,0.0025429886,0.98085004,738.3.jpg
0.08070467,0.008956596,0.03904527,0.019247346,0.0033307343,0.02153533,0.31287012,0.5689341,0.00019758834,0.03859237,0.99493223,738.4.jpg
0.8371921,0.21713024,0.16847423,0.055125292,0.009820629,0.20158957,0.4532026,0.5671229,0.028083058,0.11309401,0.9517019,739.1.jpg
0.6170025,0.022876587,0.007087789,0.008590094,0.0024547707,0.00664357,0.17613079,0.8680164,0.00089959084,0.013421138,0.88509846,739.2.jpg
0.9893903,0.31247738,0.092736624,0.0022886088,0.00035276654,0.9447556,0.65983504,0.04878172,0.0146836545,0.0065186103,0.4672028,739.3.jpg
0.9924224,0.4540557,0.26551107,0.003808273,0.0006539539,0.7059194,0.6644556,0.041214403,0.0022154187,0.0010777042,0.47958285,739.4.jpg
0.0101340655,0.0021004335,0.14750044,0.218047,0.037895955,0.0048245927,0.10324831,0.41669923,0.0038834987,0.15774982,0.85212773,74.1.jpg
0.00075801456,0.00019051267,0.16373082,0.14045464,0.04599727,0.00048598245,0.027052986,0.11238872,0.002291244,0.07089951,0.79653275,74.2.jpg
0.112595744,0.03610912,0.010067878,0.046120495,0.00065187365,3.584636e-05,0.093998425,0.7281637,7.417662e-05,0.0010877558,0.04838513,74.3.jpg
0.060207266,0.034483448,0.22085944,0.3229387,0.15358849,0.0076458165,0.124636844,0.3603042,0.014271122,0.16481529,0.45147726,74.4.jpg
0.8033682,0.04292596,0.12038055,0.1344695,0.017082645,0.13424326,0.80929077,0.20029059,0.043068618,0.079459645,0.8907433,740.1.jpg
0.2941695,0.0012822638,0.02403235,0.00219483,6.1007282e-05,0.22148284,0.08830717,0.012863136,0.00024592667,0.0026983735,0.9725079,740.2.jpg
0.34698814,0.012436569,0.47347608,0.31502897,0.055667482,0.52674884,0.30908602,0.085382104,0.036604997,0.65889084,0.9596975,740.3.jpg
0.38341543,0.013161931,0.23940398,0.006952998,0.013479595,0.92099684,0.2368601,0.074168116,0.010490962,0.39909932,0.9447141,740.4.jpg
0.699789,0.057323832,0.028733985,0.0039573936,0.0032863957,0.009653043,0.5302094,0.87141144,0.0011889231,0.005155344,0.3096078,741.1.jpg
0.61660016,0.17694898,0.025897367,0.012060532,0.0029729654,0.029732052,0.48895228,0.958926,0.0010247421,0.0018899911,0.85975164,741.2.jpg
0.0004911148,3.938711e-05,6.9628324e-05,0.008754797,4.9991113e-06,4.2325846e-05,0.0041605365,0.047362987,1.6682992e-06,0.033137616,0.9989611,741.3.jpg
0.11515289,0.0021728985,0.0068593393,0.000607545,4.6364792e-05,0.0016535461,0.0583779,0.17995253,0.000115768664,0.0024561596,0.9684693,741.4.jpg
0.055627145,0.00010707047,0.0006526019,0.0021454818,8.933689e-05,0.00012772763,0.042767808,0.027192425,0.0015146717,0.03945863,0.1840931,742.1.jpg
0.040354256,0.00047983808,0.004577267,0.0022502225,0.00046670123,6.670755e-05,0.004060024,0.038099576,0.00035559927,0.41637057,0.39482802,742.2.jpg
0.94065976,0.6063782,0.16208757,0.041858394,0.00120387,0.030626252,0.27964723,0.11796901,0.002291217,0.030478837,0.7710311,742.3.jpg
0.18569085,0.01309392,0.02227596,0.00523626,0.02036851,0.0017536934,0.12125947,0.33726805,0.0020463713,0.1269593,0.42604673,742.4.jpg
0.6485649,0.060286894,0.036735415,0.02016442,0.0017759771,0.0075731976,0.4182252,0.44550562,0.01056642,0.02262108,0.6373062,743.1.jpg
0.0507831,0.0029495007,0.00698676,0.0074791587,0.0009990648,0.0008804204,0.118313074,0.3124516,0.00049685984,0.02689195,0.5055438,743.2.jpg
0.030077772,0.002129197,0.0048776115,0.002428287,0.00029986352,0.0038745515,0.67496663,0.4086069,0.003632304,0.0017742122,0.5314931,743.3.jpg
0.016799709,0.0005707554,0.007860808,0.013880217,0.0018008933,0.0005484324,0.033567637,0.24495436,0.0022688543,0.011195843,0.8821004,743.4.jpg
0.38538232,0.14591622,0.15955341,0.020717492,0.058425233,0.0065860143,0.27020165,0.71608543,0.0072396016,0.024520563,0.86444134,744.1.jpg
0.19896597,0.016469628,0.083366156,0.002873241,0.036336504,0.0016160298,0.40390927,0.899587,0.0006440231,0.007888013,0.966847,744.2.jpg
0.10810146,0.027162816,0.05853391,0.022713607,0.0012439957,0.0006309575,0.053519927,0.38642144,6.430163e-05,0.0031301605,0.96287155,744.3.jpg
0.10299105,0.004347184,0.6016717,0.0021865093,0.0008599537,0.0002141465,0.07878686,0.8032774,4.687061e-05,0.0007736684,0.91693926,744.4.jpg
0.95439595,0.8970464,0.19792241,0.22719593,0.0059102955,0.04603737,0.5786874,0.5159104,0.037495658,0.01608338,0.7758568,745.1.jpg
0.34171176,0.09267725,0.07005836,0.30311102,0.14101917,0.00924952,0.15319403,0.6465271,0.09939691,0.039528973,0.7614327,745.2.jpg
0.9985594,0.9968412,0.2221634,0.026110942,0.0016850132,0.12501371,0.41527286,0.18408635,0.0028594665,0.0015147554,0.80010766,745.3.jpg
0.48468897,0.15697382,0.40765768,0.08007606,0.064787835,0.05822897,0.45390505,0.9107173,0.016053652,0.044360768,0.877488,745.4.jpg
0.048147336,0.004012444,0.14620957,0.041652508,0.019592427,0.034865864,0.36602405,0.29241475,0.0010561756,0.44982094,0.7619179,746.1.jpg
0.0329683,0.0011741052,0.02431804,0.0055273585,0.00556574,0.00090260705,0.055401623,0.35039905,8.179451e-05,0.031480204,0.95117474,746.2.jpg
0.03685071,0.0027344637,0.021827629,0.032050867,0.032214824,0.005046391,0.33391652,0.26539373,0.001686794,0.77313995,0.8501718,746.3.jpg
0.024978176,0.0075914506,0.014017829,0.024278779,0.025517102,0.047204003,0.5951218,0.35782978,0.0067560705,0.7892781,0.92255926,746.4.jpg
0.06299056,0.013604036,0.36215153,0.4128253,0.09592468,0.057461057,0.30118048,0.45729837,0.0044099167,0.47709322,0.97999614,747.1.jpg
0.0049175215,0.00038927753,0.15216447,0.02548476,0.022291305,0.007446945,0.14315446,0.14608346,0.00022456876,0.40390122,0.96291107,747.2.jpg
0.16685599,0.02869653,0.2563663,0.183263,0.01615016,0.0351433,0.5421534,0.2656475,0.0037693707,0.24323164,0.9486407,747.3.jpg
0.01785051,0.0020825537,0.080995284,0.111406475,0.005640435,0.03767003,0.6082024,0.37387386,0.00077156554,0.26918876,0.98015517,747.4.jpg
0.9980375,0.987329,0.00041058759,0.00124587,7.124393e-05,3.6817502e-05,0.06917893,0.011968443,1.6550699e-05,1.9563833e-05,0.1897173,748.1.jpg
0.9426501,0.27638763,0.0029291622,0.014205375,0.0013614998,0.00028037906,0.47644737,0.21460654,0.00041084774,0.00034029904,0.4888717,748.2.jpg
0.9999361,0.99969256,0.00067154726,0.00056950824,6.973753e-06,0.0008488407,0.19460076,0.0016499102,1.4706829e-05,5.9788636e-07,0.44881263,748.3.jpg
0.9536611,0.66721183,0.008911682,0.0045308573,0.00015219997,0.0026494167,0.2454916,0.023074372,0.00016923815,9.776004e-05,0.80566376,748.4.jpg
0.013811353,0.00019947792,0.0066180318,0.0047487747,0.004080139,0.0009664729,0.048564535,0.063387476,0.00060120126,0.33268702,0.3222172,749.1.jpg
0.13606912,0.02809137,0.17955151,0.103937425,0.10401676,0.08550658,0.37228155,0.48452526,0.020010285,0.70266414,0.26440787,749.2.jpg
0.13568851,0.024991488,0.10316315,0.052285526,0.08994724,0.038652625,0.11171146,0.232264,0.009682056,0.7311726,0.3542174,749.3.jpg
0.22403412,0.0043192646,0.013945819,0.0655118,0.05302487,0.0043710144,0.14016798,0.699516,0.011173637,0.701018,0.84518135,749.4.jpg
0.07366502,0.0057094824,0.016616529,0.030161697,0.03768628,0.15300268,0.08457306,0.18727042,0.0026554023,0.86708367,0.96032745,75.1.jpg
0.07628646,0.0010455662,0.0381757,0.011324976,0.0055924384,0.27919835,0.13528569,0.07152362,0.00065556105,0.8169061,0.997624,75.2.jpg
0.6097631,0.028349392,0.0192058,0.005866462,0.009076889,0.50323117,0.32799974,0.21473241,0.053130534,0.8219446,0.9063907,75.3.jpg
0.05725225,0.006873575,0.024255369,0.032934554,0.029561618,0.46964356,0.59666306,0.4717668,0.024260094,0.8489101,0.97432333,75.4.jpg
0.31048208,0.06840449,0.0013754339,0.009239143,0.0015154392,0.00330106,0.017566478,0.0012959784,0.00058777654,0.94515413,0.05150795,750.1.jpg
0.00056209374,3.4920067e-05,0.00011814081,0.00013220601,0.104404025,0.0021651902,0.0065405658,0.023248617,9.0114554e-05,0.9924446,0.2488982,750.2.jpg
0.019059816,0.0021692459,0.0058197053,0.00955392,0.11956157,0.021168243,0.04100528,0.008483494,0.000999543,0.94552904,0.27123916,750.3.jpg
0.060253035,0.0130153,0.008251528,0.006750151,0.045157276,0.011615348,0.035095677,0.0112185655,0.0006393504,0.9374012,0.08634774,750.4.jpg
0.088654876,0.019900966,0.074572556,0.0152302375,0.010174377,0.0003181272,0.31220865,0.15525196,0.0066002747,0.0009001554,0.052332945,751.1.jpg
6.326605e-05,1.1426343e-05,0.535094,0.096445404,0.005731896,5.6959993e-06,0.04472686,0.2562759,0.0016691365,0.00016392968,0.007543642,751.2.jpg
0.016045898,0.00073666614,0.014903529,0.018324897,0.0011941929,0.00191248,0.5913618,0.08546186,0.006960684,0.0011819054,0.15954965,751.3.jpg
0.059108563,0.0050143055,0.26772714,0.119273104,0.038463414,0.0022588787,0.47062558,0.51219165,0.065450005,0.0038819346,0.06040609,751.4.jpg
0.0018149872,0.0004366423,0.038953446,0.023251846,0.000537718,0.0001634298,0.005992343,0.28721213,0.0013119114,0.019419048,0.6162172,752.1.jpg
0.0013291807,6.385922e-05,0.04461544,0.007172313,0.00039337808,0.00011246111,0.012730436,0.28778952,0.00017291812,0.0033680478,0.6235911,752.2.jpg
0.0033147158,0.00012235786,0.0034542012,0.0015371508,1.967345e-05,8.765425e-06,0.0036226357,0.03870217,0.0004153506,0.03589628,0.060804315,752.3.jpg
0.00057862565,0.00013119333,0.12464128,0.057928484,0.00043882438,3.151516e-05,0.003834423,0.14186631,0.003420455,0.030923922,0.597074,752.4.jpg
0.0014517466,0.00025796803,0.0013199352,0.033445902,3.8236623e-05,1.7302511e-05,0.06512566,0.16505465,4.852996e-06,0.004424816,0.97075033,753.1.jpg
0.17270456,0.027364057,0.17403676,0.03313494,0.008417128,0.017058121,0.047394615,0.43699834,0.000851977,0.23429957,0.8976133,753.2.jpg
0.028507039,0.0008337136,0.0014182437,0.00737009,9.546915e-05,0.0039697634,0.32533798,0.24738799,6.1629416e-06,0.0036105625,0.98061556,753.3.jpg
0.18878426,0.01141864,0.0031555945,0.0069553787,0.00011726056,0.009494816,0.32710445,0.14275871,1.1678181e-05,0.00559338,0.9750958,753.4.jpg
0.9219872,0.5884706,0.03225717,0.009625981,0.0016642199,0.055146206,0.5659575,0.6991743,0.0019861865,0.0016557446,0.8090388,754.1.jpg
0.3621076,0.1380496,0.05114069,0.01723301,0.0057783257,0.026275301,0.8160316,0.7895823,0.0009135407,0.011193975,0.98365134,754.2.jpg
0.88639545,0.7157322,0.050940834,0.009301617,0.00037427523,0.08987045,0.47295573,0.6325008,0.0003476254,0.0040691113,0.97753817,754.3.jpg
0.14425004,0.062430758,0.12100115,0.012573234,0.0070315506,0.021470277,0.49230376,0.82023925,0.0015720744,0.024859888,0.99016213,754.4.jpg
0.9069459,0.02991841,0.0014317572,0.004387135,6.126557e-06,0.000114388444,0.05485893,0.092721105,0.0006104655,0.00030143315,0.42571038,755.1.jpg
0.13480282,0.014682158,0.13360529,0.17206198,0.047935735,0.031626586,0.18622734,0.25045744,0.12650101,0.22821623,0.8809132,755.2.jpg
0.9936859,0.45180008,0.028760448,0.0029930763,0.0001352235,0.0018912329,0.1156035,0.013579219,0.0021857156,0.0017807726,0.19865659,755.3.jpg
0.042646974,0.026212143,0.24126346,0.22354473,0.0073659997,0.0007854268,0.1480851,0.24168718,0.009006037,0.2138637,0.5023009,755.4.jpg
0.034198478,0.0019641987,0.007149935,0.017408032,0.00025046433,0.00028728048,0.1270341,0.07572612,0.00018364828,0.02857168,0.5593175,756.1.jpg
0.0036903133,0.000571396,0.056086157,0.073417135,0.0030207727,3.9256836e-05,0.00954949,0.07399199,0.00018766962,0.012951993,0.40347296,756.2.jpg
0.086783536,0.014161304,0.058553346,0.0011164146,0.0012513244,0.0009027584,0.051342778,0.3220198,0.00086445006,0.0034845318,0.48211792,756.3.jpg
0.054522764,0.0050804103,0.07084454,0.010432206,0.0033906884,0.0005533654,0.035515517,0.4268311,0.00032797398,0.008189494,0.81034005,756.4.jpg
0.14802076,0.02886112,0.122993685,0.18279639,0.0048008617,0.0031016895,0.18928236,0.29399392,0.0020060875,0.07515353,0.94720507,757.1.jpg
0.024944184,0.007073387,0.023708915,0.2802373,0.025543164,0.0010047236,0.24619372,0.36021334,0.0013641762,0.26178244,0.9704544,757.2.jpg
0.13385092,0.0058311024,0.051377125,0.32442233,0.003874136,0.0006055393,0.30363843,0.34957823,0.00024479278,0.0061721266,0.6788667,757.3.jpg
0.042869136,0.0010194076,0.029884854,0.14380169,0.0036520895,0.0034853416,0.26840407,0.33986163,0.0010488529,0.049630493,0.70883244,757.4.jpg
0.015244727,0.0023701966,0.04374291,0.0024876536,0.00013616403,0.0016632288,0.2914808,0.17839356,0.00024355542,0.0021451907,0.26981553,758.1.jpg
0.055845086,0.00020837723,0.010264852,0.0012409373,0.00014041261,1.3763709e-05,0.16450676,0.679411,0.00024018879,0.0005485409,0.093853936,758.2.jpg
0.015302,0.0014124142,0.10076279,0.08900144,0.0043453826,0.0027814752,0.13502961,0.053171005,0.0074620987,0.09628398,0.09402148,758.3.jpg
0.016928684,0.00044427914,0.04007316,0.0077971523,0.0019937693,0.0007712414,0.16479832,0.0955408,0.00016516777,0.031094402,0.055388864,758.4.jpg
0.06886187,0.0014401142,0.002109239,0.002155135,0.0043466287,0.01292408,0.12016003,0.013488818,0.001958997,0.2993821,0.20605116,759.1.jpg
0.042112213,0.0008925199,0.0018001846,0.00066182925,0.008993976,0.13609716,0.12456409,0.072820775,0.0006015139,0.53619576,0.5168471,759.2.jpg
0.049330465,0.00047060457,0.0014653814,0.00084146403,0.0043076263,0.004779575,0.17792827,0.007993626,0.0029323671,0.24245897,0.10932985,759.3.jpg
0.09001065,0.0008334296,0.002282142,0.002589948,0.016611332,0.0130958315,0.08892577,0.039719585,0.0032916102,0.5768898,0.33428186,759.4.jpg
0.021429485,0.0024040467,0.077605054,0.04238664,0.0064281453,0.005246344,0.10550522,0.5031626,0.0030072522,0.01607269,0.65697986,76.1.jpg
0.032224223,0.0022325763,0.1505192,0.092532225,0.013266251,0.0028096547,0.09146085,0.12937233,0.005455007,0.22683059,0.9055559,76.2.jpg
0.085085295,0.008387069,0.055657763,0.041412566,0.0035861318,0.0146476105,0.31700602,0.21947183,0.002750285,0.2899464,0.97447145,76.3.jpg
0.0013260071,4.3615168e-05,0.002461673,0.009945936,0.00034838732,0.00011325597,0.0028612046,0.0951085,6.2804516e-05,0.068858236,0.99121255,76.4.jpg
0.08039167,0.027926885,0.30990583,0.0014489051,0.0026405526,0.00049723627,0.036638804,0.51095426,0.0001064913,0.04285727,0.68212587,760.1.jpg
0.035026878,0.011855104,0.076090395,0.014184209,0.0073437584,0.0002696205,0.07263421,0.7154536,0.00089004985,0.00641341,0.6078236,760.2.jpg
0.57073927,0.08010526,0.13883878,0.06658082,0.0070161857,0.02492122,0.5705825,0.5704772,0.0033515492,0.021332119,0.99490297,760.3.jpg
0.13972497,0.021568425,0.09100845,0.03383012,0.03381565,0.011846068,0.272317,0.23795423,0.0053136013,0.11049763,0.9913496,760.4.jpg
0.13918537,0.05094854,0.15729946,0.3163438,0.01929405,0.16808529,0.20877866,0.20579192,0.0059465547,0.8474795,0.9061301,761.1.jpg
0.044075683,0.00091599557,0.007963475,0.01619453,0.024211373,0.036700632,0.019607449,0.078689866,0.008137026,0.7781261,0.59980685,761.2.jpg
0.1869965,0.008042616,0.066872016,0.017538035,0.0028662647,0.03419629,0.17867687,0.3022338,0.00037250467,0.49068835,0.8345188,761.3.jpg
0.16709101,0.036401905,0.22764428,0.122553274,0.00766165,0.076491885,0.16236815,0.20711218,0.0040451833,0.41516364,0.9860109,761.4.jpg
0.0054550353,0.0005046074,0.0064632813,0.0057609314,0.0070762443,0.0005385669,0.004914671,0.23213725,0.0002868653,0.09522677,0.54055053,762.1.jpg
0.0039256676,0.00076871336,0.008781922,0.01297877,0.022951381,0.0017512217,0.008691209,0.22435722,0.0015616355,0.23047617,0.7812765,762.2.jpg
0.00095317437,0.0002757238,0.00536268,0.0016173143,0.0014681142,0.00020604668,0.00550958,0.056687985,0.000715914,0.05600668,0.34411064,762.3.jpg
0.0011486138,3.5417466e-05,0.007691472,0.0047272337,0.0022185016,1.3861581e-05,0.001466006,0.046111107,3.3974724e-05,0.462802,0.53104955,762.4.jpg
0.24350362,0.004763819,0.006538227,0.02904057,0.06683229,0.010778719,0.012262337,0.17591256,0.028310828,0.14441228,0.8405128,763.1.jpg
0.045316115,0.002556508,0.026670413,0.022065274,0.044072058,0.0041890373,0.025894035,0.21121912,0.0059062964,0.34114876,0.41979042,763.2.jpg
0.36404872,0.0107500255,0.002674504,0.005438385,0.0029838656,0.0097802915,0.20236683,0.019531129,0.0035352325,0.5558069,0.3571449,763.3.jpg
0.0014174761,0.00029667353,0.0046456615,0.003455283,0.0048248605,0.0018578194,0.012172538,0.012587888,0.00066166307,0.78026813,0.19512597,763.4.jpg
0.17470112,0.0012168173,0.049574282,0.40480393,0.0031573544,0.010746649,0.57266957,0.074284405,0.006470693,0.055741657,0.6992599,764.1.jpg
0.1670465,0.004061474,0.07583518,0.0415179,0.017428279,0.08759884,0.1314981,0.1570806,0.010701468,0.24057037,0.70139456,764.2.jpg
0.07073282,0.027464423,0.28652626,0.0069260756,0.0030588591,0.010135266,0.15248209,0.34333563,0.0006854348,0.10587457,0.9707945,764.3.jpg
0.007053465,0.00016665849,0.038219847,0.008703888,0.00073057506,0.00013654005,0.011619306,0.11719827,0.00010794441,0.096881315,0.9173388,764.4.jpg
0.0015134716,0.0004621866,0.0008317925,0.00048417988,1.05051695e-05,8.671539e-06,0.010940784,0.12484073,0.00017209619,0.1321969,0.11290864,765.1.jpg
0.013054838,0.0050367657,0.0065615005,0.0027120495,4.9359813e-05,3.6445817e-05,0.013129264,0.18977268,2.2443548e-05,0.011390748,0.22036333,765.2.jpg
0.0882677,0.0011483375,0.0025197002,0.0015558864,0.0013279944,0.0027371151,0.0255431,0.0069302386,0.008379138,0.12667917,0.05291069,765.3.jpg
0.0020892404,0.00048350237,0.011353661,0.0038524875,0.0066219703,0.0070897792,0.027038962,0.08731769,0.00037198444,0.87989813,0.4974189,765.4.jpg
0.00017599511,6.3687956e-05,0.018120091,0.016569983,0.00013918422,6.493546e-05,0.009563133,0.09468385,4.460325e-05,0.052356638,0.86419475,766.1.jpg
0.00082111155,0.0003033694,0.042793043,0.24602653,0.004837194,0.0008000611,0.08176005,0.090556666,0.0009862196,0.25530836,0.9231151,766.2.jpg
0.9999813,0.9993843,0.0012958118,9.923143e-05,2.6678647e-06,0.0069500166,0.1375907,0.0009877811,8.840864e-06,2.1735918e-06,0.21405315,766.3.jpg
0.9994105,0.9463609,0.0013783475,0.00032626122,5.1302586e-06,0.0040247943,0.2936094,0.027220158,5.9671016e-05,1.949442e-06,0.2297505,766.4.jpg
0.07524901,0.007525578,0.0041773557,0.046467643,0.0032637941,0.00088581076,0.21109033,0.28649274,0.002060492,0.019306546,0.7466181,767.1.jpg
0.008663793,0.0006086085,0.10718871,0.049087737,0.0054773185,0.00034476985,0.09246136,0.18101333,0.0015861448,0.009475418,0.74978125,767.2.jpg
0.019667104,0.0027367454,0.02133974,0.004438619,0.0006444621,0.002519076,0.15536268,0.07252638,0.0012701221,0.008462719,0.82819694,767.3.jpg
0.015001546,0.0018760302,0.25766826,0.01734222,0.0019321541,0.00066834816,0.03177866,0.097726285,0.002022898,0.063717484,0.7935281,767.4.jpg
0.9925614,0.81273526,0.07966565,0.08619017,0.015111058,0.019121438,0.77137166,0.18507124,0.063669086,0.0039997045,0.25269532,768.1.jpg
0.8412346,0.17978312,0.4341586,0.40967378,0.031758513,0.22589628,0.43341398,0.16380581,0.43633842,0.02209452,0.33357286,768.2.jpg
0.9040412,0.04121884,0.011011639,0.0041681933,0.00078590965,0.018311083,0.82235354,0.2728007,0.0031148202,0.0021808592,0.583941,768.3.jpg
0.34654155,0.0030650424,0.017722912,0.0010495225,0.00065524847,0.009340923,0.81999147,0.29088965,0.0010503619,0.00071958784,0.38929275,768.4.jpg
0.23856528,0.008830407,0.083835416,0.0037119794,0.004238662,0.0019487297,0.6524878,0.84865135,0.0006122406,0.0097538065,0.9413698,769.1.jpg
0.13565525,0.018131994,0.06480244,0.00667781,0.003004126,0.0018319302,0.3094432,0.55528516,0.00053216435,0.028148884,0.9878171,769.2.jpg
0.4021731,0.02891921,0.01919558,0.0064553497,0.007751934,0.0049330443,0.34664515,0.34134668,0.0050562453,0.006890855,0.617696,769.3.jpg
0.10533549,0.004022121,0.13098992,0.0057701324,0.008197337,0.0038798589,0.3680468,0.3556451,0.014885889,0.0105955135,0.6345622,769.4.jpg
0.031309567,0.009734657,0.12717101,0.06350109,0.009201481,0.08374415,0.49854857,0.4577133,0.0009226943,0.038759142,0.9657639,77.1.jpg
0.02549483,0.0040742354,0.24876638,0.09753773,0.00442013,0.04464011,0.39609703,0.40777496,0.0002972358,0.023156619,0.9565893,77.2.jpg
0.4970042,0.34732872,0.12491817,0.010453558,0.0059090853,0.04803336,0.28309515,0.35429838,0.0037498698,0.05680111,0.83356535,77.3.jpg
0.10818249,0.056577142,0.15402855,0.025170371,0.0026441577,0.025565244,0.118708886,0.46255893,0.0008273858,0.09522138,0.9229927,77.4.jpg
0.966462,0.13049403,0.009649688,0.0065341466,0.0076598306,0.030398462,0.090795435,0.033867586,0.0075948564,0.16718735,0.27229327,770.1.jpg
0.62668693,0.014814699,0.0018597612,0.0008588629,0.0014161943,0.047624767,0.011410133,0.009381683,0.0013079167,0.39416558,0.11445619,770.2.jpg
0.27923757,0.0035003002,0.0037396953,0.0008777664,0.00041200043,0.0006053974,0.07585562,0.21652578,5.2714116e-05,0.011171061,0.12458735,770.3.jpg
0.009336755,0.0006126997,0.0028913934,0.0044554844,0.04862207,0.002756988,0.009831234,0.016391942,0.0004122071,0.67253166,0.09562334,770.4.jpg
0.55390006,0.17769468,0.3287555,0.18225153,0.010900276,0.134599,0.74771875,0.9111473,0.008633772,0.028679902,0.960089,771.1.jpg
0.7684339,0.33813584,0.12603891,0.23869269,0.02947883,0.039980166,0.76018775,0.37573323,0.01738353,0.014014857,0.30700758,771.2.jpg
0.013282271,0.0116903875,0.018957293,0.004757992,0.01906253,0.00070406974,0.02482341,0.41240507,0.00036855115,0.060221955,0.36462823,771.3.jpg
0.0070381863,0.007610233,0.010168713,0.0024173604,0.039597385,0.00041634505,0.02215763,0.38407716,0.00025503658,0.09136787,0.3128856,771.4.jpg
0.9326461,0.29014266,0.38357967,0.089324124,0.014569859,0.038619686,0.19109966,0.19818251,0.052322913,0.0055113332,0.14087898,772.1.jpg
0.91103953,0.057659384,0.40428644,0.0774215,0.0024805712,0.15957753,0.43461984,0.116621256,0.012264012,0.0013585911,0.18451233,772.2.jpg
0.9601018,0.36939654,0.16557352,0.033009358,0.0010523058,0.09105025,0.171969,0.010344601,0.012823231,0.013383539,0.19814873,772.3.jpg
0.009892901,0.0003330583,0.25413334,0.015693018,0.04150631,0.018155182,0.052363805,0.08528337,0.001633324,0.05194897,0.25632232,772.4.jpg
0.005594921,0.00025044856,0.0023221504,0.0015572358,0.0004289017,0.00096597214,0.024225751,0.08105783,4.265235e-05,0.064094156,0.9512028,773.1.jpg
0.023057412,0.0021827123,0.032517985,0.07544259,0.019927898,0.13893647,0.07699126,0.30853382,0.0002995955,0.46290427,0.9603423,773.2.jpg
0.9541465,0.5945052,0.002379469,0.0027845374,0.00014099368,0.0041451,0.18484545,0.21814266,0.00015028713,0.010914726,0.9853564,773.3.jpg
0.019535445,0.0016824603,0.0050914325,0.0030980825,0.0033685635,0.00501994,0.030960096,0.08397321,7.8570694e-05,0.6931012,0.9486492,773.4.jpg
0.894766,0.10481898,0.0027206086,0.0011206404,0.00082407566,6.5834756e-05,0.025430162,0.83667105,0.0002556976,0.0006677894,0.8349763,774.1.jpg
0.71656543,0.06033335,0.0009016778,0.0038496014,0.010270294,9.091349e-06,0.0126725305,0.18714954,0.0008674502,0.0019121206,0.12755777,774.2.jpg
0.99930894,0.98320574,0.03339528,0.0054123155,0.00047160458,0.0050393017,0.19028054,0.039487872,0.0022919767,0.0011151502,0.5081908,774.3.jpg
0.92740244,0.40018138,0.0300968,0.009115334,0.0030743086,0.0032316765,0.19849628,0.50275874,0.0035524582,0.0036866546,0.90852237,774.4.jpg
0.07905172,0.00067369663,0.0015050813,0.011247874,0.00028318135,0.001094484,0.022616146,0.028197693,0.0011736031,0.18011881,0.8813349,775.1.jpg
0.0026832432,0.0001631987,0.018689584,0.12327026,0.019516442,0.00020075095,0.01790951,0.059044573,0.021791304,0.14015648,0.36475316,775.2.jpg
0.052295327,0.0006527994,0.0031106258,0.01788348,3.1113723e-05,0.0019661954,0.03117028,0.017997382,7.952712e-05,0.0538516,0.9464752,775.3.jpg
0.0065363282,9.829896e-05,0.004620825,0.067634344,0.0001058577,0.0016767987,0.036284965,0.1210614,3.1797274e-05,0.059445746,0.9933891,775.4.jpg
0.100669384,0.0044193245,0.0016831973,0.00056216953,5.11354e-05,0.00075028464,0.08817281,0.41785917,2.6105783e-05,0.00013035671,0.9301879,776.1.jpg
0.0016605714,4.873182e-05,0.007291572,0.008282746,8.3623294e-05,0.00014368191,0.015166448,0.13876319,6.816432e-05,0.011363808,0.9876258,776.2.jpg
0.00018874508,1.0188937e-05,0.0011615626,0.10323301,5.439482e-05,5.1787843e-05,0.003905265,0.026900776,5.0831193e-05,0.012489817,0.8913266,776.3.jpg
0.0031235386,0.00036907554,0.08681985,0.014178163,0.0053786486,0.00028991807,0.004332909,0.3245643,0.00010986001,0.07520873,0.9135973,776.4.jpg
0.16191576,0.0106388,0.15164144,0.02275493,0.278186,0.10133473,0.1704526,0.19631496,0.041879244,0.8852812,0.5114812,777.1.jpg
0.05824775,0.0020597607,0.0337046,0.009134096,0.6181694,0.07675944,0.06850022,0.35058716,0.019407336,0.92262137,0.668032,777.2.jpg
0.06421262,0.0067893853,0.10056382,0.0952239,0.0262468,0.08251049,0.6461409,0.22966364,0.011383598,0.75941247,0.8381373,777.3.jpg
0.1940805,0.012392867,0.10120173,0.08797753,0.032227233,0.06258622,0.24669527,0.33022392,0.008772746,0.809694,0.9636932,777.4.jpg
0.34611183,0.109549895,0.044857524,0.006140292,0.000227927,0.00081693195,0.026107328,0.5672452,4.2435535e-05,0.0013557348,0.8755293,778.1.jpg
0.29289576,0.023285335,0.040839355,0.025875937,0.0003264535,0.00012910322,0.06713324,0.7673658,0.00010881542,0.009633497,0.735097,778.2.jpg
0.60700405,0.07258953,0.03225269,0.0027813045,0.00088470074,0.0028559556,0.44995454,0.7116117,0.000284097,0.0035734791,0.60714614,778.3.jpg
0.21004267,0.031587336,0.14198339,0.005071062,0.0017809939,0.005703684,0.36058262,0.40880087,0.00059542153,0.0339626,0.9616837,778.4.jpg
0.971124,0.08803369,0.0064341966,0.0006343706,0.00061243435,0.014251743,0.77130926,0.53809637,0.0010730656,0.0014765396,0.85685223,779.1.jpg
0.24044688,0.1234032,0.047869947,0.014936459,0.030042248,0.053812232,0.24073792,0.49572355,0.0036026496,0.28712955,0.9784565,779.2.jpg
0.9322097,0.9611094,0.037621822,0.03299071,0.016634475,0.031784717,0.27279422,0.47208327,0.009645023,0.014874308,0.9532857,779.3.jpg
0.91399693,0.5871028,0.03736811,0.009941186,0.0025861654,0.006383613,0.55991596,0.88036275,0.0010833375,0.004705294,0.96659,779.4.jpg
0.0006177312,0.00031462687,0.020112466,0.009807016,0.00071206415,0.0001973466,0.018894188,0.1767733,0.00023653443,0.0074687055,0.84938794,78.1.jpg
0.00077175425,0.0002398677,0.30168718,0.013398243,0.0029138653,0.0006718093,0.023148516,0.28287128,0.00017217216,0.010437377,0.8248572,78.2.jpg
0.032531645,0.007972695,0.06607493,0.019060254,0.00013788584,0.0017349751,0.0894287,0.6931033,0.0004903743,0.010335969,0.8660273,78.3.jpg
0.0031331836,0.000418005,0.14409797,0.002960321,0.00079152395,0.00015646918,0.073956214,0.5792824,1.6954253e-05,0.007718786,0.98794055,78.4.jpg
0.27873766,0.043587614,0.18405645,0.13120611,0.007412151,0.12537205,0.5985874,0.28299987,0.019141754,0.61033046,0.91242945,780.1.jpg
0.035515737,0.005289594,0.085501485,0.042025935,0.022523243,0.23186688,0.19120114,0.09283792,0.0068788766,0.9432763,0.9823821,780.2.jpg
0.16847217,0.016992213,0.014402851,0.009933388,0.0004356696,0.0042551043,0.11371973,0.07434509,0.0006242906,0.23464777,0.9315014,780.3.jpg
0.1096573,0.00579929,0.029474424,0.017209342,0.0088375965,0.044373203,0.10167947,0.16535588,0.0052102846,0.9255386,0.9558311,780.4.jpg
0.07871434,0.010276102,0.014093365,0.13633923,0.0022788167,0.0003209218,0.010188947,0.29605013,0.0016753097,0.07053416,0.17422557,781.1.jpg
0.0044038347,0.0015913631,0.18090741,0.40723467,0.0028561538,0.0009465754,0.040299132,0.43592855,0.0021799318,0.0210474,0.5232099,781.2.jpg
0.18574493,0.019261524,0.10556012,0.026733695,0.010626144,0.0033424082,0.113071635,0.79478323,0.006211462,0.08994185,0.905915,781.3.jpg
0.0013154373,0.0005930442,0.09818476,0.024822792,0.015623111,0.0006377486,0.017400807,0.18096986,0.006799132,0.020398375,0.364345,781.4.jpg
0.0026970264,0.00039162365,0.00045378183,0.00086776307,1.2152e-05,5.7540854e-07,0.0024597815,0.17075953,2.8680095e-06,0.00084741105,0.5824631,782.1.jpg
0.006789758,0.0007562602,0.0048272335,0.0044959714,9.6047814e-05,1.3566504e-06,0.0006623808,0.58292603,1.6369834e-06,0.0047943005,0.30078825,782.2.jpg
0.06200186,0.013596147,0.007094295,0.004070035,0.00095409644,0.0004203231,0.04408378,0.06912483,0.0003493758,0.05913994,0.7696794,782.3.jpg
0.021131804,0.0043198327,0.0057112933,0.006414364,0.00071653136,0.00036419492,0.02731129,0.37544358,0.000114699404,0.29687637,0.7841709,782.4.jpg
0.044661835,0.0004441627,0.0030035335,0.000728546,0.023002293,0.003892226,0.07126394,0.029892847,0.00030751253,0.83960754,0.3767952,783.1.jpg
0.0041339365,0.0010312638,0.0075667743,0.0023105403,0.018196844,0.001972366,0.01957828,0.047974627,6.34378e-05,0.99537635,0.5662855,783.2.jpg
0.012822052,0.0021878579,0.004460553,0.0013334671,0.0138781415,0.07558648,0.015440254,0.013956294,0.00028667663,0.9333701,0.33891302,783.3.jpg
0.0018597568,0.000109395245,0.0016515951,0.0010497321,0.003229602,0.0002953705,0.0019223393,0.015423393,1.579762e-05,0.95110905,0.6159895,783.4.jpg
0.0056776823,0.000115592826,0.0026199305,0.012448704,0.0013834165,0.0005306792,0.0028013424,0.011459297,3.155429e-05,0.21264204,0.38464764,784.1.jpg
0.030276474,0.0021390954,0.025970105,0.25801465,0.003049567,0.021422012,0.07522609,0.16365573,0.00039323655,0.25362167,0.96237874,784.2.jpg
0.0099379765,0.00082436035,0.026048815,0.06152923,0.00026733035,0.0011963699,0.021607192,0.0811884,6.7702495e-05,0.29503152,0.9602211,784.3.jpg
0.2815009,0.010409203,0.06015498,0.031166075,0.00086001185,0.029660113,0.20132056,0.138658,0.0006214269,0.039215077,0.8815493,784.4.jpg
0.72224826,0.07661055,0.13916728,0.09093688,0.0038149236,0.010673241,0.62306786,0.9135884,0.006273894,0.0015525032,0.74775535,785.1.jpg
0.08313827,0.002058106,0.09756201,0.003356604,0.0004591332,0.0030729673,0.17447716,0.41245276,0.00034435006,0.0055825696,0.4535269,785.2.jpg
0.018092848,0.0014055456,0.009535306,0.00063623337,8.016487e-05,0.00046523323,0.13101535,0.06619478,0.00016749071,0.30188337,0.7103877,785.3.jpg
0.0013206587,0.000100752324,0.0023067915,0.00037882294,0.0025025965,8.798486e-05,0.004200251,0.09455716,0.00026367413,0.33908206,0.33853394,785.4.jpg
0.17655228,0.012515173,0.12037367,0.0133964345,0.020951562,0.07247986,0.10889902,0.015454461,0.005886976,0.9478424,0.37544546,786.1.jpg
0.04262613,0.0007001257,0.0017698279,0.0025914612,8.569685e-05,0.00021561324,0.009849476,0.09426986,9.333265e-05,0.040699515,0.10240241,786.2.jpg
0.48041555,0.12822145,0.17636733,0.3267997,0.054465976,0.7269174,0.51967686,0.16755886,0.20954669,0.9084185,0.93450826,786.3.jpg
0.5453862,0.073064186,0.10427776,0.02667014,0.014183648,0.27485734,0.27813387,0.25904113,0.0371055,0.6737971,0.9578605,786.4.jpg
0.03030963,0.0070936643,0.16042383,0.03030734,0.60161334,0.20342378,0.33655694,0.29852164,0.007207798,0.9756638,0.8821199,788.1.jpg
0.06749325,0.00631318,0.14233075,0.0105541535,0.2870936,0.62983084,0.16558194,0.06594481,0.016945269,0.9577825,0.80331105,788.2.jpg
0.031335767,0.00370945,0.10254496,0.0034563425,0.031224208,0.08884729,0.2892305,0.2298218,0.000620953,0.6978808,0.9479551,788.3.jpg
0.02456724,0.0028362263,0.15555769,0.0024376393,0.11555998,0.27953213,0.051389087,0.08693815,0.00065956335,0.9738471,0.97992295,788.4.jpg
0.15170653,0.0028703327,0.004481021,0.044514652,0.00014218257,0.00046703903,0.051073447,0.3994862,0.001873587,0.039472766,0.5344224,789.1.jpg
0.00028419073,3.1436825e-06,0.0006568519,0.0009036526,0.00014282245,1.2514842e-05,0.0008477523,0.017174825,0.00017861686,0.004840843,0.026362706,789.2.jpg
0.00350542,5.9049198e-05,0.0059924093,0.0021706945,4.38882e-05,0.0010268693,0.05559025,0.013907493,4.0690815e-05,0.011568532,0.9320926,789.3.jpg
0.0066986643,0.0002026702,0.010944149,0.023287987,0.00047193182,0.0018619462,0.038689047,0.15756255,0.00011575785,0.12226917,0.96486294,789.4.jpg
0.02420185,0.00025192022,0.00033853843,0.003401219,2.7959435e-05,7.181416e-05,0.06633306,0.20617704,1.5838665e-05,0.0019629446,0.96657807,79.1.jpg
0.05914275,0.0017998205,0.001523346,0.0059324275,2.6774644e-05,0.0004397685,0.24359116,0.6183158,2.7326389e-05,0.002424032,0.98646474,79.2.jpg
0.34527615,0.059943948,0.20068379,0.022135768,0.003959277,0.0016208483,0.29665098,0.18997432,0.008546593,0.013584239,0.29525006,79.3.jpg
0.85920143,0.2524243,0.4845523,0.03800377,0.0008671795,0.005486284,0.10146387,0.5639452,0.00030623286,0.00084649754,0.49817136,79.4.jpg
0.04304883,0.00524553,0.20372891,0.0042800372,0.0013819173,0.0022368236,0.2506034,0.55356324,0.00502886,0.012806949,0.90542763,790.1.jpg
0.010336989,0.0020489176,0.7512757,0.022210822,0.01406735,0.0016969184,0.11713253,0.29551435,0.004943473,0.047150284,0.70395994,790.2.jpg
0.003337189,0.00016199189,0.010554014,0.0061616465,6.004834e-05,4.8521524e-05,0.026053626,0.43683678,4.637589e-05,0.005311789,0.8717686,790.3.jpg
0.015886415,0.00174455,0.19772212,0.014729381,0.0010048633,0.0013239003,0.1014962,0.55745786,0.00044924114,0.024894688,0.9667058,790.4.jpg
0.65739477,0.15157793,0.022215722,0.0026774195,0.0017905306,0.030768689,0.073833086,0.04311696,5.4825137e-05,0.033649474,0.18270694,791.1.jpg
0.13633202,0.011614614,0.030671023,0.0011882071,0.002332316,0.0034717065,0.019254554,0.090649664,2.3474002e-05,0.057499807,0.18579061,791.2.jpg
0.78833365,0.0295737,0.001962008,0.00031700972,0.004508932,0.19969605,0.3390489,0.015056957,0.0014696656,0.64751846,0.22398248,791.3.jpg
0.12495659,0.006826719,0.0028165837,0.0019580447,0.00763436,0.054567643,0.055894423,0.023750402,0.0003992698,0.9309755,0.11774871,791.4.jpg
0.67997265,0.27607146,0.10138577,0.119980715,0.014525705,0.042280573,0.6751708,0.86807555,0.027359614,0.02381899,0.91864663,792.1.jpg
0.08388289,0.040516578,0.35850608,0.06503134,0.013489713,0.019922288,0.14866765,0.24268498,0.0055797454,0.33764166,0.98356724,792.2.jpg
0.22942968,0.0633295,0.022356816,0.009408513,0.001087978,0.0029812043,0.30892906,0.17367303,0.00015418229,0.008827269,0.89320415,792.3.jpg
0.119489335,0.01187377,0.053987123,0.04627024,0.003159034,0.002192003,0.20976892,0.35550278,0.00081470277,0.16758221,0.93612367,792.4.jpg
2.303698e-05,3.5409898e-06,0.00064298115,0.001137463,3.5905578e-05,2.8724307e-07,0.0010779127,0.016492514,2.7115757e-05,0.00017596674,0.23293303,793.1.jpg
0.00016335999,2.0016618e-05,0.010172413,0.019526424,0.0003104959,1.3304739e-05,0.0013183816,0.17434552,0.00040700837,0.0045875837,0.51142913,793.2.jpg
0.067698255,0.0027419222,0.09084988,0.20881546,0.00487125,0.0013676286,0.18687938,0.1751944,0.014525924,0.05003488,0.5157609,793.3.jpg
0.0015422681,0.00011768275,0.074908145,0.27530628,0.001117756,0.00017181925,0.026698563,0.054256484,0.0028248779,0.024332166,0.23039912,793.4.jpg
0.001068602,4.586426e-05,0.0023164295,0.002349946,0.00028858442,4.30732e-05,0.01497241,0.05087275,0.00013414433,0.40581867,0.5158712,794.1.jpg
0.0017760805,9.0625144e-05,0.0066406564,0.0017701656,0.01920947,0.002989008,0.043541353,0.054093584,9.704144e-05,0.77412635,0.3581168,794.2.jpg
0.0036460634,0.0007215665,0.010583628,0.020632172,0.0007083764,0.00043542174,0.03573325,0.023854464,0.0005328534,0.23790143,0.6078464,794.3.jpg
0.007677283,0.00023593845,0.010174271,0.006723559,9.599471e-06,0.000254777,0.01771429,0.02027021,0.0003806001,0.10843688,0.907669,794.4.jpg
0.02009856,0.004801663,0.03312264,0.11472915,0.004622582,0.005016802,0.41064408,0.71647716,0.00021667189,0.009032871,0.9835374,795.1.jpg
0.02339795,0.012443839,0.07318102,0.051780775,0.014813795,0.002541446,0.2517354,0.43772027,0.00022442579,0.09672456,0.9891193,795.2.jpg
0.26812553,0.006716923,0.3965237,9.353186e-05,0.0003536174,0.32313147,0.08227116,0.011556237,1.1656279e-06,0.08947995,0.91329944,795.3.jpg
0.256967,0.009348172,0.626461,2.6139041e-05,0.00012745243,0.15611711,0.038816698,0.0051386137,1.4025412e-06,0.11145268,0.5852067,795.4.jpg
0.03148397,0.0039936947,0.01712529,0.114954226,0.0008959673,0.002693179,0.13784236,0.082719065,0.0009473532,0.41962326,0.9774979,796.1.jpg
0.0034350173,0.000176101,0.00861021,0.036211893,0.0017182709,0.00077317306,0.059425432,0.124280475,0.000120757024,0.64859915,0.91461396,796.2.jpg
0.23642488,0.033060588,0.015625363,0.0038623456,0.00012403184,0.0006673905,0.09682618,0.28171435,1.7255714e-05,0.01533739,0.9769851,796.3.jpg
0.0032088417,0.00016575058,0.007354869,0.004955511,0.0007681381,0.00027322312,0.024141377,0.19107339,3.3706416e-05,0.7339858,0.9781221,796.4.jpg
0.29840246,0.073236376,0.012500702,0.024310734,0.001583682,0.00021077791,0.01966234,0.45354742,0.0028692316,0.0018239054,0.21593593,797.1.jpg
0.0028909221,0.00023015666,0.004414106,0.0066537354,0.01307908,9.617284e-06,0.0044563627,0.17082165,0.0006463259,0.0025035024,0.09407587,797.2.jpg
0.5977084,0.20435594,0.0053799883,0.0055422615,0.00093724584,0.0014539299,0.42470747,0.046144087,0.00090541417,0.0026634384,0.11956803,797.3.jpg
0.50518566,0.050481476,0.086622715,0.18580292,0.007566148,0.014916521,0.48091236,0.6450652,0.0221805,0.023833303,0.4828525,797.4.jpg
0.849704,0.04775116,0.005591903,0.0019870242,0.00038115602,0.013633129,0.4926241,0.48669535,0.0012377482,0.024745213,0.88064283,798.1.jpg
0.86337787,0.23796633,0.012454325,0.012060532,0.0037524002,0.025800567,0.48287585,0.521619,0.008761036,0.08582646,0.8836997,798.2.jpg
0.20705087,0.002603449,0.0030629102,0.0005351201,0.0011740453,0.051612135,0.20556894,0.15501097,0.0017158614,0.028894052,0.38763195,798.3.jpg
0.4250742,0.010097396,0.020704724,0.0037287325,0.008394727,0.11675411,0.21780485,0.19807738,0.00960507,0.66466326,0.63949794,798.4.jpg
0.002085873,0.00013633189,0.0019689961,0.00035078655,1.8237417e-05,7.04841e-05,0.0023593318,0.051288366,2.7297086e-05,0.003909918,0.8736667,799.1.jpg
0.0014288205,0.00026344595,0.02368752,0.015157655,0.0020411129,7.973807e-05,0.0019700478,0.065450795,0.00028164606,0.034510277,0.9545049,799.2.jpg
0.0007360788,5.464897e-05,0.0035235088,0.0005432972,1.7630042e-05,2.1841852e-05,0.0028617338,0.022465631,8.0444384e-05,0.0033401481,0.18995441,799.3.jpg
0.0068800263,0.0025980845,0.10513776,0.05408056,0.013364916,0.008306181,0.123067155,0.22876135,0.02786233,0.08618879,0.7184499,799.4.jpg
0.24360323,0.022819202,0.0740604,0.008528877,0.0014662434,0.0011033271,0.20978199,0.30404276,0.001524586,0.05607288,0.90146655,8.1.jpg
0.24552324,0.012317836,0.37608442,0.0061928113,0.005771377,0.004122498,0.6202749,0.61442924,0.0037371486,0.0460637,0.9116324,8.2.jpg
0.4605092,0.028119737,0.023443306,0.0023947104,0.00030873634,0.0001801731,0.12518045,0.051441513,3.4408517e-05,0.025509533,0.65692896,8.3.jpg
0.0026186048,0.00018395393,0.04474076,0.017746711,0.029809972,0.00038327664,0.0197009,0.19529913,0.0003745124,0.6589601,0.75186414,8.4.jpg
0.55255926,0.05503933,0.016392166,0.00579023,0.0014324996,0.000163748,0.011242536,0.76376194,8.6557484e-05,0.0029542053,0.9053616,80.1.jpg
0.0029281082,0.0011316459,0.015271393,0.0043109977,0.0003607298,0.00015601478,0.043331847,0.560958,6.645398e-06,0.018544732,0.98871416,80.2.jpg
0.007857525,0.0020837688,0.020694004,0.28592867,0.0015844846,0.000715394,0.21852039,0.25498387,0.00020149407,0.04180991,0.97327924,80.3.jpg
0.0003257708,0.00014497085,0.139656,0.122093946,0.0010043001,6.392124e-05,0.04229861,0.08294265,0.00012406579,0.04921688,0.9918533,80.4.jpg
0.9604212,0.65881807,0.017605321,0.0018067582,0.0007557563,0.006590567,0.051572684,0.069077775,0.00045114628,0.012593075,0.28381246,800.1.jpg
0.06378432,0.0062219976,0.011545322,0.0066647753,0.02433914,0.022127632,0.03254924,0.17936578,0.0019309877,0.53041446,0.4471116,800.2.jpg
0.87824166,0.13919127,0.018247016,0.0019529455,0.00022063179,0.020044599,0.24268205,0.1847961,0.00018433038,0.009166357,0.5295951,800.3.jpg
0.23493363,0.011280669,0.2535253,0.042852744,0.025554376,0.5362959,0.3795656,0.29551128,0.0077018286,0.56857145,0.9695482,800.4.jpg
0.34670547,0.12116569,0.0037656247,0.013916499,0.005622798,0.0014416744,0.6952801,0.9424101,0.00038923728,0.0013458893,0.9444031,801.1.jpg
0.028008236,0.009316259,0.0017591562,0.02244694,0.013778968,8.9463414e-05,0.0936588,0.9891689,7.6714525e-05,0.0010780201,0.76278996,801.2.jpg
0.8701803,0.91289276,0.0022421232,0.023589704,0.0030309255,0.004228691,0.12492923,0.8583255,0.0001469875,0.00066517654,0.71462625,801.3.jpg
0.2107237,0.3419459,0.009690692,0.059244435,0.015416936,0.0020162314,0.0496347,0.80817753,0.00050641166,0.0024920225,0.83990574,801.4.jpg
0.0045501315,0.0007388822,0.0010712735,0.012741697,0.00063255394,2.3774268e-05,0.020021021,0.030361101,0.0001642318,0.14253974,0.17717476,802.1.jpg
0.12206762,0.0012900138,0.045916352,0.0076495763,0.00035717353,0.0020026031,0.08451531,0.029349748,0.0037268894,0.11259095,0.716568,802.2.jpg
0.045471676,0.006858959,0.02208512,0.035418376,0.004768949,0.0006075531,0.016511373,0.024716083,0.00023429593,0.28541997,0.3220408,802.3.jpg
0.008634613,0.004080633,0.0033384915,0.01062447,0.0068424973,0.0025235023,0.05126363,0.012511137,0.0002812816,0.42124432,0.0461484,802.4.jpg
0.007989,0.0020884292,0.18351868,0.11238792,0.0023427198,0.0044398983,0.26004824,0.4442416,0.00013228734,0.120388515,0.9957327,803.1.jpg
0.00819615,0.007747967,0.12927347,0.3261814,0.015501779,0.014292503,0.1699784,0.14462864,0.00023012242,0.24769501,0.99864167,803.2.jpg
0.025742842,0.0017729645,0.03216724,0.025495749,0.0004461286,0.0019113756,0.5957286,0.5375409,4.8061193e-05,0.022990193,0.9968971,803.3.jpg
0.08026957,0.01700298,0.073335506,0.15204085,0.006572152,0.0044101197,0.113183126,0.4058508,0.00024556209,0.21000329,0.99593854,803.4.jpg
0.9657556,0.956306,0.10042892,0.01954306,0.00023028266,0.02988552,0.32220688,0.10774093,0.0001683393,0.00091857905,0.68713707,804.1.jpg
0.21735542,0.10559366,0.04156619,0.016538939,0.018434267,0.1025921,0.18808608,0.19895501,0.0006263571,0.022955341,0.69371504,804.2.jpg
0.8771509,0.9259267,0.10188944,0.026079226,7.063617e-05,0.1162272,0.16222607,0.18769571,0.000108485445,0.0026933467,0.94252455,804.3.jpg
0.46011728,0.32008728,0.021072606,0.048977565,0.0070069768,0.01605879,0.06301285,0.4285897,0.00068563415,0.06349083,0.53000957,804.4.jpg
0.977563,0.5504301,0.028868688,0.0029088836,0.00044953608,0.03906753,0.30959088,0.6694216,0.0004054323,0.00060656894,0.9864861,805.1.jpg
0.4124934,0.07131719,0.13911702,0.0401293,0.027314767,0.051071517,0.46099013,0.8354477,0.007511356,0.014869447,0.96509814,805.2.jpg
0.99226063,0.976937,0.22537766,0.040944245,0.0013425939,0.019840151,0.06729607,0.026590973,0.0011079183,0.002221047,0.7124158,805.3.jpg
0.60220265,0.1458704,0.30505636,0.051661056,0.09748836,0.036462188,0.7509848,0.81289095,0.0075427173,0.019777322,0.93502766,805.4.jpg
0.90947586,0.8627044,0.04174846,0.1223205,0.0010306347,0.009712461,0.016972028,0.32827806,0.0036106107,0.009699147,0.4381585,806.1.jpg
0.33177763,0.022391498,0.086741075,0.06831404,0.003126037,0.0063106264,0.08469776,0.28174663,0.013034346,0.052396923,0.3883445,806.2.jpg
0.18057261,0.025061492,0.06278107,0.021880211,0.00043061006,0.0012285513,0.0054358603,0.49419656,0.0003702563,0.009272432,0.77669483,806.3.jpg
0.03829392,0.0077136415,0.17252393,0.14915961,0.0024416395,0.013839522,0.054204226,0.38103074,0.00079533836,0.0833326,0.8769712,806.4.jpg
0.29994455,0.0011606391,0.0111300135,0.00037372255,0.17184308,0.28416768,0.08797358,0.008047651,0.011318267,0.9150942,0.25158536,807.1.jpg
0.07603582,0.0007945979,0.005882203,0.0011523273,0.14716,0.83284193,0.11403234,0.011332801,0.053539265,0.9674499,0.29177803,807.2.jpg
0.17678256,0.003662986,0.01504356,0.0026770693,0.55246377,0.58501613,0.118155584,0.0048367856,0.030977186,0.98194754,0.27859822,807.3.jpg
0.03512442,0.00023889291,0.0033763044,0.00016599397,0.52811253,0.22046229,0.09714202,0.0062252292,0.006816403,0.88784105,0.17692201,807.4.jpg
0.00031644685,1.7036993e-05,0.0003451028,0.00056246034,1.0699392e-06,2.904827e-07,0.0015953804,0.14712185,1.8297154e-05,0.0002756095,0.04275427,808.1.jpg
0.0010367873,0.00014383215,0.020968312,0.017044518,0.0015626426,1.356187e-05,0.0064978395,0.12126676,0.00017547297,0.009816679,0.015034698,808.2.jpg
0.00062258175,0.0018774449,0.016675906,0.065449834,0.00089000334,7.7561395e-05,0.0013218403,0.07143511,0.00060607947,0.014545677,0.18025209,808.3.jpg
0.0010653534,0.00039248698,0.17697354,0.07306937,0.05427506,0.0002004652,0.0031487588,0.440341,0.0016108451,0.021498233,0.20495294,808.4.jpg
0.13479258,0.0046858345,0.04028179,0.0040426343,0.0012936902,0.06363785,0.73262614,0.3964116,0.0016604688,0.02034009,0.99522567,809.1.jpg
0.025409877,0.0064741024,0.06361838,0.0269246,0.016323628,0.029578155,0.30244228,0.8522349,0.00067794067,0.28061628,0.9960205,809.2.jpg
0.0328061,0.0006419087,0.012156037,0.010782426,0.0010372832,0.012501567,0.34367293,0.08390494,0.0026459377,0.06999501,0.9392852,809.3.jpg
0.027570175,0.0012105284,0.15226081,0.006438462,0.0065469863,0.029280555,0.19372527,0.14665817,0.0049795285,0.3291606,0.82744044,809.4.jpg
0.03640734,0.00049845537,0.003977399,0.015079815,0.0005952746,0.00018058572,0.06327775,0.09243571,0.002350476,0.0967961,0.16970423,81.1.jpg
0.013570955,0.0019208413,0.010612809,0.019942464,0.004080019,0.0020028052,0.009873421,0.04478957,0.034995016,0.11553913,0.27024055,81.2.jpg
0.036481336,0.005612383,0.0041506737,0.021180259,0.00076298066,0.00011950008,0.019161506,0.017278083,0.0029318305,0.02508376,0.026051512,81.3.jpg
0.0010391427,5.700323e-05,0.0011300741,0.02709064,0.0034446847,1.198969e-05,0.0011263631,0.010472821,0.00023548762,0.65843636,0.04313573,81.4.jpg
0.9994667,0.9994036,0.019974021,0.007271729,8.219547e-05,0.00091601204,0.04111339,0.0109054595,0.00030620774,1.1208333e-05,0.20440516,810.1.jpg
0.13773185,0.023645738,0.10995193,0.014320052,0.008161133,0.0024980523,0.06632426,0.73393804,0.001793167,0.06786675,0.8799991,810.2.jpg
0.99242264,0.89426976,0.026904782,0.00044721607,3.094891e-06,0.009523227,0.02237984,0.017210163,0.0001218508,0.0009365197,0.24387673,810.3.jpg
0.99856746,0.99321294,0.04798442,0.007802873,0.0009267579,0.021087091,0.20399012,0.08851222,0.0038180684,5.248364e-05,0.2368651,810.4.jpg
0.9825812,0.73973536,0.47378168,0.03871469,0.0032919764,0.15835415,0.25689656,0.17381112,0.03269187,0.0016069127,0.85323197,811.1.jpg
0.21627948,0.030064426,0.14196412,0.05203927,0.054125696,0.0010473307,0.0813435,0.6086973,0.0016253825,0.0026001697,0.96712476,811.2.jpg
0.9901764,0.87893826,0.3040578,0.04786419,0.00325215,0.0128234355,0.07365167,0.1943976,0.0076679573,0.012648861,0.26293674,811.3.jpg
0.4699557,0.38475442,0.5020262,0.04358374,0.009264953,0.0023831883,0.05431445,0.35156375,0.00085698516,0.0034360639,0.4056299,811.4.jpg
0.08141947,0.00040598962,0.00030536583,0.0003609398,5.843374e-05,0.0009734496,0.08709148,0.27096978,5.414702e-05,0.031032724,0.72836596,812.1.jpg
0.054194987,0.004063407,0.0154089555,0.0039331033,0.046972867,0.029762244,0.30255717,0.4403809,0.0019815804,0.91641307,0.8004452,812.2.jpg
0.23534802,0.024329627,0.23793188,0.028107297,0.022584975,0.13105051,0.19852743,0.10927978,0.01445266,0.5345809,0.444738,812.3.jpg
0.013063639,0.0002575704,0.03030121,0.010342292,0.05930865,0.043991018,0.09953652,0.0574099,0.0016234369,0.47955158,0.18890026,812.4.jpg
0.99960774,0.99652207,0.0009444472,0.0016622839,0.00059839356,0.007720272,0.17616259,0.0044128546,0.0013851277,2.8734723e-05,0.1368538,813.1.jpg
0.9958247,0.27062896,0.002281865,0.009051876,0.00027814842,0.013361118,0.031330183,0.00558518,0.04442872,0.00050418,0.11258826,813.2.jpg
0.0032546949,0.0005119289,0.029222833,0.055840325,0.0032356295,0.00049786444,0.030999858,0.028238086,0.00024705872,0.22929244,0.6747154,813.3.jpg
0.020832624,0.002612655,0.019005204,0.21860795,0.0016857898,0.13531862,0.22970037,0.40038157,0.0007396071,0.21185245,0.9967691,813.4.jpg
0.70877695,0.058776926,0.015737066,0.01248466,0.0016778,0.005848336,0.6418514,0.0879383,0.005334512,0.068844244,0.680309,814.1.jpg
0.52494097,0.015611299,0.003243516,0.015522538,0.00074098806,0.0004715424,0.12911403,0.29277533,0.0003898526,0.051762093,0.22938646,814.2.jpg
0.930059,0.35118505,0.049568128,0.019468365,0.0010625771,0.008773028,0.64773166,0.4455598,0.005231235,0.036849443,0.8511785,814.3.jpg
0.4425781,0.060445387,0.38621634,0.08103695,0.016731307,0.16543998,0.6195529,0.78909004,0.026203362,0.18670319,0.9332352,814.4.jpg
0.0008935453,0.000245102,0.059415456,0.05189132,0.0043058535,0.00016831922,0.0013397391,0.20482637,0.0019973465,0.004705455,0.097695045,815.1.jpg
0.23530199,0.052535616,0.2120847,0.09537812,0.011544331,0.015105509,0.12762685,0.21422896,0.05264795,0.025590403,0.30557647,815.2.jpg
0.9999677,0.9988174,0.0010479514,0.0012286057,0.00013669011,0.0121478345,0.5680627,0.014051651,0.00057540473,5.735508e-06,0.06920488,815.3.jpg
0.99636996,0.97445446,0.016526867,0.036113366,0.0013080455,0.0036306821,0.5654351,0.15069002,0.010454179,8.349278e-05,0.08166987,815.4.jpg
0.0017599034,0.00040031123,0.24589248,0.06930837,0.00032935358,0.00027765057,0.024060605,0.10489006,0.0001891398,0.011535471,0.92993385,816.1.jpg
0.005998584,0.0007319604,0.6640853,0.030184057,0.015762819,0.006630558,0.21979104,0.45640218,0.0021485188,0.023539629,0.75912994,816.2.jpg
0.112711154,0.0024704153,0.026317868,0.038972277,0.0003236206,0.0037754693,0.507228,0.15097208,0.00044599103,0.022631096,0.9791148,816.3.jpg
0.10387921,0.04164858,0.275828,0.22778922,0.030070845,0.07744901,0.32408592,0.3399229,0.034573685,0.70180076,0.97597766,816.4.jpg
0.18848304,0.04966682,0.012513377,0.0154123185,0.0013465988,0.0038192228,0.18495034,0.65322614,0.00014744738,0.022824911,0.98450875,817.1.jpg
0.24114509,0.011859422,0.03408309,0.0019096606,0.010409095,0.0031579982,0.13495585,0.19820784,0.0015466985,0.07729327,0.8628574,817.2.jpg
0.0140901655,0.0010466974,0.0037883788,0.00035927328,0.020937806,0.16715443,0.17063412,0.019184524,0.00020558003,0.6467954,0.7635353,817.3.jpg
0.00041876535,1.8497847e-05,0.0004061412,0.00039666292,0.0017132717,0.006559717,0.027203534,0.0042222966,1.8339273e-05,0.63053864,0.75286067,817.4.jpg
0.9981527,0.9470578,0.2435255,0.060742535,0.0069460813,0.40098095,0.38379884,0.037075687,0.11109404,0.013634136,0.39788815,818.1.jpg
0.9919848,0.40365866,0.054986306,0.056233145,0.006377715,0.07577647,0.65253526,0.048578437,0.0696007,0.008307741,0.42996594,818.2.jpg
0.99893254,0.83013755,0.123035826,0.04742626,0.0005154521,0.1007439,0.45234737,0.015289244,0.0057964856,0.0059423307,0.73049545,818.3.jpg
0.9894825,0.13432792,0.001732981,0.0040922733,0.00028313842,0.048612807,0.44215098,0.06582592,0.0074344887,0.0012075313,0.3814729,818.4.jpg
0.00041868672,0.0001940203,0.14994018,0.035799865,0.0030583618,8.0062964e-05,0.0067863795,0.118427,0.00018052185,0.068227686,0.9199499,819.1.jpg
0.014513145,0.0017797727,0.6393608,0.46168032,0.0016736031,0.00068320666,0.04729029,0.17758459,0.0060441894,0.025127893,0.7572716,819.2.jpg
0.9114241,0.97821665,0.12812988,0.039517064,0.0029498474,0.104919374,0.26250464,0.046138212,0.005430151,0.009925949,0.48320106,819.3.jpg
0.55261624,0.124951944,0.1955973,0.247894,0.016666839,0.004320834,0.22666973,0.5508117,0.006920656,0.08594466,0.43904158,819.4.jpg
0.015064419,4.1293988e-05,0.00012969649,0.0007774356,2.875246e-05,7.554097e-05,0.07056491,0.031429924,2.8547274e-05,0.0093026,0.98260844,82.1.jpg
0.05926864,0.0008410712,0.005406674,0.004200863,0.0013925623,0.0017782976,0.017070174,0.14006336,0.0002688558,0.23384455,0.9243507,82.2.jpg
0.05729284,0.0050673876,0.0066984356,0.008054936,0.004447273,0.028263636,0.4601812,0.28586364,0.0021755428,0.073197156,0.8936136,82.3.jpg
0.038292557,0.015223338,0.04536437,0.03771628,0.00683953,0.07286971,0.27462664,0.21419522,0.0011378673,0.70487237,0.99195224,82.4.jpg
0.012566316,0.0014393349,0.08163815,0.017275104,0.08358128,0.051579308,0.17841089,0.18919726,0.0014061045,0.948017,0.9461848,820.1.jpg
0.0034684334,0.0005454217,0.016470756,0.024567788,0.009431624,0.0064041945,0.066996515,0.17091022,0.00042035658,0.7137471,0.981118,820.2.jpg
0.015427074,0.005130851,0.03257395,0.00253624,0.0011213355,0.005661551,0.044,0.021227632,3.7809663e-05,0.5790113,0.9329377,820.3.jpg
0.0036896525,0.00035805293,0.040073287,0.00041239965,0.0030512344,0.054513354,0.105677426,0.03501063,0.00011542783,0.30901706,0.8064151,820.4.jpg
0.99983406,0.941812,0.0055903043,0.0020600343,6.233935e-06,0.0059914407,0.1409613,0.0034685524,0.000109990615,1.0950846e-05,0.59226066,821.1.jpg
0.9988067,0.9758254,0.050708037,0.011473381,0.0003712037,0.04406146,0.288136,0.011605164,0.01165825,0.00070821744,0.3837326,821.2.jpg
0.9998981,0.9035236,0.0016816547,0.0008696943,5.9164654e-07,0.001743787,0.15942872,0.0005669733,4.3688353e-05,2.6295938e-06,0.6953144,821.3.jpg
0.9993261,0.6682712,0.0013750826,0.005452392,8.555414e-06,0.009163802,0.4858331,0.0020479038,0.00056849676,1.7111228e-05,0.42852524,821.4.jpg
0.0022533538,0.00030866277,0.003466695,0.0058835195,0.00019506722,1.2886193e-05,0.0014927428,0.09454634,9.724801e-05,0.2985237,0.6166329,822.1.jpg
0.0009776317,0.000115232084,0.0025689553,0.0066065467,0.04530377,0.00030410982,0.0023037952,0.035335172,0.0002822226,0.69029075,0.2671342,822.2.jpg
0.0055914386,0.00010820464,0.0006874066,0.0008289408,2.3854753e-05,0.0006586958,0.007212458,0.013852635,6.2014944e-05,0.04806888,0.39065543,822.3.jpg
0.026336033,0.001499216,0.0027336343,0.0017258873,0.03834639,0.12239219,0.15189458,0.0672247,0.0020900976,0.24519691,0.19261114,822.4.jpg
0.092122436,0.059610296,0.27661738,0.3727352,0.005677456,0.011144503,0.08883328,0.57644105,0.005799782,0.5289023,0.9125063,823.1.jpg
0.033749107,0.0062548043,0.8276001,0.030094692,0.021114165,0.019738711,0.098540835,0.6463675,0.0016333379,0.36793828,0.82415354,823.2.jpg
0.49743214,0.06138256,0.18287192,0.023345644,0.00073276757,0.0017729148,0.13898036,0.19511057,0.00025919112,0.046061363,0.971714,823.3.jpg
0.20129812,0.08642225,0.008080205,0.015026924,0.00037227073,0.0016229136,0.039014794,0.28746146,0.00019596728,0.021045279,0.9932811,823.4.jpg
0.04190412,0.003936033,0.0133027285,0.02461144,0.011358903,0.0013656814,0.06208879,0.15966003,0.004854316,0.029894777,0.20323166,824.1.jpg
0.032066744,0.0014867279,0.0865111,0.03962333,0.10416132,0.002802928,0.028036099,0.14231527,0.0055948887,0.051598437,0.060211483,824.2.jpg
0.040919,0.0019663863,0.008625226,0.029373229,0.0027986,0.0005083307,0.010155862,0.08733281,0.00020413229,0.12491159,0.28843695,824.3.jpg
0.0005468149,2.5453779e-05,0.0008827519,0.0051784697,0.00091750926,2.196459e-05,0.00064951717,0.012547059,7.4486445e-05,0.094821945,0.09277267,824.4.jpg
0.9998772,0.9999069,0.0016508279,0.0002339118,6.564658e-06,0.001622553,0.055825718,0.0017679367,6.576292e-07,2.6068792e-06,0.15199897,825.1.jpg
0.99990284,0.9997768,9.1928385e-05,4.058552e-05,5.4856687e-06,0.00019936115,0.06353823,0.0051499396,1.6504597e-06,9.329214e-07,0.079241835,825.2.jpg
0.9860926,0.42513752,0.013912391,0.00897066,6.7843575e-05,0.0031185956,0.14776936,0.12550873,0.00028720437,0.0005855796,0.85299796,825.3.jpg
0.99135256,0.94535154,0.009230544,0.003514927,0.0002449081,0.006114175,0.14185052,0.11345886,5.1858908e-05,0.00012234678,0.7945783,825.4.jpg
0.028278118,0.003125697,0.01595007,0.00836565,0.022615388,0.10801625,0.1045404,0.11721006,0.008849537,0.9547741,0.7144565,826.1.jpg
0.00083332,6.250726e-05,0.0043145423,0.0006477939,0.10732977,0.004798014,0.0037125456,0.03586911,0.00023725766,0.97810376,0.42419177,826.2.jpg
0.010145978,0.0017257368,0.008230503,0.00393911,0.04213516,0.053441826,0.02122043,0.022737144,0.002077737,0.9628611,0.508481,826.3.jpg
0.001831388,0.00013310387,0.0033021648,0.00080537883,0.081418574,0.01911803,0.016446996,0.02544925,0.00016785476,0.9712911,0.37106007,826.4.jpg
0.02675167,0.0041707237,0.014570071,0.002245817,0.027925339,0.3079898,0.31907904,0.07679181,0.0027689014,0.8250602,0.55273336,827.1.jpg
0.044299718,0.0091229,0.12397644,0.009879576,0.19887199,0.7137254,0.12795539,0.083643764,0.17397243,0.9613566,0.75939035,827.2.jpg
0.22700961,0.0071586287,0.0074777813,0.00086820836,0.0073264986,0.701503,0.09814921,0.030998386,0.0012495713,0.6435217,0.7742456,827.3.jpg
0.10459402,0.028113447,0.022527494,0.005110986,0.05608208,0.6720339,0.21357815,0.033895567,0.0131186955,0.99557316,0.74086356,827.4.jpg
0.15801746,0.008351082,0.0144927185,0.12680058,0.00057503383,0.0002885173,0.026611103,0.083115205,0.0026418387,0.026028916,0.9605963,828.1.jpg
0.029044138,0.0040270616,0.16745582,0.11891865,0.014195035,0.0041576866,0.025385294,0.25842202,0.0022130853,0.2872671,0.9415287,828.2.jpg
0.019405402,0.00041766043,0.007481856,0.0090969615,0.00019201978,5.1849413e-05,0.044451267,0.18979414,3.2939486e-05,0.0315237,0.8927138,828.3.jpg
0.013339456,0.00093418115,0.0145127075,0.039155394,0.007134765,0.00037924462,0.022042314,0.13076808,0.0037656429,0.1861512,0.6751429,828.4.jpg
0.8769779,0.2984304,0.028211404,0.013694023,0.007937101,0.01316364,0.7962377,0.55042434,0.01471019,0.0024865356,0.08930316,829.1.jpg
0.045880537,0.0072025424,0.10811234,0.00574374,0.008783691,0.00020001842,0.42218626,0.88791925,0.0015893779,0.0005184087,0.018439278,829.2.jpg
0.26539743,0.015627056,0.06822502,0.015830208,0.0021208832,0.00406393,0.16630921,0.16943787,0.003932754,0.00470021,0.049742155,829.3.jpg
0.098987445,0.012177539,0.052591812,0.0140921865,0.0036984328,0.0010745878,0.1250599,0.62239015,0.0049999165,0.0014232574,0.04066251,829.4.jpg
0.00074824184,3.3747456e-05,0.0069097877,0.00066124985,4.8940135e-05,0.0003340874,0.018909696,0.20400251,5.449664e-05,0.0012668605,0.9047997,83.1.jpg
0.001186024,6.0469425e-05,0.007368406,0.00057357154,0.00015471305,0.00038634526,0.020376058,0.13085476,3.153227e-05,0.0019661468,0.883705,83.2.jpg
0.38542652,0.0070938524,0.12523824,0.0032037196,0.00036344383,0.011270053,0.5146154,0.50836086,0.00059849536,0.0013018752,0.9585712,83.3.jpg
0.01708595,0.0011729989,0.021625148,0.0028803346,4.48737e-05,0.0021817537,0.11837338,0.41432336,1.48467625e-05,0.0021729171,0.99507034,83.4.jpg
0.9408579,0.26630345,0.024749994,0.0028656225,0.003937065,0.24659164,0.2521046,0.3333283,0.005248684,0.2023259,0.8396278,830.1.jpg
0.3881228,0.022729024,0.0102609135,0.0072870967,0.006788781,0.23000674,0.31910887,0.3258525,0.002403005,0.68386424,0.9434443,830.2.jpg
0.7404036,0.02856419,0.08156886,0.0014881273,0.029600685,0.21023992,0.66849667,0.4479512,0.010432289,0.048605725,0.6252741,830.3.jpg
0.5025887,0.033163205,0.19880667,0.009685896,0.06572407,0.44965506,0.52597064,0.6871569,0.007403613,0.09048318,0.92544055,830.4.jpg
0.13312536,0.021076556,0.0061430247,0.0032801365,0.0014504292,0.00051044615,0.017827993,0.17230934,0.0005869701,0.0062595927,0.2783896,831.1.jpg
0.17959332,0.019805934,0.028934801,0.11962756,0.002493265,0.000853129,0.019227918,0.433406,0.0009302953,0.027522339,0.8950968,831.2.jpg
0.9949397,0.5483294,0.25317317,0.02250072,0.0018972794,0.12175096,0.45582432,0.14760883,0.0264457,0.006369893,0.293808,831.3.jpg
0.052032024,0.0059163366,0.37792322,0.08658312,0.06753846,0.013755065,0.24878198,0.08240937,0.5679497,0.1397484,0.02258039,831.4.jpg
0.8334313,0.94254583,0.0026326403,0.024502479,0.00018460969,0.0021051953,0.018664423,0.020959152,4.639929e-05,0.0019417632,0.096451804,832.1.jpg
0.00087691494,0.0004341437,0.0011735728,0.0033759607,2.2876136e-05,2.1173767e-06,0.0018400564,0.13464713,9.640792e-06,0.0105891125,0.20453219,832.2.jpg
0.7937707,0.9948191,0.00078007375,0.0017958655,2.2641194e-05,0.00039357465,0.011028233,0.00720757,5.4758684e-06,0.00046596085,0.12917705,832.3.jpg
0.19548807,0.5097404,0.021618329,0.03346524,0.00050734245,0.0016957361,0.012241465,0.2133681,5.440712e-05,0.033757273,0.76012045,832.4.jpg
0.09456735,0.0109256245,0.055448655,0.0068371305,0.0017585518,0.0053857705,0.27489224,0.11623457,0.0004114119,0.046935707,0.9642759,833.1.jpg
0.18196662,0.008854195,0.057737842,0.016393803,0.0019222705,0.06550507,0.3618639,0.19121286,0.0028931415,0.6097971,0.7526196,833.2.jpg
0.10205903,0.00673562,0.0035231067,0.0020630222,0.00022344023,0.00017278726,0.020406839,0.0047233207,1.27164785e-05,0.044691823,0.19746542,833.3.jpg
0.0059603797,0.0004104283,0.0038454235,0.003227888,0.0126984855,0.0033268027,0.052274816,0.10329395,7.678633e-05,0.09504651,0.2973602,833.4.jpg
0.48520398,0.07673514,0.03602359,0.017708723,0.43456706,0.77026445,0.33369613,0.07985414,0.030529892,0.7245971,0.30846527,834.1.jpg
0.81790096,0.054337025,0.049429517,0.009925031,0.102728136,0.5161212,0.178731,0.029911838,0.12348492,0.6598254,0.19434471,834.2.jpg
0.8354638,0.2803694,0.4549151,0.037592668,0.4075199,0.902939,0.23928313,0.030480804,0.2786365,0.64558774,0.29526728,834.3.jpg
0.2893919,0.020339686,0.116020754,0.025823899,0.80731535,0.586052,0.10813249,0.03316746,0.08523002,0.7580236,0.2513129,834.4.jpg
0.010248017,0.0010328921,0.0070277,0.005691638,0.0015300513,0.00034947475,0.00261647,0.06768495,0.0002813492,0.048552442,0.9522358,835.1.jpg
0.10423514,0.009762889,0.036795568,0.2238355,0.012720821,0.006287247,0.057142403,0.54883695,0.0013928025,0.08982786,0.9908137,835.2.jpg
0.031139335,0.0018236319,0.020924386,0.007672294,0.0011380586,0.009145355,0.13377835,0.1086763,0.00061824924,0.075986594,0.9892336,835.3.jpg
0.008804348,0.0037560205,0.33536705,0.034733724,0.004252487,0.008961096,0.09554429,0.35296986,0.00068808725,0.29094052,0.9613873,835.4.jpg
0.27672043,0.03505408,0.32212195,0.08924063,0.0019025003,0.007813877,0.28300193,0.19707538,0.0017390165,0.0831766,0.96237046,836.1.jpg
0.0048484406,0.0006168619,0.09514741,0.05859174,0.001545646,0.00085714937,0.014838381,0.08634237,0.001184166,0.17247505,0.86091876,836.2.jpg
0.61680055,0.23415452,0.10063525,0.022691058,0.006896427,0.019931797,0.32444206,0.22622614,0.021361904,0.26684603,0.9428151,836.3.jpg
0.19357003,0.019932393,0.10176059,0.009925716,0.004937018,0.0031961119,0.07701985,0.27331448,0.0026067968,0.19416507,0.73589295,836.4.jpg
0.9992617,0.9983808,0.0003240028,0.00018884931,2.3185266e-05,0.019970238,0.43971688,0.003826043,6.104162e-05,1.864579e-05,0.24666837,837.1.jpg
0.9734929,0.62895083,0.0003762085,0.0002899855,1.5543734e-05,0.025677936,0.29729688,0.012917159,0.0002677377,6.838204e-05,0.23017651,837.2.jpg
0.99970657,0.9896235,0.0006951029,7.3790696e-05,6.2978097e-07,0.0013724692,0.057728007,0.0013548331,6.346905e-06,1.4764972e-06,0.14346093,837.3.jpg
0.99728715,0.9284566,0.00041238454,0.00029888682,3.1378564e-05,0.016087795,0.7875661,0.015547815,0.00061262347,4.592877e-06,0.044139285,837.4.jpg
0.03792501,0.010488443,0.024325619,0.023965186,0.002610403,0.00022053611,0.13514206,0.43639046,0.00020830809,0.0166439,0.8969423,838.1.jpg
0.042349666,0.0046895323,0.017761339,0.024062693,0.0007828798,4.8849863e-05,0.025496865,0.28310192,1.1743706e-05,0.0062675085,0.9887686,838.2.jpg
0.6317216,0.102427736,0.021082332,0.0036853256,0.00016480908,0.0009888342,0.063993685,0.19889483,4.4589087e-05,0.006397265,0.9651006,838.3.jpg
0.30386004,0.11675831,0.28856865,0.009806658,0.0043510864,0.008442808,0.20895718,0.25330973,0.00010904416,0.00849472,0.96736556,838.4.jpg
0.30363438,0.0055242903,0.05523934,0.058823794,0.0004003568,0.008247939,0.5863839,0.22226174,0.0066915266,0.09445737,0.7866916,84.1.jpg
0.0060219774,0.0010847352,0.3154077,0.040579595,0.013206444,0.008704395,0.1250149,0.13720793,0.005704522,0.18261462,0.40369192,84.2.jpg
0.1610075,0.006947101,0.068016596,0.05863132,0.008417888,0.035985086,0.4053081,0.11148831,0.04825777,0.22612539,0.8290453,84.3.jpg
0.061370026,0.011239022,0.18949652,0.23320802,0.1250921,0.10787387,0.41178152,0.25349236,0.030819042,0.65549594,0.96015674,84.4.jpg
0.0010940952,3.1509906e-05,0.0021975772,0.0023535094,3.271855e-05,4.488795e-05,0.0023670234,0.11937384,1.0002306e-05,0.019513048,0.9051241,840.1.jpg
0.0797599,0.0064656306,0.12428079,0.2331912,0.06118457,0.007134971,0.050486688,0.056777474,0.0059134536,0.71400124,0.8993966,840.2.jpg
0.017150784,0.0006291332,0.006734076,0.04940483,9.307144e-05,2.1340944e-05,0.040773544,0.04117568,0.00013482811,0.08888354,0.6200499,840.3.jpg
0.010976998,0.0016773767,0.068153955,0.16158445,0.005837279,0.00023752112,0.021652812,0.05059105,0.0009960851,0.4672253,0.7456436,840.4.jpg
0.4715564,0.01745213,0.009536455,0.008629232,0.0005505817,0.00077806157,0.407715,0.7927672,0.000113886046,0.002370493,0.9493272,841.1.jpg
0.1235111,0.067121886,0.053629693,0.04988438,0.00625039,0.00822404,0.11406519,0.50650114,0.001217995,0.024852436,0.99040866,841.2.jpg
0.05190681,0.027486334,0.050372005,0.015228492,0.0015354297,0.0057234373,0.09199173,0.1706262,0.00025422935,0.026477221,0.98387384,841.3.jpg
0.008911194,0.00039404992,0.025020193,0.011613525,0.00052387535,0.00017490437,0.014634505,0.067816585,0.0001966542,0.109768614,0.8528765,841.4.jpg
0.010014922,0.0006529892,0.01257009,0.056026623,0.014781879,0.0021640758,0.18152352,0.11211479,0.00044871576,0.10387435,0.9817977,842.1.jpg
0.00039988442,6.177684e-05,0.0031111047,0.0028143493,0.006892816,0.00012781803,0.025604716,0.22562604,0.00010696444,0.033088215,0.91754115,842.2.jpg
0.09175482,0.0042402134,0.0063376,0.0036223237,0.009292336,0.0059310016,0.39815664,0.23813537,0.0016120432,0.03398819,0.68299013,842.3.jpg
0.027887058,0.004076535,0.030772015,0.06279474,0.07328859,0.001345353,0.0674193,0.192446,0.004046705,0.68550175,0.93762976,842.4.jpg
0.2579787,0.12837629,0.14702432,0.08261905,0.30788687,0.105600156,0.6670439,0.930793,0.28625658,0.034875743,0.8433282,843.1.jpg
0.0089353705,0.001470845,0.3347377,0.03277436,0.1160926,0.005872065,0.148262,0.9244077,0.037671924,0.022060573,0.77534235,843.2.jpg
0.36640057,0.14012124,0.6047317,0.11050131,0.14103897,0.26706797,0.87294847,0.9442759,0.46485037,0.10943966,0.42670852,843.3.jpg
0.049602646,0.0072106346,0.3162541,0.01227546,0.06100698,0.05905377,0.5529223,0.900663,0.012564144,0.027036106,0.7202579,843.4.jpg
0.2810956,0.059068967,0.038034152,0.010980121,0.0040955218,0.006809005,0.21827039,0.37744266,0.009675954,0.008053084,0.5509654,844.1.jpg
0.0644498,0.013440611,0.10763709,0.16201772,0.048162658,0.05574421,0.64364374,0.49701315,0.020954696,0.06521143,0.7562351,844.2.jpg
0.10572584,0.0038033735,0.023365645,0.009452451,0.006469945,0.0023086085,0.26760563,0.028612921,0.008103628,0.018438853,0.2391659,844.3.jpg
0.8721572,0.15903896,0.007470678,0.02486286,0.05229861,0.007529742,0.37549886,0.2949506,0.09058417,0.004811533,0.50183487,844.4.jpg
0.21167843,0.016458463,0.4115944,0.06570256,0.026820393,0.018050648,0.24210198,0.79881513,0.07549095,0.05334928,0.41599196,845.1.jpg
0.008975811,0.0005046444,0.030382844,0.019242868,0.0698427,0.0019078774,0.06478564,0.8614402,0.0028974335,0.007044857,0.3354727,845.2.jpg
0.05868997,0.002079961,0.1707837,0.24287134,0.001087519,4.2721225e-05,0.050462473,0.2996793,0.00095878734,0.018396791,0.29186893,845.3.jpg
0.007143249,0.0004975079,0.09229079,0.04723071,0.006573351,0.00044105295,0.04000464,0.38590115,0.00062241737,0.025211697,0.43050072,845.4.jpg
0.0673892,0.004520344,0.33021194,0.0018021076,0.00027832986,0.0010286528,0.042729978,0.1620574,3.6165275e-05,0.015454568,0.977243,846.1.jpg
0.03960733,0.001956272,0.61324394,0.006345157,0.00019247601,0.00032651794,0.1534991,0.3693498,0.00023447986,0.0068799253,0.6088168,846.2.jpg
0.14448741,0.06325342,0.031983722,0.008144565,0.00082878163,0.018716836,0.08553546,0.03098459,0.00082629075,0.029185979,0.7516721,846.3.jpg
0.056616697,0.0010770992,0.07261198,0.0013533481,0.0005376365,0.0005982786,0.12250266,0.069851756,0.00025316337,0.016140942,0.5530981,846.4.jpg
0.06291747,0.06467653,0.22894415,0.23160231,0.23506962,0.031889558,0.186443,0.7925776,0.20358248,0.19944708,0.71669227,847.1.jpg
0.009010089,0.002940593,0.19410579,0.22355127,0.039581962,0.0012743634,0.050659835,0.7676129,0.0071819667,0.0641173,0.37166366,847.2.jpg
0.027962036,0.0074705086,0.15790986,0.054121763,0.009715998,0.015548136,0.16804221,0.46948776,0.055951077,0.08413645,0.7780344,847.3.jpg
0.018082835,0.01967686,0.49440995,0.2427864,0.085713856,0.009070749,0.29434788,0.2914768,0.10973556,0.15195389,0.67040515,847.4.jpg
0.02057249,0.0005237155,0.028832054,0.22771458,0.0015561107,0.0008330787,0.059431475,0.39878318,0.00014745763,0.029111808,0.98195374,848.1.jpg
0.0073248125,0.00018347046,0.026639892,0.0045170384,0.06505691,0.00052283047,0.008486018,0.39783323,0.00012106705,0.31190482,0.98306113,848.2.jpg
0.36063153,0.057170026,0.02823841,0.03419893,0.000686435,0.016436854,0.28121144,0.18255235,4.9818802e-05,0.032300267,0.99150264,848.3.jpg
0.06427681,0.002373954,0.011723649,0.07707388,0.0015406566,0.008349814,0.23575582,0.17544612,0.0001328571,0.016945897,0.99466527,848.4.jpg
0.9997929,0.9996232,0.0009953657,0.0006266208,1.7088154e-05,0.00021883131,0.04227318,0.002505909,3.3648834e-05,8.904911e-07,0.16105138,849.1.jpg
0.97092515,0.44011623,0.2651195,0.019031305,0.0041888165,0.0069961357,0.11564552,0.07100834,0.0035940942,0.00061615097,0.4411343,849.2.jpg
0.99831355,0.9951815,0.015659122,0.0057149394,1.8721068e-05,0.018019345,0.093994305,0.019609632,0.00010104097,4.0711893e-05,0.77238977,849.3.jpg
0.96417004,0.6809092,0.12977846,0.033133894,0.015150617,0.07936265,0.41302165,0.35414124,0.0078113265,0.0016438476,0.83976716,849.4.jpg
0.7085933,0.0015606098,0.0014519236,9.952245e-05,3.7619368e-05,0.03394974,0.106152736,0.40543053,0.00014161362,0.0010435221,0.3333865,85.1.jpg
0.90711325,0.36035806,0.09063754,0.009302372,0.08415986,0.25115055,0.54769266,0.47203758,0.07871244,0.35136157,0.6178785,85.2.jpg
0.9785937,0.941794,0.057975084,0.018384697,0.0016891267,0.5207459,0.784904,0.55826366,0.001994908,0.0041882633,0.97927696,85.3.jpg
0.9331452,0.88642085,0.12779629,0.14127328,0.029634858,0.37315825,0.7231694,0.47498825,0.012540313,0.013245643,0.9056066,85.4.jpg
0.14605668,0.00980296,0.3701541,0.22409138,0.023975579,0.00078547094,0.1499195,0.512158,0.004124252,0.08441136,0.54369795,850.1.jpg
0.005998669,0.0026623532,0.0809514,0.033467807,0.026808312,0.0013327072,0.02650789,0.12779517,0.0028250753,0.36486322,0.57107526,850.2.jpg
0.41128582,0.092533104,0.21996953,0.057823285,0.028696544,0.007981619,0.23429558,0.3387755,0.013576025,0.11969111,0.803161,850.3.jpg
0.087735415,0.019535262,0.33863172,0.15295802,0.10988141,0.022647262,0.35439867,0.256103,0.010472011,0.49669352,0.9503716,850.4.jpg
0.24918114,0.029921692,0.89268905,0.0039565363,0.00018646367,0.0020704356,0.09785953,0.3474023,3.231426e-05,0.0072224685,0.8248106,851.1.jpg
0.08150999,0.03092646,0.5794567,0.0036486466,0.00019869546,0.003582995,0.15805797,0.14251375,6.49924e-05,0.05712558,0.9185944,851.2.jpg
0.70257246,0.26931986,0.22975363,0.04653807,0.014234685,0.06455232,0.38839048,0.52551496,0.005685861,0.08107083,0.9855317,851.3.jpg
0.058826197,0.012472473,0.086316444,0.006029097,0.0008433543,0.00065097224,0.07306459,0.19267337,0.0001402269,0.010044984,0.9827398,851.4.jpg
0.03155656,0.002668044,0.03029173,0.018373383,0.0026284242,0.00049318175,0.057012755,0.07149643,0.011780985,0.023902781,0.26632112,852.1.jpg
0.010887564,0.0005967487,0.009942063,0.012849357,0.014977418,0.00044683064,0.00762704,0.12531307,0.0025777514,0.13492405,0.43697158,852.2.jpg
0.014245072,0.0031732635,0.22737171,0.13141565,0.07163813,0.0129179675,0.24493334,0.21456045,0.014582113,0.2959858,0.9152098,852.3.jpg
0.008616688,0.0010388275,0.14642236,0.13282523,0.05100708,0.0036571452,0.09214702,0.17870599,0.0031970795,0.3446899,0.95880115,852.4.jpg
0.14183868,0.010373163,0.028867159,0.0041517974,0.0011868073,0.0050261407,0.4261533,0.23004903,0.0019160187,0.030527353,0.908985,853.1.jpg
0.018404491,0.0013869618,0.04215799,0.010827663,0.0016960219,0.001657564,0.14526601,0.2271661,0.0002693348,0.101586334,0.9726271,853.2.jpg
0.026689006,0.0019405974,0.037158817,0.0060178344,0.001430188,0.005368516,0.112174675,0.27653623,0.00013519914,0.037551343,0.92305404,853.3.jpg
0.01584018,0.0008362923,0.01177311,0.008860791,0.002810856,0.003770997,0.5342352,0.39129248,6.927149e-05,0.03530452,0.9432325,853.4.jpg
3.1715175e-05,3.0664637e-06,0.0005345084,0.002369787,1.8892712e-06,1.33364465e-05,0.007954232,0.0136515815,4.8190614e-06,0.0004993194,0.26729026,854.1.jpg
0.008941896,0.00166083,0.020803144,0.041790668,0.0122984685,0.0001754258,0.013254321,0.43962342,0.0013677119,0.00642074,0.50894034,854.2.jpg
0.01590604,0.00048775857,0.0042841313,0.02309366,0.00013556241,0.000218934,0.05199349,0.011085707,0.00032395305,0.020822648,0.6500333,854.3.jpg
0.015884344,0.0007548019,0.03471282,0.1266389,0.0026102222,0.0017862711,0.013568332,0.11713873,0.0009013411,0.12000974,0.6948543,854.4.jpg
0.34067404,0.11464012,0.12974268,0.540254,0.041056424,0.016960584,0.09897467,0.55413187,0.054069947,0.025811378,0.26303324,855.1.jpg
0.08639275,0.035380255,0.12509859,0.085085526,0.03507274,0.0010104708,0.016856115,0.28570035,0.011018216,0.010979986,0.02932948,855.2.jpg
0.014014552,0.012350378,0.013086622,0.011149591,0.009465627,6.4286796e-05,0.030488512,0.2088669,6.877507e-05,0.008576135,0.84797126,855.3.jpg
0.0035689364,0.00056663697,0.061219584,0.033642802,0.012277484,0.00033640358,0.0691046,0.14605357,0.002071624,0.011798991,0.49841622,855.4.jpg
0.8334994,0.06704647,0.009663839,0.0008103313,0.003700146,0.00019653294,0.14172892,0.9247489,0.00053997297,0.0007968188,0.9049543,856.1.jpg
0.3015649,0.04009725,0.21876076,0.07245558,0.1191689,0.033854615,0.5294566,0.8816379,0.012036359,0.020600805,0.9479544,856.2.jpg
0.60292894,0.10493518,0.061520956,0.016312407,0.013107681,0.012524682,0.60091585,0.9421105,0.01231134,0.0052804844,0.35184002,856.3.jpg
0.06682221,0.007979981,0.0060241614,0.0012147154,0.047235075,0.038530916,0.09920045,0.12044911,0.002909856,0.96679604,0.3173191,856.4.jpg
0.06535506,0.0020619603,0.029876895,0.004388164,0.00036827265,0.0015247574,0.119201176,0.3881678,0.0009490833,0.0086039845,0.9201402,857.1.jpg
0.059372388,0.012150059,0.33719853,0.0608023,0.07249398,0.005738484,0.20050459,0.2842383,0.0057227043,0.07684786,0.9640951,857.2.jpg
0.019454261,0.0028347622,0.020475755,0.013627481,0.0016389193,0.00027316975,0.01638766,0.04303124,0.0040939506,0.03529672,0.4031892,857.3.jpg
0.1426522,0.0037850365,0.029585589,0.0038553213,0.0032982153,0.00018045954,0.0077131786,0.20810358,0.0017345572,0.019749157,0.7840979,857.4.jpg
0.0072537037,0.00032118565,0.016616218,0.0006099932,8.7454864e-05,0.0014058154,0.34126306,0.40516737,1.5889575e-05,0.00513144,0.99422413,858.1.jpg
0.011952558,0.004739791,0.3100812,0.010327431,0.012144149,0.009229938,0.15803875,0.4768795,0.00075433665,0.20172499,0.9870515,858.2.jpg
0.26974323,0.18080337,0.27563366,0.032010227,0.02700754,0.016155131,0.56122845,0.39688593,0.010186384,0.22011003,0.97306156,858.3.jpg
0.27810523,0.034727227,0.529429,0.003468033,0.013582228,0.1796467,0.93339205,0.82268804,0.0022783764,0.002902702,0.9884936,858.4.jpg
0.0008041013,0.00014734702,0.006645962,0.0030038846,7.929842e-05,2.5214717e-05,0.033916645,0.06394106,3.0010284e-05,0.009663305,0.39516324,859.1.jpg
0.00029445026,4.8893584e-05,0.011026969,0.0074451617,0.01624902,0.0001218035,0.003117125,0.109284095,0.0003900671,0.08646604,0.36316988,859.2.jpg
0.0029426727,0.00015888296,0.01479232,0.004342351,8.916345e-05,0.00030349725,0.16237955,0.2343476,0.00010612574,0.015274541,0.743394,859.3.jpg
0.00538586,0.00068100134,0.085284255,0.13962546,0.008765567,0.0013068944,0.0813347,0.08192536,0.006581691,0.43974772,0.73658335,859.4.jpg
0.4452543,0.086049475,0.05187435,0.027127407,0.025528315,0.0057508457,0.5292417,0.75276953,0.006530164,0.014372686,0.8537401,86.1.jpg
0.13706769,0.005261691,0.11367148,0.05492406,0.045867182,0.0019984562,0.18153603,0.36160383,0.008977242,0.09067997,0.69205946,86.2.jpg
0.25483555,0.008403615,0.035533536,0.009345625,0.0041636415,0.022459,0.6629324,0.6939141,0.00067317765,0.028290706,0.9836676,86.3.jpg
0.2414014,0.07924713,0.29044765,0.14384781,0.07723734,0.06376868,0.33603263,0.50416774,0.016422417,0.6436204,0.974919,86.4.jpg
0.571759,0.4238147,0.040253725,0.045040447,0.013930346,0.021061286,0.15587397,0.21138127,0.0065038693,0.23398648,0.66772944,860.1.jpg
0.11069394,0.017081082,0.0059896917,0.049041424,0.011677662,0.00044931544,0.02306823,0.3626333,0.002857394,0.16028045,0.78924173,860.2.jpg
0.85391474,0.19784033,0.36315674,0.14811543,0.009315719,0.31008765,0.40521407,0.08539358,0.0502357,0.05746743,0.73780924,860.3.jpg
0.68287116,0.12340084,0.29594678,0.19360857,0.017689118,0.061659355,0.216171,0.08544987,0.023409668,0.053394265,0.6135922,860.4.jpg
0.74042654,0.04563308,0.007723714,0.004246103,0.0006096012,0.02302647,0.33233902,0.077276826,0.004296943,0.27022836,0.6787431,861.1.jpg
0.08900754,0.026296914,0.028992817,0.008477949,0.015103396,0.14335397,0.1485086,0.06391546,0.026656669,0.9717505,0.5157109,861.2.jpg
0.26976883,0.006292612,0.0035828413,0.0011989756,6.209111e-05,0.0012844127,0.03827255,0.019311136,0.00014889469,0.25676593,0.81601286,861.3.jpg
0.13746111,0.028155454,0.014271331,0.012172722,0.005377083,0.03747668,0.112565935,0.10734336,0.0028747045,0.9498031,0.8911553,861.4.jpg
0.07437675,0.0045006177,0.0026186209,0.009898816,0.0023017915,0.08600533,0.2078273,0.067048945,0.0051308656,0.86252016,0.7853587,862.1.jpg
0.25759506,0.022632204,0.0051874113,0.0031119182,0.004035355,0.5121518,0.17406447,0.08708597,0.0041212155,0.94141996,0.92150587,862.2.jpg
0.3183413,0.048142623,0.07333966,0.018954419,0.10457973,0.904231,0.3402665,0.12770095,0.10133707,0.6533521,0.81496006,862.3.jpg
0.072132185,0.012058703,0.018038262,0.0032052943,0.009015567,0.67544574,0.14674869,0.14896916,0.0013531477,0.86779183,0.99484926,862.4.jpg
0.0018159965,0.00019401955,0.00044084428,0.0049511893,0.00023786786,1.7829081e-05,0.0024942434,0.004363498,2.664743e-05,0.4393425,0.15589996,863.1.jpg
0.032087397,0.0042626993,0.0041630263,0.0072046937,0.007081661,0.00066137366,0.008885622,0.013604612,0.00016419172,0.6811571,0.06991878,863.2.jpg
0.056821093,0.00072681264,0.0039366353,0.0042147436,0.07844447,0.017494947,0.13610516,0.01661705,0.0031199744,0.74581516,0.07339777,863.3.jpg
0.009490087,0.00023245467,0.00096754485,0.0037663174,0.0013496263,0.00012625394,0.024047336,0.026718961,6.733132e-05,0.9258354,0.58254373,863.4.jpg
0.99823004,0.80778664,0.02767511,0.0009650693,0.00081883825,0.66893166,0.31137493,0.018924132,0.0023911805,0.0037754532,0.92714536,865.1.jpg
0.9955069,0.5961714,0.1561108,0.0008753272,0.0005512415,0.7946983,0.34070733,0.045095094,0.0011648024,0.004213609,0.77337563,865.2.jpg
0.9989347,0.992547,0.03752357,0.0010305562,0.0005403882,0.24967052,0.4016761,0.017709047,0.0005949892,0.00011278265,0.45080775,865.3.jpg
0.9981046,0.93377346,0.029714912,0.00058159616,0.00012387297,0.41186437,0.1917131,0.013710695,0.0008376174,0.00018729082,0.8484664,865.4.jpg
0.7800935,0.34734613,0.09977361,0.040099844,0.11722843,0.023346186,0.44310966,0.63257664,0.08700267,0.06319713,0.9272097,866.1.jpg
0.19809675,0.068447776,0.209536,0.13051707,0.008213196,0.0050648353,0.28568062,0.43959203,0.0045223073,0.061583966,0.8546665,866.2.jpg
0.44027472,0.0578965,0.22668223,0.13081351,0.010365119,0.0067136027,0.17722636,0.2094515,0.0033097726,0.0043249736,0.15237515,866.3.jpg
0.031080047,0.00042585918,0.15661313,0.024348397,0.0012088226,0.00048162034,0.3951427,0.23933499,0.00022518798,0.0004859396,0.12293469,866.4.jpg
0.9972295,0.846002,0.018644735,0.0070244856,0.0014332647,0.022928767,0.2614853,0.09065361,0.0045929872,0.00042235522,0.2720862,867.1.jpg
0.9966704,0.9793804,0.02574903,0.0031113592,0.0004232258,0.23453636,0.3527785,0.047244806,0.0077013,0.0002854741,0.24086684,867.2.jpg
0.58430696,0.14552478,0.048495222,0.15752324,0.013878768,0.0025834711,0.05787147,0.3591964,0.0016302507,0.03147131,0.37558538,867.3.jpg
0.9944635,0.9702691,0.015896073,0.009001285,0.001150724,0.025016472,0.1256043,0.11120496,0.002989935,0.002352522,0.22781749,867.4.jpg
0.48672634,0.19339608,0.03621821,0.2121329,0.010969774,0.0048572766,0.18248938,0.14049542,0.0039261896,0.10103397,0.60666853,868.1.jpg
0.083139986,0.025543094,0.021575375,0.021816688,0.0007937582,0.00027444054,0.016717859,0.15019502,0.0005028791,0.017963752,0.56965023,868.2.jpg
0.12991558,0.019192237,0.06448745,0.2947842,0.0035101688,0.0062128874,0.15574044,0.10513132,0.00034114067,0.0432293,0.88114345,868.3.jpg
0.04976798,0.0021529663,0.059384454,0.15029836,0.002232316,0.05424102,0.15749271,0.045490388,0.007150408,0.24895856,0.49918807,868.4.jpg
0.5676392,0.035218038,0.63102853,0.026118781,0.010483584,0.035138,0.23037887,0.9425492,0.008880915,0.005499801,0.7654437,869.1.jpg
0.040002845,0.0009112795,0.018480403,0.0020025736,0.10149829,0.0004990011,0.08091765,0.95069087,0.004100811,0.008406592,0.54571766,869.2.jpg
0.30266777,0.035882544,0.07901115,0.014835119,0.0031213735,0.019113999,0.6795118,0.6475297,0.0022815827,0.008852436,0.8134809,869.3.jpg
0.21722174,0.052006382,0.121152796,0.022647452,0.105170205,0.057762343,0.7794766,0.8203745,0.049618572,0.08891042,0.45669666,869.4.jpg
0.0343264,0.0012828368,0.10564517,0.033932716,0.000719725,0.0038528813,0.11544283,0.27921444,0.0056781694,0.061328467,0.9833242,87.1.jpg
0.10608285,0.004204747,0.0901267,0.018568529,0.0039197654,0.03943915,0.5120768,0.29764515,0.009168448,0.057868022,0.98472285,87.2.jpg
0.033827767,0.0014316092,0.06018359,0.05326177,0.003236969,0.0013794603,0.12143045,0.23505439,0.0020498987,0.109436855,0.8929834,87.3.jpg
0.17686823,0.0764268,0.61327463,0.26823634,0.26358834,0.11766288,0.57125366,0.2914339,0.25737318,0.5119309,0.9165241,87.4.jpg
0.0016190076,3.1730026e-05,0.0010167655,0.011062371,0.0034737678,0.000197568,0.01170915,0.006411703,0.00041238786,0.93241006,0.28580388,870.1.jpg
0.027723163,0.00035289448,0.0029733924,0.0055834055,0.0015410263,0.0019309242,0.068696916,0.0066702426,0.006522076,0.34450203,0.2282632,870.2.jpg
0.0287686,0.00079107645,0.012108603,0.007319174,0.0983498,0.0018814265,0.06557086,0.031770486,0.011094268,0.9627827,0.21643181,870.3.jpg
0.053951565,0.001977186,0.016470872,0.0049471455,0.010286097,0.0006169733,0.018137816,0.015777985,0.0027220761,0.95395285,0.12779948,870.4.jpg
0.10526039,0.0016522668,0.010465071,0.0020993813,0.0010272553,0.0007107625,0.09579991,0.08195438,0.0027852496,0.09267606,0.318752,871.1.jpg
0.0640346,0.0020295987,0.027625829,0.0052020783,0.10730943,0.0029053753,0.048695464,0.43859428,0.018665902,0.13114753,0.477764,871.2.jpg
0.036967665,0.0004984748,0.024301885,0.009760311,0.0041889893,0.0016453579,0.24449147,0.07648868,0.016385978,0.19990939,0.06411417,871.3.jpg
0.1799872,0.007901686,0.078811534,0.05949096,0.09794207,0.032459453,0.2833464,0.18215348,0.122932285,0.69564646,0.17879154,871.4.jpg
0.047852654,0.00055814843,0.0045324145,0.0013551377,0.00064513134,0.00027220236,0.30667225,0.44248772,2.098882e-05,0.0013991885,0.83353305,872.1.jpg
0.0009241707,2.0630268e-05,0.00096075056,0.0012555274,0.0002151711,9.94351e-07,0.020699307,0.21786343,1.2564625e-05,0.0027874291,0.44109932,872.2.jpg
0.91458726,0.66240644,0.121308096,0.031011783,0.018669022,0.061139625,0.6645191,0.5519661,0.049306136,0.014242549,0.6438415,872.3.jpg
0.29820785,0.1739795,0.07054029,0.019428376,0.002120518,0.004230717,0.33629125,0.4798159,0.0020667412,0.010338544,0.8418021,872.4.jpg
0.08262252,0.00048271308,0.000919135,0.0020999557,0.00021823333,0.0026759184,0.04141283,0.019662717,0.00011665698,0.6898423,0.74137074,873.1.jpg
0.007061732,0.00087925675,0.0018035054,0.0015092023,0.0037539976,0.006269766,0.013260821,0.013340969,0.00019102852,0.98469996,0.3312231,873.2.jpg
0.071974814,0.0020779644,0.0010218074,0.00018567841,1.3074608e-05,6.0570426e-05,0.00502622,0.004931045,6.6983695e-05,0.008505028,0.35491052,873.3.jpg
0.00043272076,3.0290244e-05,0.0005334485,0.0006561073,0.00044164978,1.27583135e-05,0.0011344294,0.0021669609,2.1350714e-05,0.30958855,0.16361696,873.4.jpg
0.020593768,0.00036611964,0.24665238,0.008257715,0.23808825,0.14537652,0.07702427,0.029843511,0.058950335,0.73821795,0.39690164,874.1.jpg
0.04208758,0.0011921751,0.10053116,0.0066806357,0.19264312,0.2540059,0.13940008,0.015688702,0.039035503,0.9839035,0.45164877,874.2.jpg
0.78440255,0.28344366,0.01129535,0.014512435,0.05080113,0.009932536,0.46318662,0.42769188,0.029133288,0.024279103,0.69308686,874.3.jpg
0.025785163,0.001977073,0.17175531,0.04827902,0.057726957,0.0033355164,0.048842613,0.357319,0.0054379804,0.3272579,0.7131793,874.4.jpg
0.102808595,0.009576214,0.05006635,0.0152703095,0.00022974405,0.0015147013,0.20631325,0.21294792,0.0010627421,0.048356146,0.947021,875.1.jpg
0.034050807,0.0015571773,0.029004402,0.009553501,0.013616352,0.00063913106,0.03633046,0.5914689,0.001951041,0.053764824,0.90276897,875.2.jpg
0.76617354,0.15880007,0.14283878,0.0656734,0.0011186049,0.0061345645,0.49562922,0.57855755,0.0013197435,0.046586834,0.88495183,875.3.jpg
0.087055914,0.011407025,0.043417793,0.10379501,0.015093072,0.004303648,0.1731619,0.5578732,0.0002418161,0.21878037,0.86195403,875.4.jpg
0.005858503,0.00015281103,0.0011735758,0.003949113,8.458167e-05,0.00052484317,0.13570601,0.108851515,2.8887103e-05,0.0041501517,0.9987336,876.1.jpg
0.010093793,0.0006740007,0.0030099642,0.009150312,0.00015293129,5.7933597e-05,0.011202042,0.37062418,2.4977042e-05,0.004275532,0.98366815,876.2.jpg
0.18125884,0.004952655,0.056366775,0.02621878,0.0022398843,0.38328823,0.10422999,0.05033104,0.0013638344,0.5455653,0.97889894,876.3.jpg
0.0001559147,1.3360379e-06,0.0011565909,0.0003552252,0.00010288988,0.00050269696,0.0051813098,0.07462318,5.859253e-07,0.03593931,0.96389836,876.4.jpg
0.02520037,0.0026663432,0.013141959,0.016500939,0.00089485187,0.00068479206,0.13340998,0.434499,0.00079993455,0.010793992,0.9026164,877.1.jpg
0.007239992,0.0006709453,0.16731499,0.06565944,0.009040737,0.0019913428,0.04193776,0.19701117,0.0004740942,0.39238304,0.7928727,877.2.jpg
0.021367716,0.0018312606,0.06692789,0.046263665,0.009229915,0.004366279,0.3973573,0.4504798,0.003991207,0.0040316735,0.9182452,877.3.jpg
0.058266204,0.0045577167,0.08208897,0.023169437,0.05015235,0.0012510373,0.07343085,0.3769392,0.004618514,0.1836253,0.8646602,877.4.jpg
0.08236479,0.0010767663,0.0012626174,0.0009549228,0.010067308,0.0028118854,0.31807446,0.091992065,0.0006786188,0.2917012,0.30110818,878.1.jpg
0.008909505,0.00012517138,0.00048180288,5.931433e-05,0.1300842,0.0033687842,0.06533863,0.055340834,0.00011789851,0.92575,0.28043863,878.2.jpg
0.3282101,0.026812635,0.049640633,0.004294938,0.05913746,0.7116404,0.24134201,0.074165896,0.007819221,0.955493,0.93180853,878.3.jpg
0.02646577,0.001972776,0.0015363167,0.0005347992,0.04307151,0.1302359,0.127833,0.065919355,0.0030797485,0.9844668,0.81833476,878.4.jpg
0.120322146,0.00082176673,0.012916916,0.0007388424,0.007657906,0.018393291,0.38172624,0.06751173,0.00067560584,0.00611654,0.082505055,879.1.jpg
0.028966315,0.0008776183,0.0034099664,0.0008262391,0.043446377,0.0036906553,0.33587182,0.36973545,0.0010234797,0.074781306,0.060917977,879.2.jpg
0.4942622,0.093826555,0.31583965,0.031264294,0.0031626443,0.023182295,0.24027391,0.01291922,0.0009610628,0.0050180373,0.276497,879.3.jpg
0.5507782,0.010683442,0.28271878,0.014229205,0.008111899,0.08387278,0.195633,0.024042819,0.017681347,0.11239354,0.06714293,879.4.jpg
0.97806567,0.6157373,0.38072616,0.038025208,0.010509164,0.026575912,0.81572646,0.6924309,0.0022325632,0.0022766914,0.87401515,88.1.jpg
0.6725037,0.08719422,0.5634138,0.06803793,0.00748567,0.037904143,0.6749123,0.6995454,0.0038657829,0.0020714547,0.8415602,88.2.jpg
0.9774476,0.87312067,0.11616259,0.02388478,0.012374848,0.097926416,0.50827855,0.27688864,0.0016047065,0.0053200214,0.9892812,88.3.jpg
0.81056243,0.27055517,0.18609174,0.07698392,0.0066435416,0.052204546,0.45282868,0.38195565,0.0012795798,0.0039649867,0.97800285,88.4.jpg
0.035911597,0.009251788,0.1509737,0.036912464,0.0028505002,0.00078812055,0.010057992,0.06690824,0.0012260567,0.016246697,0.2196622,881.1.jpg
0.10725279,0.004782041,0.023167426,0.00064944994,0.00063588633,0.00019587687,0.052413993,0.46661913,0.0014027369,0.00081526267,0.026350336,881.2.jpg
0.035052862,0.0073756566,0.05586603,0.010835909,0.0005266174,0.0015334674,0.0648933,0.094652936,0.006980332,0.001366956,0.1708826,881.3.jpg
0.040370785,0.013429411,0.0058488017,0.0017886176,0.032977726,0.00031371933,0.04041585,0.29332194,0.0012939619,0.0026216877,0.20248252,881.4.jpg
0.00016075751,0.00014398117,0.009016346,0.046580978,0.00033114222,8.866186e-06,0.0021772438,0.07210139,0.0013711583,0.026696164,0.21885456,882.1.jpg
0.00038863014,5.220097e-05,0.04110704,0.044025935,0.0038943635,8.7816974e-05,0.00084310136,0.005191264,0.0012480762,0.41192356,0.061032403,882.2.jpg
0.025132716,0.0014337574,0.10527528,0.0109801525,0.0010528509,0.0008253397,0.09909636,0.051435564,0.0029799077,0.25932556,0.5529736,882.3.jpg
6.133464e-05,8.533998e-06,0.007863419,0.0010350646,0.00013593001,8.785578e-06,0.0072541162,0.0040518898,3.84252e-05,0.0805489,0.1318782,882.4.jpg
0.1435193,0.0084777,0.40307125,0.032517847,0.006700939,0.0007479816,0.3635952,0.6437908,0.0022120283,0.013661788,0.7490075,883.1.jpg
0.00015851858,0.00012444601,0.49991375,0.01103322,0.008634416,3.622029e-05,0.01698215,0.10399012,0.0002267269,0.03413037,0.56402785,883.2.jpg
0.38561717,0.0283437,0.00094163313,0.003008914,0.00048074886,1.3056418e-05,0.1365887,0.6402981,0.00017099617,0.0014502702,0.077195585,883.3.jpg
0.13238701,0.02019691,0.10684548,0.015822966,0.012299071,0.034485105,0.38797307,0.42103192,0.0053787204,0.087884106,0.9616043,883.4.jpg
0.0022154283,0.00046589714,0.0017842344,0.008971605,0.00011522219,0.00045339225,0.07604933,0.1279682,5.887512e-06,0.025168732,0.9945258,884.1.jpg
0.107541524,0.019052736,0.07508998,0.03442935,0.006485704,0.020650864,0.3227008,0.26097605,0.0008156446,0.2846058,0.99509084,884.2.jpg
0.23507974,0.051275186,0.2044872,0.03068697,0.00033397757,0.012490441,0.4092507,0.2719687,0.00024560167,0.00653675,0.985592,884.3.jpg
0.02255766,0.009750637,0.3010677,0.16956837,0.008835679,0.007064735,0.06271535,0.082632095,0.0039399765,0.4222772,0.97463834,884.4.jpg
0.7656494,0.010752191,0.00359738,0.00084464997,0.0037454562,0.28033108,0.80869853,0.16152012,0.02137142,0.1508925,0.77583784,885.1.jpg
0.005332997,0.00039676597,0.008375823,0.00063728326,0.057396915,0.05099479,0.04261329,0.14215767,8.959326e-05,0.5608673,0.7686298,885.2.jpg
0.3358284,0.017303094,0.006261037,0.00053102407,0.013513441,0.08029457,0.42228165,0.48946038,0.0007340701,0.6736344,0.82761174,885.3.jpg
0.042390645,0.005357538,0.0038882794,0.002307988,0.027365368,0.3386049,0.4590075,0.16749439,0.00079950516,0.96861255,0.9391589,885.4.jpg
0.86385286,0.09712861,0.03636627,0.009741379,0.012244044,0.009583972,0.4549836,0.74370533,0.0067466507,0.0007744307,0.9182083,887.1.jpg
0.5197364,0.0827095,0.36694834,0.021503702,0.014304237,0.039914757,0.23794273,0.6876588,0.0032308549,0.043252707,0.91917825,887.2.jpg
0.8847311,0.24343295,0.09740278,0.029158752,0.07706398,0.054241057,0.7875596,0.70952517,0.026099727,0.0175818,0.7650887,887.3.jpg
0.3554292,0.093531005,0.094568506,0.01776251,0.022112807,0.028510526,0.5991098,0.7974999,0.007624334,0.0055217575,0.7348127,887.4.jpg
0.27130687,0.059118763,0.02544907,0.017224897,0.0008978893,0.003329389,0.5599848,0.35067537,0.008249179,0.03610553,0.14796317,888.1.jpg
0.015794268,0.002363846,0.014227406,0.0037744842,0.001179815,0.00010544113,0.060691077,0.105196215,0.0029112175,0.023296552,0.023132358,888.2.jpg
0.103817575,0.025715768,0.046338223,0.009141168,0.0016822561,0.0026515685,0.11457746,0.030294,0.0009202444,0.04180955,0.27233154,888.3.jpg
0.0293076,0.0006029699,0.14032622,0.009191278,0.0011497046,0.0025589908,0.17761864,0.09859832,0.0011673811,0.021924505,0.21238732,888.4.jpg
0.00086361193,0.00027113728,0.0060411226,0.0014290137,0.0022217266,0.00026780178,0.03968075,0.11336105,0.0005978973,0.008123464,0.9409822,889.1.jpg
0.014496466,0.002105064,0.14809619,0.009305448,0.029607506,0.0016134176,0.11146343,0.3078573,0.0010712352,0.029699482,0.90894943,889.2.jpg
0.3881505,0.0071107587,0.031138254,0.0023877444,0.00017955707,0.0014477837,0.26460108,0.23584498,0.003228413,0.0035741515,0.38353136,889.3.jpg
0.005435376,0.00019495825,0.032338005,0.02136779,0.0038497602,0.00065145385,0.041440852,0.123169854,0.00979213,0.02349983,0.39913124,889.4.jpg
0.49298435,0.02611319,0.029342141,0.045063227,0.01765225,0.0019335359,0.25161207,0.65542644,0.02483104,0.0053422656,0.1537602,89.1.jpg
0.6076433,0.005381389,0.2962666,0.05351873,0.11297954,0.0014175369,0.042243537,0.8447303,0.0045223073,0.0047476753,0.21330668,89.2.jpg
0.86301804,0.12377766,0.02999131,0.0045943717,0.0013262306,0.002191813,0.29309922,0.72523963,0.00836978,0.0009421222,0.3530338,89.3.jpg
0.019009877,0.0040278016,0.22471796,0.08271111,0.079234935,0.019450517,0.21311212,0.12909901,0.5094928,0.08892943,0.19153957,89.4.jpg
0.9994392,0.99434257,0.0010495431,0.0015929883,2.688369e-05,0.0002812913,0.16902547,0.0050834944,0.00051893527,1.7095467e-06,0.119696796,890.1.jpg
0.9986915,0.68174404,0.00043638263,0.0015142434,3.918906e-05,0.00029604853,0.37303033,0.026248524,0.0010535371,1.3059504e-06,0.066030204,890.2.jpg
0.9998704,0.99971706,0.00030489368,0.00021250425,4.0936843e-06,0.003061041,0.24057046,0.0015244787,9.71392e-05,3.5703374e-07,0.035126854,890.3.jpg
0.9962681,0.97078866,0.0069527444,0.0222242,0.0014374905,0.011568281,0.44201073,0.019787688,0.050231945,1.806782e-05,0.03569369,890.4.jpg
0.71942925,0.11673269,0.12385781,0.01313168,0.09931799,0.008876354,0.40132797,0.85614043,0.0078418525,0.0062026563,0.6828656,891.1.jpg
0.3069627,0.091340154,0.46506366,0.03157178,0.02797645,0.0017365789,0.08727152,0.2574386,0.0030166626,0.11740174,0.83742565,891.2.jpg
0.18292914,0.2143904,0.21193552,0.24608548,0.49187058,0.036159974,0.74094415,0.9302811,0.14812578,0.03431193,0.8207514,891.3.jpg
0.51348627,0.010735745,0.15715991,0.0062201046,0.034655,0.0007898272,0.540229,0.7912627,0.0010045072,0.0021405902,0.69852203,891.4.jpg
0.6343427,0.11072236,0.36311033,0.13057745,0.053098414,0.08768538,0.54679674,0.25213742,0.06535274,0.25764468,0.79248047,892.1.jpg
0.41099724,0.049511544,0.13752344,0.036900934,0.01151947,0.062395524,0.36164865,0.19661991,0.039369285,0.085613556,0.9413444,892.2.jpg
0.7856996,0.09315093,0.06164107,0.018233852,0.004405813,0.63301843,0.7831356,0.41168788,0.015885975,0.028782848,0.9751422,892.3.jpg
0.13150127,0.01101621,0.12625629,0.03661117,0.00408766,0.022466855,0.20942941,0.2174123,0.0019982585,0.11612919,0.9617582,892.4.jpg
0.12144653,0.036369387,0.29759052,0.115796104,0.0025165358,0.008610853,0.48310098,0.502994,0.008686367,0.16746384,0.88997895,893.1.jpg
0.107950136,0.029901547,0.6319797,0.12501012,0.009920998,0.009784606,0.1253082,0.07919407,0.006022254,0.24657431,0.86095506,893.2.jpg
0.00733407,0.0003572515,0.000636891,0.004121844,4.6632707e-05,1.0128841e-06,0.00087528885,0.067913055,5.2447913e-06,0.02903312,0.7241782,893.3.jpg
0.012560667,0.0024281426,0.11002469,0.04481023,0.0010570273,0.0007295426,0.020772606,0.2091794,0.0018555624,0.2856514,0.7938439,893.4.jpg
0.9998253,0.88088715,0.00316009,0.00058550143,5.379792e-06,0.018802699,0.41779938,0.007007202,0.00023912147,8.4496045e-05,0.5968826,894.1.jpg
0.8738986,0.20038442,0.03859808,0.0012106276,0.00036193026,0.33008084,0.3833696,0.04045578,0.0006534493,0.0020998828,0.68410444,894.2.jpg
0.94517875,0.21849498,0.48543063,0.034926217,0.0073860814,0.51108676,0.7507661,0.08693434,0.0066114827,0.009983641,0.44351494,894.3.jpg
0.99894994,0.7762159,0.019467354,0.0010162411,1.3123404e-05,0.051828492,0.17280303,0.003048561,9.557318e-05,5.78075e-05,0.36537096,894.4.jpg
0.99103534,0.8898703,0.12260525,0.0021189698,0.0004404916,0.6411837,0.26412278,0.044325866,0.0013862876,0.012195734,0.889009,895.1.jpg
0.7668681,0.40940633,0.041456334,0.004680185,0.002760821,0.23143046,0.18631424,0.15992665,0.0026701423,0.37097678,0.85399455,895.2.jpg
0.15996426,0.01333032,0.058050945,0.014461554,0.0019005057,0.1354036,0.3026643,0.36325693,0.00088210654,0.52195084,0.9966798,895.3.jpg
0.025681918,0.003922296,0.019891607,0.05993857,0.005552981,0.13292946,0.39706537,0.28114218,0.0008668436,0.61055064,0.9960473,895.4.jpg
0.26147395,0.035398044,0.1579475,0.025645565,0.0032676961,0.28570914,0.76696604,0.6165744,0.0020738442,0.090473846,0.98754174,896.1.jpg
0.045584854,0.01902293,0.21519281,0.043014117,0.016685877,0.22629224,0.5457793,0.67522186,0.0043469653,0.18825307,0.99473095,896.2.jpg
0.24191014,0.030658238,0.027754007,0.0034564442,0.00611412,0.040877104,0.56748074,0.92936414,0.0009475793,0.18242489,0.98826444,896.3.jpg
0.060952097,0.0018726421,0.21847242,0.0030790195,0.007031411,0.014875154,0.114678204,0.49880385,0.00054827775,0.03618802,0.9788688,896.4.jpg
0.45971322,0.036605205,0.017142458,0.008454053,0.009334837,0.09489936,0.030341411,0.026658768,0.00067691517,0.19038361,0.26168072,897.1.jpg
0.0008147427,6.7589346e-05,0.00026954134,0.0010751053,0.013381071,0.0007610803,0.0019003367,0.03053764,2.9396637e-05,0.9091239,0.11878586,897.2.jpg
0.19850583,0.0023303484,0.0004539737,0.0007294231,0.00013810059,0.0003349153,0.008620237,0.026831852,0.00010311863,0.16939287,0.16175035,897.3.jpg
0.0113620525,0.0011267709,0.001163515,0.0035842052,0.035970993,0.016539063,0.020845259,0.054515615,0.0004018308,0.84206176,0.10527124,897.4.jpg
0.07932526,0.012810367,0.0064054476,0.0023229094,0.00019343953,0.0009272895,0.20565917,0.38807654,7.4084084e-05,0.0032448638,0.98491305,898.1.jpg
0.020953601,0.006780513,0.034803282,0.010583509,0.00041886535,0.005389358,0.06954222,0.4651596,0.0003494701,0.039679874,0.9969355,898.2.jpg
0.008623592,0.0005188697,0.004030161,0.0013969829,8.4841095e-06,0.000106633765,0.018200792,0.011221359,2.099385e-06,0.00033651813,0.9424797,898.3.jpg
0.5071672,0.07143974,0.023139644,0.01453239,0.0026141277,0.0047336835,0.13392648,0.123063795,0.00069930387,0.0044721575,0.8759217,898.4.jpg
0.057754867,0.0033541594,0.012527136,0.0063433535,0.052062143,0.25042993,0.07460229,0.04224162,0.0033768371,0.7390093,0.8847593,899.1.jpg
0.015740655,0.00089784357,0.05348438,0.002949819,0.060431942,0.34843197,0.13287441,0.07563708,0.003464584,0.39402255,0.9171108,899.2.jpg
0.07303508,0.0036959967,0.100843534,0.1156606,0.15532377,0.11442783,0.14635229,0.3675371,0.029951263,0.49150413,0.75864637,899.3.jpg
0.024963409,0.0011096436,0.06293077,0.013209701,0.030702367,0.13988462,0.04305601,0.2058445,0.0007406633,0.9519597,0.92713696,899.4.jpg
0.06354978,0.0014244092,0.057402164,0.12941186,0.0019086093,0.0015294382,0.45351437,0.32251182,0.009183904,0.012121929,0.6361441,9.1.jpg
0.005120208,0.0010349957,0.12158587,0.14377089,0.031849336,0.004137456,0.19702418,0.43442026,0.012257239,0.10409691,0.7507029,9.2.jpg
0.0062734834,0.00024136234,0.03432627,0.13194127,0.0039482485,0.0004893904,0.06540465,0.018333383,0.019451432,0.036112994,0.31969932,9.3.jpg
0.021081565,0.0035485143,0.23632614,0.187749,0.022603022,0.012199758,0.1843248,0.35350138,0.026566219,0.36961988,0.9009253,9.4.jpg
0.0043414687,0.00087519415,0.0022496595,0.001935575,0.032512937,0.0015109897,0.05596713,0.020013208,0.00013571398,0.155308,0.041412402,90.1.jpg
0.030675652,0.010649326,0.0035255216,0.00031259315,0.044120725,0.44762757,0.21915841,0.048112154,0.0005540668,0.5190233,0.10359588,90.2.jpg
0.0035322658,0.00083625247,0.0020725036,0.00064259244,0.16294979,0.022613293,0.022274278,0.010006747,0.00012698199,0.79896235,0.0645579,90.3.jpg
0.0153692225,0.00425799,0.021446154,0.001182325,0.5591957,0.22350773,0.074998386,0.023846915,0.0036979725,0.9443488,0.2474918,90.4.jpg
0.0012268032,0.00018486087,0.0015919405,0.0008351416,5.7300207e-05,6.2995796e-06,0.004139769,0.0298274,3.8379352e-05,0.3396092,0.13363118,900.1.jpg
0.002363205,0.00016788967,0.011308218,0.0066213896,0.0060114684,0.0005214161,0.060284693,0.12778763,0.00085464,0.2042283,0.22412151,900.2.jpg
0.017730378,0.0038139308,0.21705729,0.07290935,0.01937226,0.035231262,0.15786748,0.057550736,0.012754588,0.49877653,0.7526907,900.3.jpg
0.012519194,0.00050397095,0.0351595,0.09078658,0.017812336,0.0022536304,0.08845284,0.065659575,0.0012136786,0.6853934,0.34158847,900.4.jpg
0.03076054,0.0040932274,0.024890307,0.00653964,0.0036836818,0.035988573,0.24412695,0.085650034,0.0017452111,0.3674467,0.85095024,901.1.jpg
0.0012773959,0.0002294428,0.022559248,0.015098353,0.073643155,0.02825015,0.19232276,0.14726128,0.00052529335,0.53603655,0.8947588,901.2.jpg
0.0053130016,1.202051e-05,0.00025361683,0.0015956091,0.00010191312,0.0012985935,0.048006196,0.042157464,5.347006e-05,0.023832971,0.95533746,901.3.jpg
0.00066074467,0.00010631364,0.0056256056,0.013817243,0.0076136226,0.0041989624,0.019573662,0.086574994,3.4462308e-05,0.8446156,0.993718,901.4.jpg
0.0015859184,0.0009287251,0.16337436,0.0038018331,0.0014188051,0.00019509885,0.039027616,0.29309747,0.0008049925,0.006117732,0.4692015,902.1.jpg
0.00047384505,0.0004303037,0.5474156,0.014256815,0.020794298,0.0004902056,0.12500334,0.1565869,0.000915633,0.01230041,0.3783981,902.2.jpg
0.04651564,0.0040381597,0.011463554,0.0064540375,0.0002470041,0.0017155347,0.14918682,0.15497161,0.0001625686,0.014455222,0.9390996,902.3.jpg
0.057496034,0.0059600314,0.21040799,0.024603343,0.0051352875,0.0023041319,0.09769238,0.48014668,0.0016482603,0.03175927,0.96832967,902.4.jpg
0.36291692,0.0077343453,0.0059699616,0.0028586877,0.0016179895,0.014864467,0.18468642,0.368059,0.0026484947,0.12669428,0.8890402,903.1.jpg
0.0024537854,0.00016768712,0.017193897,0.006244221,0.06395885,0.00709223,0.029868092,0.15592912,0.0003875833,0.9268024,0.84922636,903.2.jpg
0.035961356,0.00018273787,0.1085818,0.04865476,0.009418416,0.028920902,0.28462502,0.038099453,0.0011822478,0.2928975,0.9687864,903.3.jpg
0.004535318,0.000271631,0.096236005,0.12217583,0.006664103,0.030087894,0.27630532,0.1186476,0.0004742004,0.5639113,0.99338704,903.4.jpg
0.009481126,0.000210388,2.0552152e-05,4.369002e-05,0.0012244182,0.00010006324,0.07331912,0.00765206,1.6901029e-05,0.9715343,0.0037033432,904.1.jpg
0.07130043,0.0053597307,0.032662403,0.010172044,0.009442821,0.0028349266,0.044744484,0.035416774,0.0035399124,0.99535614,0.5085406,904.2.jpg
0.48675856,0.0076517127,0.10447572,0.059969798,0.36965942,0.26749876,0.1528576,0.03829165,0.21538764,0.44182175,0.52484334,904.3.jpg
0.0905271,0.00028872504,0.12745687,0.09332099,0.14411263,0.07165296,0.29583448,0.030203998,0.29718342,0.146839,0.4592465,904.4.jpg
0.002400544,0.00041280323,0.0075200875,0.013196772,0.00053919764,6.945961e-05,0.00066031347,0.23276527,0.0002430664,0.022840844,0.6383504,905.1.jpg
0.0019313563,5.6584366e-05,0.007897748,0.006806523,0.009253353,3.4904286e-05,0.012763676,0.17933306,0.00056162296,0.035889298,0.44257215,905.2.jpg
0.00052339316,0.00037598572,0.0026621518,0.013028067,0.00018885489,1.1195834e-05,0.006810691,0.028876556,0.00010495611,0.017792435,0.115411036,905.3.jpg
0.0015072806,0.0004269024,0.016218932,0.068025984,0.0040485538,1.0082639e-05,0.0023104884,0.055852693,0.0014606125,0.047727797,0.17699249,905.4.jpg
0.09619978,0.004702307,0.006316848,0.009469835,5.7967423e-05,0.0011040748,0.31933758,0.052778553,0.00996087,0.0009738642,0.23273884,906.1.jpg
0.015292605,0.0003567743,0.0029694499,0.029911462,0.0022386026,3.6552326e-05,0.012851722,0.26909694,0.0047615,0.0015141958,0.07293431,906.2.jpg
0.16290244,0.0031334131,0.008399023,0.023244431,0.0012091929,0.001246134,0.16924682,0.16674016,0.014617077,0.022293128,0.35866454,906.3.jpg
0.008387692,0.00025091274,0.009380309,0.01015289,0.0017617095,0.0005383324,0.04209716,0.06078418,0.0406245,0.02137315,0.033343963,906.4.jpg
0.21623425,0.040999085,0.11549524,0.07074415,0.006162666,0.012795614,0.09404501,0.21529089,0.001447863,0.110542186,0.93024945,907.1.jpg
0.023464281,0.0039580683,0.014539438,0.012716714,0.006262488,0.0011714726,0.012322675,0.2322319,0.0016589597,0.65159714,0.9609957,907.2.jpg
0.13677585,0.0017982116,0.0234089,0.0008317291,7.703995e-05,0.029485881,0.13699403,0.0171011,0.0017326929,0.011073023,0.39815286,907.3.jpg
0.0036990002,0.00014036134,0.065597706,0.019219894,0.0074341237,0.0009614483,0.024334151,0.06305932,0.0006276554,0.45689756,0.8388808,907.4.jpg
0.9876638,0.93615055,0.6208705,0.32454765,0.036546376,0.28295964,0.52418077,0.26747,0.18309961,0.04221193,0.837526,908.1.jpg
0.9606667,0.7022596,0.5526891,0.18651645,0.0793638,0.2948756,0.57613873,0.22272542,0.15115458,0.069203995,0.8225816,908.2.jpg
0.9995666,0.99755245,0.03597673,0.0065381597,0.0062471973,0.0057808626,0.0791908,0.028999971,0.0031259744,0.0025695502,0.1897364,908.3.jpg
0.87861484,0.33525488,0.33700022,0.09324642,0.009337015,0.0075387703,0.24764623,0.25778556,0.024969172,0.030702382,0.061712667,908.4.jpg
0.038913615,0.0011602865,0.0042358832,0.0044427384,0.000300494,0.0013734768,0.04175862,0.3549462,2.9636689e-05,0.00095342676,0.9853932,909.1.jpg
0.010924621,0.0010195776,0.010385299,0.007129643,0.0009904093,0.0010460818,0.014175051,0.2621338,0.0009964634,0.0047813244,0.8313272,909.2.jpg
0.21395105,0.0044656806,0.07918776,0.020079518,0.00992289,0.0032632235,0.23561716,0.7396842,0.0031682372,0.008243567,0.9028207,909.3.jpg
0.04343789,0.0020232552,0.017765164,0.050975792,0.0102206785,0.00018541481,0.013506882,0.7042013,0.00043660315,0.07323317,0.80819994,909.4.jpg
0.99839884,0.9797165,0.023033412,0.0038582599,7.257863e-05,0.083908476,0.19610046,0.026788792,0.0004838569,0.00017537932,0.6177894,91.1.jpg
0.9852663,0.8325351,0.0006656239,0.0017452976,7.249473e-05,0.0026916591,0.05385262,0.00928721,7.023987e-05,0.0011056098,0.14133313,91.2.jpg
0.9961344,0.78592306,0.036985364,0.002570011,0.00017378706,0.60391575,0.7914034,0.10151187,0.0019295013,0.00024795925,0.7772671,91.3.jpg
0.9795843,0.54857594,0.39821234,0.08127889,0.003788401,0.29064086,0.8287263,0.10061044,0.09061508,0.015736932,0.73025906,91.4.jpg
0.9992675,0.792002,0.0079175215,0.009212977,3.754747e-05,0.010360292,0.29196665,0.013168355,0.0015742749,9.418271e-05,0.7416451,910.1.jpg
0.09066452,0.005677989,0.060080398,0.0975669,0.0027387594,0.002092201,0.22694802,0.41837516,0.00081101304,0.19757527,0.9741039,910.2.jpg
0.0902438,0.011783205,0.17589681,0.039415285,0.015101771,0.006155731,0.13538244,0.2788761,0.0021785765,0.018183889,0.66767025,910.3.jpg
0.079321235,0.019265093,0.20185249,0.06842578,0.011158262,0.005287693,0.056135632,0.3154976,0.0020415548,0.025700402,0.5711905,910.4.jpg
0.14417753,0.026218936,0.05886354,0.08647969,0.0059452388,0.0004676001,0.12467238,0.40584648,0.0022602256,0.05784099,0.63782483,911.1.jpg
0.009795053,0.0008064498,0.19169441,0.025024567,0.0014482869,3.172331e-05,0.010519026,0.4491378,0.00051591836,0.00542709,0.29072273,911.2.jpg
0.0064721275,0.0017894419,0.015582962,0.004997637,0.0017621708,0.00063012907,0.0065827523,0.2765603,0.003750447,0.0032744326,0.14431943,911.3.jpg
0.002175999,0.0004070534,0.20842308,0.012741097,0.013917848,0.0003119525,0.0054729017,0.1474032,0.0067320503,0.029621266,0.15199713,911.4.jpg
0.6825945,0.11403195,0.10151708,0.0080712205,0.0167001,0.007437488,0.10926069,0.6643774,0.014725141,0.04887521,0.91654587,912.1.jpg
0.021794308,0.002213797,0.08075831,0.030229507,0.010323445,0.0020128605,0.015562484,0.36129755,0.0013047595,0.18507613,0.9765122,912.2.jpg
0.25664595,0.07079905,0.16555205,0.033829186,0.09306094,0.0015359714,0.16057394,0.68672746,0.03996461,0.15293145,0.4196329,912.3.jpg
0.012781365,0.002256886,0.118005805,0.040891677,0.041890822,0.0035757837,0.11187097,0.5387444,0.021791715,0.06610052,0.62066346,912.4.jpg
0.72688,0.18003069,0.07810137,0.0070359334,0.013293105,0.0020882923,0.3189434,0.87686133,0.009291037,0.0091966605,0.41066083,913.1.jpg
0.0437286,0.017390374,0.027016746,0.048592303,0.009953851,8.866126e-05,0.012134937,0.66385233,0.0023009968,0.0118547175,0.2568225,913.2.jpg
0.18603554,0.019416982,0.027763914,0.020470418,0.0066654156,0.0002867141,0.20099135,0.5635042,0.0050276625,0.012135783,0.17014286,913.3.jpg
0.0037507638,0.00040872052,0.024666766,0.04860335,0.012548937,4.929527e-05,0.02919974,0.3682188,0.0023757967,0.0068568806,0.27782843,913.4.jpg
0.99729866,0.95482254,0.03915839,0.0057601184,0.00046813145,0.03104312,0.12346837,0.013016085,0.0011446358,0.0019515918,0.26416326,914.1.jpg
0.7672399,0.12970196,0.0005944935,0.0009095641,0.00011134136,0.0005825779,0.0041766493,0.022238562,0.0007643357,0.007663528,0.26550728,914.2.jpg
0.9991235,0.9983297,0.020783644,0.009126443,0.0024647252,0.023016352,0.076654635,0.028580593,0.00053293136,0.0028306015,0.14544468,914.3.jpg
0.9993412,0.99928516,0.03288915,0.0018981881,0.0012789273,0.14179093,0.42843667,0.15142359,5.6936577e-05,0.00020332537,0.2086187,914.4.jpg
0.70947564,0.017777676,0.058347948,0.033782274,0.013144057,0.21543726,0.77075624,0.076159865,0.07471976,0.41169992,0.7671622,915.1.jpg
0.004219351,0.00096691033,0.029867113,0.00093159033,0.059357293,0.023962999,0.021259928,0.008636221,0.0022467051,0.9736198,0.21660267,915.2.jpg
0.56669277,0.026971646,0.03524272,0.029303256,0.08442135,0.22765096,0.42930862,0.039186597,0.08535472,0.6079876,0.33570018,915.3.jpg
0.11011425,0.0032359587,0.036171366,0.0040016384,0.122986585,0.07012079,0.25768867,0.03615212,0.016126832,0.7644872,0.36990964,915.4.jpg
0.85849714,0.65906507,0.23603876,0.026606016,0.016573861,0.55476433,0.48808253,0.044855617,0.01247114,0.13040353,0.47354773,916.1.jpg
0.8444905,0.60902286,0.40828058,0.0019219788,0.008464463,0.6407917,0.53136456,0.068284154,0.0017357426,0.033054817,0.35725287,916.2.jpg
0.23422627,0.013903164,0.104894385,0.25663885,0.0012127623,0.006059914,0.16844425,0.12335111,0.00084465207,0.12356828,0.9315195,916.3.jpg
0.22625093,0.01591825,0.108129114,0.051859718,0.036921374,0.013329762,0.5112277,0.5207837,0.0019128169,0.06171505,0.98442644,916.4.jpg
0.59182185,0.054423984,0.010312757,0.009614341,0.0016287628,0.0008105267,0.14775237,0.6022341,9.319053e-05,0.005525037,0.948834,917.1.jpg
0.0017485904,6.799806e-05,0.0021739905,0.0014413922,0.0002768655,2.7618426e-05,0.014704525,0.6896072,1.0172113e-06,0.049743418,0.9882486,917.2.jpg
0.9429122,0.30849776,0.08798684,0.006496445,0.00036920983,0.019705879,0.4566713,0.8263365,0.0004392574,0.0024370598,0.9781652,917.3.jpg
0.7098528,0.028405923,0.037246436,0.0024897703,0.00044057937,0.008187174,0.2584184,0.55646664,0.0009949423,0.056855604,0.89645725,917.4.jpg
0.7574945,0.016630631,0.024860084,0.0075911414,0.0013127002,0.004571774,0.11539391,0.3664311,0.00055072946,0.04330348,0.7509786,918.1.jpg
0.029704507,0.0005923412,0.014634931,0.0018696329,0.013410805,0.02648129,0.03220429,0.1992019,0.00063196884,0.14852814,0.78087234,918.2.jpg
0.92990834,0.55405116,0.15719402,0.067682765,0.011927452,0.07119035,0.5036787,0.64044183,0.010220934,0.012429578,0.9419469,918.3.jpg
0.009936582,0.0007114544,0.004325261,0.031546038,0.008743793,0.00025301546,0.0037567697,0.25600278,4.8602007e-05,0.26532838,0.8697169,918.4.jpg
0.87965405,0.6758123,0.031149184,0.04208391,0.00061364763,0.0013265857,0.06298684,0.34441993,0.00073077733,0.024259312,0.9244225,919.1.jpg
0.04972298,0.009337814,0.028393013,0.0066217068,0.0012113618,0.0022322626,0.08400081,0.42061704,0.00016143416,0.020040868,0.8831072,919.2.jpg
0.9929501,0.9871529,0.021045499,0.019504685,7.601058e-05,0.0041521094,0.07128426,0.016683586,6.012592e-05,0.0006086105,0.86173147,919.3.jpg
0.4813408,0.20966408,0.07761506,0.049469765,0.0015373059,0.046678573,0.1549204,0.23364155,0.0014740194,0.16012953,0.9668683,919.4.jpg
0.134138,0.0013832642,0.012447039,0.0008091824,0.0003100581,0.015330328,0.05403313,0.019735467,0.00015838425,0.20191295,0.77492523,92.1.jpg
0.009105705,0.002918514,0.0082676755,0.01301023,0.008288933,0.0068303957,0.023902278,0.030290002,0.00017038744,0.8295985,0.302908,92.2.jpg
0.015007908,0.002448563,0.04513603,0.013058495,0.0010681918,0.0013709115,0.10878543,0.04071481,0.00036683356,0.16681506,0.32898566,92.3.jpg
0.0017620685,0.00025649776,0.0005691422,0.0005660216,0.00020592884,6.176794e-05,0.0048985505,0.060641475,1.5652426e-05,0.23711959,0.7755025,92.4.jpg
0.020560617,0.0066211713,0.1264511,0.10331036,0.0026015625,0.021069111,0.68804586,0.29555538,0.000282498,0.07171785,0.9863274,920.1.jpg
0.048695534,0.03712628,0.6138046,0.06496068,0.12513275,0.103722975,0.3468699,0.33221856,0.00497719,0.83432657,0.97081953,920.2.jpg
0.34703395,0.06699884,0.07160905,0.021541188,0.000925049,0.008234844,0.6866676,0.64335114,0.0002757764,0.06997235,0.99410796,920.3.jpg
0.17243417,0.025081113,0.062328875,0.0243648,0.00065842347,0.005282401,0.15209547,0.52473587,9.311769e-05,0.013182088,0.9932805,920.4.jpg
0.34403622,0.03667041,0.10104049,0.03546666,0.0063586333,0.0011598493,0.20432897,0.56590885,0.002268877,0.026361097,0.7974283,921.1.jpg
0.0151458075,0.0012871872,0.011131038,0.035972696,0.0005628574,6.8612346e-05,0.0041585085,0.15715683,0.00028221856,0.0535657,0.87051135,921.2.jpg
0.15570784,0.037478186,0.029413857,0.01631735,0.004303109,0.00052016386,0.17536582,0.2516214,0.000899305,0.026198553,0.2670616,921.3.jpg
0.20592426,0.01608071,0.0750578,0.035629366,0.001221588,0.0013399388,0.08579881,0.2927946,0.001288426,0.06342403,0.78837794,921.4.jpg
0.08159464,0.0028881594,0.033329234,0.022778539,0.0037987952,0.004694683,0.30484638,0.48457626,0.00017691204,0.07980864,0.9925315,922.1.jpg
0.038010508,0.00080359454,0.20486258,0.005672586,0.0063222023,0.018676916,0.14052328,0.73052263,0.0005622617,0.019733738,0.94597626,922.2.jpg
0.014702908,0.0002170246,0.008092229,0.023046512,1.9464756e-05,0.00039566908,0.19136572,0.059626654,4.7016897e-06,0.011355508,0.9950229,922.3.jpg
0.03654174,0.010031454,0.22389086,0.08510851,0.0275695,0.04064069,0.07840154,0.16260618,0.009854141,0.88667846,0.98241353,922.4.jpg
0.026898509,0.00060697866,0.005232851,0.0051974314,0.0002746785,0.0064787236,0.17238402,0.03375591,0.0006417836,0.85451204,0.9051618,923.1.jpg
0.0006988282,0.00016051444,0.0058125346,0.0021312707,0.0076755877,0.003747387,0.009378288,0.08807268,0.00019745556,0.9906805,0.7414825,923.2.jpg
0.048318822,0.0015517798,0.02668886,0.0023189369,0.008224067,0.034919232,0.20698327,0.10734802,0.0013985963,0.558997,0.5521946,923.3.jpg
0.0017014042,5.07015e-05,0.0038733648,0.00081730844,0.0018704729,0.001988905,0.022374433,0.057039,0.00016406199,0.9836717,0.7896074,923.4.jpg
0.03764841,0.0011423,0.024678929,0.00026442483,0.10603646,0.64862835,0.05400166,0.057617612,0.0041404553,0.7973197,0.74616426,924.1.jpg
0.029236889,0.002345732,0.022692801,0.0006900132,0.16093597,0.62682086,0.044013303,0.08376946,0.011219444,0.94162196,0.83026904,924.2.jpg
0.02925409,0.0041763363,0.014906315,0.009195388,0.0033536141,0.20326336,0.33343896,0.32907292,0.00017044302,0.8790687,0.9935731,924.3.jpg
0.003653363,0.0010726454,0.059477683,0.005969883,0.0040524495,0.15537688,0.109420635,0.06920069,5.21191e-05,0.90191704,0.9897166,924.4.jpg
0.5488765,0.4494195,0.2345263,0.07807976,0.03058147,0.02112183,0.26610157,0.6442718,0.033230737,0.03581817,0.7149319,925.1.jpg
0.11645405,0.1170654,0.07110358,0.013974521,0.013456269,0.0050642104,0.3511157,0.66383994,0.011659615,0.013240434,0.6698256,925.2.jpg
0.61297107,0.23118432,0.004970889,0.0076295966,0.0007033066,0.00010878834,0.080389455,0.8167752,0.000836252,0.0021830685,0.28477895,925.3.jpg
0.07013227,0.006819167,0.01675437,0.014697203,0.0021975292,3.5631234e-05,0.036743987,0.48329327,0.013156253,0.0044768727,0.05530593,925.4.jpg
0.6490664,0.0065812585,0.0020203642,0.001908284,0.0012089647,0.0004934345,0.058670837,0.68072695,0.000121437384,0.0011038366,0.43349937,926.1.jpg
0.6036102,0.41692808,0.0437289,0.080018155,0.03564395,0.035516612,0.29454294,0.49691483,0.009942842,0.044649594,0.69369036,926.2.jpg
0.003494163,0.002711173,0.013465842,0.0065754065,0.010915525,0.0043284018,0.17236234,0.8014256,0.0012478973,0.07127463,0.6760138,926.3.jpg
0.07729512,0.0104722725,0.04831068,0.025475949,0.00444378,0.02278855,0.29789174,0.47298887,0.0010347753,0.058127634,0.97634363,926.4.jpg
0.43362927,0.010866362,0.42987427,0.0125495875,0.0025872975,0.0010537886,0.047644146,0.39327973,0.00013124337,0.037729606,0.25973544,927.1.jpg
0.33551502,0.18666145,0.059541725,0.08584104,0.065071374,0.034062605,0.30345497,0.49688387,0.003426284,0.3870888,0.14068516,927.2.jpg
0.44473937,0.005556864,0.0076824725,0.00017813298,6.595307e-05,0.0023321596,0.025021723,0.35700232,0.00016709528,0.0035906686,0.12851924,927.3.jpg
0.13123292,0.016395241,0.005328282,0.09144095,0.004551505,0.0008067168,0.119381994,0.83103234,0.0031193397,0.015142408,0.08126175,927.4.jpg
0.6180558,0.20889394,0.0046312655,0.0030933688,0.00036946384,0.0075701587,0.27883804,0.35940605,0.00022395594,0.030854307,0.82838815,928.1.jpg
0.011232025,0.0018946977,0.0033410438,0.0035704924,0.015312695,0.07347557,0.11188842,0.18086173,0.0015233075,0.9031779,0.8874163,928.2.jpg
0.11879951,0.028245872,0.016491486,0.002353253,0.01123979,0.031719804,0.23585434,0.22287726,0.0013707515,0.88336176,0.74035704,928.3.jpg
0.018170554,0.0009887094,0.0029655474,0.0009202075,0.009176605,0.008235397,0.086406246,0.19391264,0.0003724413,0.9317051,0.9060961,928.4.jpg
0.2598169,0.027459936,0.039255425,0.018232666,0.0017847201,0.007348397,0.015609756,0.18574564,0.033078384,0.19621667,0.3875623,929.1.jpg
0.00548757,0.0002605382,0.03111288,0.0062151663,0.0023406078,0.001010919,0.0025911261,0.03700852,0.0005477481,0.0728405,0.06496222,929.2.jpg
0.10252366,0.0042179804,0.029469928,0.0093004955,0.02366855,0.04890489,0.17515408,0.027596625,0.006993231,0.75042796,0.32750362,929.3.jpg
0.035528965,0.0015767599,0.003302631,0.006542583,0.0122736925,0.020685079,0.10478469,0.06378785,0.0022405663,0.75421154,0.4584247,929.4.jpg
0.735625,0.05607275,0.02132844,0.013216931,0.00044455114,0.00058026647,0.08327148,0.49185115,0.00024314637,0.0071932054,0.8338364,93.1.jpg
0.017235368,0.00024734347,0.0038411187,0.0034079251,0.0031120023,2.3115368e-05,0.0071373465,0.33736184,3.212425e-05,0.00061061996,0.3272858,93.2.jpg
0.06262527,0.0061727734,0.031992596,0.009542786,0.00045521592,7.468724e-05,0.0022142986,0.10313991,0.0012944771,0.0058113,0.25314048,93.3.jpg
0.016611224,0.002192055,0.16947605,0.012000327,0.004620542,0.00019497071,0.0077621844,0.11072148,0.00078653265,0.016115585,0.12681304,93.4.jpg
0.00909614,0.0011216822,0.013985362,0.010943003,0.00023293434,0.00031049974,0.010942291,0.021720588,0.0010550221,0.043185797,0.17633598,930.1.jpg
0.0020483092,0.00045686477,0.05239576,0.017476415,0.002829011,0.00094227877,0.014814296,0.12034819,0.0012060186,0.06759034,0.29129276,930.2.jpg
0.051277593,0.003194074,0.08140809,0.013765062,0.00082059257,0.0108466735,0.3845886,0.19434609,0.015525737,0.020170322,0.6470899,930.3.jpg
0.21557511,0.021697678,0.12674822,0.05909973,0.04757,0.004076746,0.20069537,0.6363183,0.006755361,0.3500096,0.75373256,930.4.jpg
0.0055339625,5.1432304e-05,0.0007512924,0.00058436,4.8741484e-05,5.5210498e-05,0.1226458,0.2057025,9.4956085e-05,0.004501257,0.71859103,931.1.jpg
0.017880246,0.0030422157,0.06646743,0.024265481,0.004721109,0.00090319716,0.27033216,0.76830393,0.0011942532,0.030392556,0.5699227,931.2.jpg
0.086513884,0.02777113,0.021962129,0.032859847,0.009298036,0.0010794675,0.08221861,0.04422823,0.002494304,0.20205438,0.8231872,931.3.jpg
0.022999872,0.0075239833,0.82371604,0.25818425,0.05109068,0.0010984878,0.08455486,0.2450875,0.011629009,0.12657058,0.77574605,931.4.jpg
0.056253016,0.0059265615,0.028486967,0.0038942895,0.010140917,0.0028883007,0.024571767,0.078498185,0.0013746441,0.16193068,0.7504074,932.1.jpg
0.16789134,0.01976155,0.21185139,0.06743114,0.11909887,0.10282911,0.23655742,0.15924574,0.063614115,0.23786357,0.73921853,932.2.jpg
0.06643066,0.050160144,0.17960575,0.044449788,0.715423,0.36343256,0.19197525,0.334459,0.098666914,0.9114867,0.7567968,932.3.jpg
0.03323522,0.0021330237,0.039458077,0.050611194,0.005986189,0.0048935954,0.19893835,0.034299176,0.0048066676,0.119748056,0.4058148,932.4.jpg
0.03987012,0.007715102,0.06794763,0.015633306,0.0017879887,0.002848689,0.16922154,0.36630228,0.002578578,0.008343662,0.7833049,933.1.jpg
0.021986611,0.0026423023,0.018638898,0.017932696,0.27153713,0.0016991444,0.37762776,0.61295474,0.047700085,0.010329572,0.06500876,933.2.jpg
0.25371528,0.0050883708,0.0011003474,0.00037742415,0.00034646955,0.00020556417,0.10102375,0.7491236,0.000542984,6.668809e-05,0.6693779,933.3.jpg
0.23188657,0.051521778,0.0843861,0.14694634,0.02707511,0.005160928,0.13521296,0.45575202,0.01137218,0.0426228,0.68097633,933.4.jpg
0.67272925,0.3151243,0.020172967,0.005100716,0.0039673354,0.017059512,0.026906803,0.06044866,4.730546e-05,0.008507352,0.22821288,934.1.jpg
8.336906e-05,8.630923e-06,0.00010694579,0.0003881871,0.012828216,1.7731125e-05,0.0006794151,0.012883611,2.8313189e-06,0.5548637,0.04212715,934.2.jpg
0.010085201,0.004692211,0.0157904,0.012833725,0.0024834648,0.00057401427,0.014587849,0.016436893,0.00013023557,0.08453667,0.23535863,934.3.jpg
0.00040297667,8.154996e-05,0.005704433,0.021582242,0.100884095,0.0002247744,0.00078024965,0.007983432,0.0004364224,0.899384,0.15694168,934.4.jpg
0.043396775,0.0015916055,0.025998173,0.0068265307,0.00011840957,0.0003094825,0.07246836,0.35239756,0.0002111742,0.0970486,0.85208863,935.1.jpg
0.010424491,0.0010754102,0.015114217,0.016540568,0.0005493967,0.0028254383,0.010875898,0.11405354,0.00025815555,0.7478954,0.9773701,935.2.jpg
0.017699111,0.00058606674,0.02847612,0.013232301,0.00031000937,0.0017915368,0.04459226,0.11895844,0.000291179,0.12888119,0.89590293,935.3.jpg
0.0057400567,0.00075562415,0.06769931,0.09273633,0.0029271967,0.0039787744,0.040017426,0.07111749,0.0011829118,0.39224735,0.9202046,935.4.jpg
0.99888617,0.99452174,0.0022067481,5.3559115e-06,5.8794376e-07,0.007559244,0.18475673,0.00059732376,1.5437181e-06,1.8568472e-06,0.11693291,936.1.jpg
0.9998542,0.99923074,0.0026269061,4.880093e-05,3.32335e-07,0.00096206454,0.024683783,0.0009354179,4.2218608e-07,7.876219e-07,0.19209953,936.2.jpg
0.99909997,0.99809915,0.001339792,8.962112e-05,2.1466514e-05,0.093402274,0.10181403,0.0012183761,0.000161422,0.00021999364,0.23519886,936.3.jpg
0.99961394,0.9803498,0.00011903981,1.6013961e-06,1.8162902e-07,0.006408359,0.16872208,0.0015692839,1.2244062e-06,2.9142714e-06,0.63665146,936.4.jpg
0.6679191,0.49297214,0.036349237,0.03783893,0.004703702,0.024692332,0.55850494,0.8761653,0.008742462,0.02264807,0.32415846,937.1.jpg
0.043503024,0.035670694,0.034867067,0.031039478,0.044287596,0.0031925696,0.09746411,0.94905597,0.004601956,0.32715374,0.22568017,937.2.jpg
0.96626705,0.97182614,0.045339286,0.015159855,0.005035535,0.18137099,0.41960976,0.6400839,0.010348146,0.046057437,0.57396024,937.3.jpg
0.97656566,0.6820047,0.007019984,0.0007813289,0.00043839833,0.06764547,0.37697557,0.4527894,0.0005724015,0.023482447,0.700593,937.4.jpg
0.011573756,0.00012437186,0.0035060165,0.002302243,0.00015601984,0.0001357844,0.0710379,0.39651906,6.1824394e-05,0.0029391912,0.8919634,938.1.jpg
0.031863395,0.0020213835,0.067790926,0.037923843,0.0025279375,0.0006651835,0.097061746,0.5589344,0.0005724015,0.009738537,0.86329395,938.2.jpg
0.013223967,0.00022655832,0.013508091,0.06376223,0.00045776126,0.001320359,0.16827516,0.049607165,0.0030974122,0.012317518,0.5599724,938.3.jpg
0.00222432,6.925471e-05,0.01256357,0.0036798602,8.961702e-05,1.49485995e-05,0.015990378,0.17897236,7.050541e-05,0.006677608,0.36094865,938.4.jpg
0.011040044,0.0012380943,0.0005558838,0.0003524292,2.1637476e-05,1.5951917e-05,0.006657765,0.011401531,7.5171934e-06,0.08415509,0.05314364,939.1.jpg
0.005469599,7.104203e-05,0.00037886194,0.0002872742,0.0005909402,0.0001454204,0.00065868016,0.013762888,0.00013442808,0.7551288,0.14485921,939.2.jpg
0.0010115834,0.000112422626,0.0031244147,0.027612379,0.00073584344,4.310426e-05,0.0019696513,0.016810754,1.7884717e-05,0.6395205,0.7712375,939.3.jpg
0.017937198,0.0002840179,0.0017849919,0.0062937806,0.005064088,0.004303076,0.008085443,0.018439865,0.000508336,0.53379303,0.7130314,939.4.jpg
0.2970905,0.05973485,0.11927477,0.062282324,0.042680223,0.02543492,0.8895203,0.5784595,0.006076641,0.023461634,0.92378634,94.1.jpg
0.093059875,0.013757937,0.5456262,0.053687844,0.008849408,0.044261448,0.53355265,0.2387905,0.008096238,0.084015876,0.63840216,94.2.jpg
0.4594563,0.25458756,0.08762642,0.087404035,0.0050249533,0.13222678,0.59170336,0.34068656,0.0038866356,0.058965556,0.9764559,94.3.jpg
0.51496243,0.11900185,0.046030674,0.067499235,0.0050820042,0.0194765,0.8469012,0.497378,0.011733233,0.014517011,0.9643885,94.4.jpg
0.621423,0.048782516,0.124996185,0.005853514,0.021152917,0.21362138,0.7715733,0.43827334,0.011413502,0.11281669,0.84249485,940.1.jpg
0.22827466,0.022567706,0.039173942,0.003964034,0.012909531,0.13145354,0.5646323,0.42649314,0.0065543307,0.12988201,0.91392565,940.2.jpg
0.7694323,0.19984075,0.16673218,0.030348131,0.024002863,0.38658527,0.50784266,0.26266745,0.038146805,0.5378359,0.79648495,940.3.jpg
0.26041457,0.106580526,0.23210575,0.026346862,0.34100696,0.8826997,0.33714253,0.21896909,0.28850457,0.96313274,0.91344494,940.4.jpg
0.060833044,0.0065982835,0.038845252,0.01083848,0.0051699723,0.0023187064,0.47538945,0.2164195,0.0016820334,0.027860975,0.9366348,941.1.jpg
0.058845226,0.013242515,0.91802764,0.061064675,0.09886834,0.018250566,0.37991175,0.6752311,0.012634089,0.13238706,0.69277966,941.2.jpg
0.06753677,0.018502034,0.36718097,0.057177868,0.000870883,0.035358056,0.24639224,0.17390019,0.0013360381,0.08822991,0.9805751,941.3.jpg
0.02483604,0.017074103,0.56900615,0.060376815,0.013556766,0.027793393,0.18392941,0.38845247,0.0010361164,0.11645558,0.9870357,941.4.jpg
0.62040514,0.18805647,0.2832699,0.047793116,0.18724665,0.08088754,0.8258984,0.9261304,0.068657055,0.02188178,0.93171126,942.1.jpg
0.5488292,0.05430217,0.2045091,0.061365955,0.053413536,0.008542529,0.3776687,0.88728714,0.0101572955,0.0050014514,0.917515,942.2.jpg
0.7040654,0.22177489,0.28169113,0.012560678,0.04855073,0.37574565,0.87826496,0.6586828,0.03790476,0.08709922,0.985328,942.3.jpg
0.6225225,0.06369501,0.65766287,0.0111065945,0.1296607,0.07729281,0.5629018,0.88503575,0.019078515,0.03473019,0.96322864,942.4.jpg
0.261243,0.019379681,0.00013322652,0.00171019,6.197982e-05,2.8194041e-05,0.23191826,0.118498266,0.00020630973,0.00025943932,0.00404901,943.1.jpg
0.48057073,0.079418205,0.02902304,0.054028008,0.0061167376,0.0014730323,0.2524936,0.12478036,0.044905275,0.002171468,0.02412918,943.2.jpg
0.9362727,0.25117335,0.008858714,0.0026108613,0.00029608354,0.06548041,0.80281687,0.15526171,0.006039625,0.0030978778,0.11294672,943.3.jpg
0.6530044,0.074635066,0.01719325,0.0064246445,0.00061033544,0.005436054,0.5294118,0.036572617,0.0032096852,0.0044164574,0.019167596,943.4.jpg
0.055231653,0.0100188665,0.006032922,0.009489607,8.992176e-05,0.0004927182,0.13558902,0.32838443,1.9483514e-05,0.0146732,0.96006507,944.1.jpg
0.014965449,0.0044379393,0.12425902,0.0091627715,0.000382443,0.0038254634,0.09606244,0.09391874,5.1085633e-05,0.043659773,0.8640055,944.2.jpg
0.050850146,0.09983723,0.030085346,0.009224597,0.00084111973,0.0060859676,0.099126756,0.3517934,3.0884497e-05,0.009899107,0.9718374,944.3.jpg
0.29302517,0.03157641,0.0384918,0.0018538596,2.0354448e-05,0.0076890513,0.14901659,0.14819486,1.5439211e-05,0.0030016706,0.9519825,944.4.jpg
0.22089332,0.007501051,0.0029181007,0.002581885,6.787231e-05,0.00020753671,0.06364987,0.4034695,5.325547e-05,0.00046274404,0.5813668,945.1.jpg
0.20055956,0.018678125,0.05516016,0.028192539,0.002857065,0.0038232557,0.0545805,0.4086276,0.0011261243,0.0067833783,0.89509207,945.2.jpg
0.946257,0.23059721,0.0019293836,0.001465345,0.00026680174,0.0007556327,0.23161666,0.36486155,0.00060817855,0.00028887705,0.4418666,945.3.jpg
0.23910607,0.0067404318,0.14837953,0.003415722,0.0018303981,0.0019185926,0.16635981,0.5579354,0.00053597003,0.0087411525,0.8148352,945.4.jpg
0.0551321,0.0030430402,0.006800314,0.00952536,0.0016144934,0.0005001251,0.054183252,0.079678036,0.0005054084,0.03477677,0.82005674,946.1.jpg
0.10782913,0.0052148025,0.0473947,0.017296325,0.004794596,0.0026028338,0.020434715,0.1369139,0.0013360407,0.41717812,0.77860916,946.2.jpg
0.08901736,0.0014268204,0.051429726,0.005433464,0.0010077677,0.016676892,0.20331532,0.050205585,0.010745087,0.12701266,0.69540554,946.3.jpg
0.031051872,0.003108599,0.1297613,0.02253441,0.0015950106,0.004965703,0.16620792,0.12454222,0.0009843112,0.418374,0.9565905,946.4.jpg
0.0078386,0.00082692824,0.0037617183,0.04623194,0.0048700697,0.00020758856,0.0051126205,0.057496607,0.004436574,0.122219436,0.15151963,947.1.jpg
0.0011145937,1.5134819e-05,0.0003927119,0.0017416575,0.00040692382,2.7506808e-06,0.0017345934,0.032620203,0.00015749542,0.0013001548,0.012284402,947.2.jpg
0.023940746,0.023339935,0.12989418,0.14524628,0.09620707,0.0037448728,0.115864575,0.23736663,0.015388315,0.07736808,0.1038515,947.3.jpg
0.0046976563,0.0012181035,0.09092316,0.092261136,0.0042023915,0.0011998335,0.017633565,0.17574687,0.016771331,0.03415721,0.31194347,947.4.jpg
0.0034093051,7.563114e-05,0.005892764,0.0007357635,2.4348305e-05,2.5045976e-05,0.031688076,0.3306369,2.4432551e-05,0.0017525619,0.90068144,948.1.jpg
0.001986297,9.068695e-05,0.039568827,0.0008485649,0.0010755823,8.198833e-05,0.0070317537,0.2552789,9.187457e-05,0.014081272,0.83268905,948.2.jpg
0.6696458,0.27529702,0.0132984305,0.0012851433,0.0019892259,0.004044849,0.15573485,0.86865175,9.385843e-05,0.0015998993,0.49729908,948.3.jpg
0.18128522,0.059756774,0.64041543,0.15453726,0.0050182375,0.0071789473,0.36200187,0.5013146,0.0041171066,0.01965261,0.86108947,948.4.jpg
0.008969591,0.00034591477,0.001311586,0.001990096,0.0007444318,0.000117824,0.009273094,0.22069426,0.00010201696,0.0014967973,0.87256074,949.1.jpg
0.015315642,0.0007143146,0.010339842,0.002810716,0.0074685,0.0012208959,0.04541844,0.26835436,0.0005008295,0.0077632274,0.8029297,949.2.jpg
0.5167326,0.096417286,0.06654456,0.06607339,0.00050118123,0.0025554225,0.093880154,0.063993245,0.0004181829,0.0029812667,0.79715705,949.3.jpg
0.03701072,0.0063604354,0.054308362,0.03381134,0.006525936,0.02735299,0.050495133,0.36384556,0.0029758387,0.02702907,0.83913606,949.4.jpg
0.026440544,0.0017762167,0.0077557527,0.017857376,0.0071467566,0.00089530845,0.048463985,0.098303914,0.00012486798,0.8354987,0.495542,95.1.jpg
0.030297948,0.005119946,0.0136920465,0.0027395943,0.00856466,0.08268412,0.078373045,0.12968573,0.0008291245,0.9567745,0.4725044,95.2.jpg
0.2683348,0.016825397,0.004848848,0.0004164933,0.0009768421,0.017515866,0.14176403,0.069395855,0.00023048538,0.40564936,0.54158956,95.3.jpg
0.053310253,0.008092995,0.038205553,0.002093963,0.026344363,0.6290829,0.11340432,0.08104068,0.0014270201,0.92410004,0.87563276,95.4.jpg
0.17231719,0.011123822,0.07607411,0.09452914,0.008825984,0.056173246,0.28566763,0.114501365,0.014896187,0.76034963,0.8639847,950.1.jpg
0.078217596,0.004805856,0.06584603,0.018168207,0.013411512,0.024395553,0.48087183,0.48376048,0.007612985,0.39240932,0.9319908,950.2.jpg
0.77873933,0.09873609,0.10442358,0.04808662,0.0049137413,0.07740922,0.3068851,0.027379181,0.0858583,0.598322,0.6400248,950.3.jpg
0.19415478,0.005752245,0.07505886,0.07955624,0.0027153676,0.027097566,0.24031614,0.08065632,0.04732852,0.74778175,0.7732832,950.4.jpg
0.1379927,0.0034143364,0.0059533315,0.00080036954,0.08357542,0.8201222,0.09516389,0.07019674,0.008086338,0.88396776,0.7258681,951.1.jpg
0.017738368,0.0019665745,0.016947413,0.00088015205,0.20384832,0.47082892,0.036956683,0.03334204,0.002887447,0.94781315,0.69535387,951.2.jpg
0.039749164,0.0019758146,0.00065588043,6.0356055e-05,0.24071059,0.7077058,0.14958641,0.026641823,0.0012314438,0.42421013,0.21779998,951.3.jpg
0.022255186,0.0009670855,0.0019321531,9.280044e-05,0.022361716,0.21513042,0.04894233,0.0315998,8.669998e-05,0.9138254,0.5335763,951.4.jpg
0.36596018,0.34015232,0.049713925,0.031139754,0.0068703536,0.004967555,0.12225111,0.76281494,0.003128371,0.059089657,0.7948413,952.1.jpg
0.1547156,0.024345828,0.33904603,0.022731079,0.012615407,0.018312821,0.27796802,0.6441252,0.0012972765,0.15170445,0.88155955,952.2.jpg
0.036607143,0.059495755,0.007104466,0.0012894468,7.6663266e-05,0.0004025804,0.08301729,0.47747096,5.0784747e-06,0.007820782,0.984479,952.3.jpg
0.010526249,0.0061429925,0.18004756,0.0029971886,0.0019384541,0.0063041104,0.12005299,0.6170112,8.917246e-05,0.07807574,0.98399323,952.4.jpg
0.004407733,0.0006378152,0.01988642,0.0026680822,0.00013067096,0.00032802118,0.013681161,0.10326606,0.00084191357,0.0059610605,0.5803062,953.1.jpg
0.0005783373,5.7275352e-05,0.035412464,0.0037032235,0.00021161379,1.9547982e-05,0.0034634527,0.21508607,0.00012817663,0.009209008,0.9103445,953.2.jpg
0.00084498286,0.00018839948,0.0051362407,0.0034774092,0.00032148988,8.358925e-05,0.003108089,0.04543342,0.00013845197,0.0058209915,0.43838403,953.3.jpg
0.00044245733,6.983673e-05,0.025752729,0.010279764,0.0005088579,9.27907e-06,0.00065898313,0.05614023,0.00023436878,0.012366412,0.28450137,953.4.jpg
0.155064,0.015874745,0.23376496,0.2056479,0.044511396,0.029997999,0.8001373,0.18640336,0.0899583,0.04949334,0.1854278,954.1.jpg
0.8979294,0.2932324,0.4729821,0.13373876,0.10018298,0.25290108,0.86859083,0.20853448,0.32875755,0.047804523,0.5287065,954.2.jpg
0.9738831,0.97460324,0.08164816,0.034160018,0.004455637,0.018597335,0.45370853,0.11250627,0.0021404638,0.0024076905,0.48686346,954.3.jpg
0.9988555,0.96454793,0.043578736,0.008582251,0.0008793619,0.059874084,0.8081633,0.053152703,0.009879441,0.00036782352,0.69615823,954.4.jpg
0.5793464,0.019237902,0.041147172,0.02189911,0.0036301923,0.008656203,0.94398874,0.6037208,0.00381829,0.005655731,0.4459345,955.1.jpg
0.037918765,0.0019060929,0.044563808,0.012547361,0.012983969,0.0022330678,0.5782641,0.49027172,0.0015051945,0.0016318208,0.17891192,955.2.jpg
0.0019159109,0.00010270863,0.0006301669,0.0018546926,2.2624856e-05,4.6128275e-06,0.012587349,0.057889294,1.0565372e-05,0.0019921085,0.2740229,955.3.jpg
0.0015878123,0.00012500772,0.014798693,0.0150751835,0.0001246037,4.913668e-05,0.06585576,0.023169227,0.0017081853,0.003388255,0.07340358,955.4.jpg
0.76705104,0.08587331,0.09789382,0.025995104,0.0008893759,0.068406,0.3178739,0.37482053,0.0034236636,0.14284478,0.9414488,956.1.jpg
0.4337,0.04281003,0.054073,0.033634856,0.007300631,0.07270498,0.50679034,0.46872354,0.01964282,0.53204685,0.90646005,956.2.jpg
0.80171365,0.41942134,0.4989624,0.19025245,0.016405504,0.12556379,0.46787128,0.28382656,0.014266463,0.24186686,0.9298619,956.3.jpg
0.29145747,0.041098434,0.036827896,0.04328811,0.0011879196,0.014517612,0.13092498,0.20034058,0.001941145,0.36173528,0.9275878,956.4.jpg
0.07651322,0.03670086,0.061119776,0.002744993,0.000117846466,0.001290788,0.18056849,0.2779974,4.1094543e-05,0.0012265466,0.9802012,957.1.jpg
0.0034106711,0.0009472598,0.22832362,0.016740957,0.0031702274,0.00084300205,0.12286061,0.21850957,0.0006641425,0.09611379,0.97270244,957.2.jpg
0.035046,0.004699576,0.010859619,0.0013081502,0.001145755,0.0002672129,0.15468694,0.34703052,0.0023478186,0.004131199,0.7671343,957.3.jpg
0.0015935942,0.00080699666,0.12152728,0.018564632,0.01846334,0.0008952701,0.06446245,0.4244847,0.005177178,0.022587737,0.89281523,957.4.jpg
0.3145956,0.112571746,0.07602629,0.0499153,0.015579172,0.025186088,0.75679255,0.43119428,0.004007582,0.037723444,0.9485277,958.1.jpg
0.37896693,0.2816615,0.22419885,0.121302776,0.19916646,0.032940626,0.61517817,0.5482653,0.02367053,0.1572498,0.93934286,958.2.jpg
0.64849955,0.1368498,0.15091754,0.016810652,0.0064455373,0.044545136,0.66703755,0.62308073,0.010010594,0.06653911,0.8855331,958.3.jpg
0.009271998,0.00040292402,0.12171919,0.043548327,0.0022633076,0.00096083246,0.09805484,0.2901981,0.0009833608,0.04161809,0.8872518,958.4.jpg
0.9943926,0.75528836,0.47007692,0.09527186,0.0005753664,0.1864853,0.5917243,0.041761164,0.0038757718,0.0033624102,0.8187463,959.1.jpg
0.9885035,0.30172145,0.7370343,0.068452105,0.00017205368,0.0713931,0.31053308,0.025644286,0.0015188826,0.0019123016,0.81969696,959.2.jpg
0.9999261,0.90651715,5.3423264e-06,1.3231902e-07,1.9375114e-10,0.0018586986,0.24148017,0.00034510726,3.1346957e-08,2.2762818e-09,0.19837813,959.3.jpg
0.9615263,0.016887365,0.008462647,0.00019371972,7.643832e-06,0.3357996,0.35363156,0.008624962,0.0002704737,0.00015898191,0.85350055,959.4.jpg
0.99526054,0.9318021,0.1218692,0.054239847,0.0035187053,0.025656583,0.28372702,0.1483704,0.0056031193,0.0024805912,0.9374951,96.1.jpg
0.03835791,0.003594593,0.0652495,0.024053205,0.00036824282,0.0025234781,0.04820589,0.1905239,0.0006749816,0.019817617,0.9167924,96.2.jpg
0.9992163,0.9729804,0.074577756,0.0047158594,7.401777e-05,0.21048875,0.6270792,0.0106546115,0.0010181895,0.00023054189,0.47771692,96.3.jpg
0.9891639,0.08500123,0.069089,0.01375348,0.002087997,0.0146339005,0.4663786,0.15609111,0.100712344,0.0024675617,0.1901275,96.4.jpg
0.0145522,0.0010096186,0.063968875,0.017009275,0.0018936817,0.0007947645,0.49721047,0.18711573,0.0008032634,0.02044087,0.930206,960.1.jpg
0.00023839892,1.39054455e-05,0.28702685,0.005343324,0.0010129189,6.4976393e-06,0.020964041,0.05157078,6.385203e-05,0.00019599138,0.33652467,960.2.jpg
0.9682721,0.35021436,0.0014253394,0.0014568426,0.00044974693,0.00084605155,0.18052371,0.005549517,0.001207846,3.3761557e-05,0.38883376,960.3.jpg
0.09012042,0.00026121896,0.012859467,0.0063226908,0.0001385283,0.0010405078,0.57277,0.07556212,0.00011159093,0.0014647704,0.8404355,960.4.jpg
0.30389628,0.007834559,0.060489748,0.010143526,0.005895921,0.0018401054,0.33433664,0.20642959,0.00074710895,0.060906045,0.9078647,961.1.jpg
0.09945486,0.0020787497,0.019034984,0.043733597,0.0016924798,0.0013788943,0.18568411,0.15400055,0.0008830383,0.10727895,0.94706386,961.2.jpg
0.12980473,0.0064017856,0.03285106,0.0061932746,0.0007285672,0.00639645,0.34327486,0.10086011,0.00023124657,0.06167148,0.98927325,961.3.jpg
0.009924599,0.0008842123,0.025224576,0.004150607,0.00038043992,0.00090568344,0.23685606,0.12684499,5.766012e-05,0.0060796165,0.96958286,961.4.jpg
0.16988917,0.0013809024,0.030635107,0.0066613797,0.0056590443,0.60972106,0.20900483,0.04651332,0.0005395717,0.64164585,0.98591113,962.1.jpg
0.017218327,0.00082049443,0.044134595,0.0012827005,0.0021705797,0.19083564,0.022079745,0.03696805,4.3772925e-05,0.8741066,0.9931995,962.2.jpg
0.082760975,0.012395856,0.09736588,0.027097315,0.029705709,0.5852365,0.18335798,0.14927708,0.016624924,0.96657735,0.9851881,962.3.jpg
0.34678373,0.030679235,0.007139919,0.005400667,0.09788454,0.17941421,0.38188556,0.28527015,0.083779074,0.11205673,0.12715296,962.4.jpg
0.013629795,0.0011302303,0.012838577,0.005227569,0.26820296,0.04055311,0.13806228,0.08804567,0.014951509,0.9724782,0.66230804,963.1.jpg
0.0066245114,0.0024972206,0.0030190255,0.0014961745,0.26445365,0.34700218,0.1383592,0.029555164,0.011311642,0.9943552,0.7006376,963.2.jpg
0.029258592,0.004627264,0.014666844,0.019684404,0.022672568,0.012699675,0.19469742,0.28946534,0.0012246444,0.8996243,0.7902126,963.3.jpg
0.010719748,0.00010337717,0.003175993,0.002735213,0.002578004,0.022288429,0.10600358,0.07489148,0.0001286066,0.76379347,0.95629483,963.4.jpg
0.10499104,0.029927546,0.0057536988,0.001968597,0.00021365599,0.0001881767,0.087934546,0.46573874,7.223753e-05,0.0034136144,0.88510317,964.1.jpg
0.009705754,0.0009743307,0.0028862732,0.0011542697,0.00032916805,1.2832957e-05,0.027145723,0.3431978,3.0099138e-05,0.0036823994,0.98192275,964.2.jpg
0.1424103,0.107944354,0.034026843,0.03785453,0.004071738,0.0012445078,0.048035745,0.22495288,0.00030467953,0.026169585,0.92745656,964.3.jpg
8.984797e-05,1.4061577e-05,0.04137756,0.0007974298,0.0002462892,5.3369753e-05,0.0010959259,0.027079929,1.6998727e-05,0.006493795,0.9689687,964.4.jpg
0.6853221,0.0088570565,0.008680231,0.04842796,0.0014726593,0.0016295803,0.27389413,0.040442728,0.001077749,0.003238317,0.24960506,965.1.jpg
0.039796572,0.00014767602,0.018251032,0.0045892894,0.0008802237,5.0185583e-05,0.06653001,0.03039737,0.0007899349,0.0032664246,0.09898843,965.2.jpg
0.1251978,0.003873847,0.1653489,0.073500045,0.031091688,0.04382929,0.38021743,0.04611979,0.020548714,0.23943734,0.79641354,965.3.jpg
0.15142095,0.0011453006,0.047944322,0.03666937,0.0023125482,0.018478742,0.3092138,0.08090825,0.004148136,0.15603584,0.9769521,965.4.jpg
0.59981924,0.060244568,0.7113342,0.029021531,0.014121981,0.05845168,0.634101,0.7147818,0.033102967,0.012522978,0.7443264,966.1.jpg
0.313966,0.062081072,0.67659324,0.037121456,0.00720377,0.035389826,0.31024444,0.29099095,0.0064366665,0.07852653,0.7603646,966.2.jpg
0.9205564,0.14925468,0.040931832,0.0060598794,0.0022637835,0.006085815,0.25161928,0.42217296,0.009599265,0.009371655,0.7255387,966.3.jpg
0.36416996,0.04560412,0.5130146,0.034596447,0.014852886,0.0048457636,0.15381426,0.55646324,0.010198893,0.034950003,0.5952483,966.4.jpg
0.04298167,0.0028821866,0.010102406,0.027776992,0.00016252814,0.00078327383,0.05792367,0.2109449,0.000894819,0.010784175,0.9241356,967.1.jpg
0.014558602,0.0016747174,0.016451748,0.2113813,0.0019929933,0.00023098302,0.045998536,0.17361657,0.00038611295,0.0150048705,0.30302373,967.2.jpg
0.047612116,0.032816127,0.0056531117,0.051749762,0.0001285421,0.0006366543,0.0315251,0.146016,0.00027535838,0.020650506,0.5890719,967.3.jpg
0.08718092,0.010653043,0.034837537,0.06958243,0.009154485,0.0039889216,0.44200242,0.58250874,0.00067106035,0.02573969,0.9482506,967.4.jpg
0.029538613,0.001387255,0.0112175075,0.042584106,0.00074871694,0.013952606,0.55776316,0.11799759,0.000103333914,0.016622156,0.9385709,968.1.jpg
0.019582244,0.0030548673,0.01596901,0.0028882732,0.0012300453,0.01444976,0.6591707,0.092469424,0.00013816197,0.006855124,0.8878903,968.2.jpg
0.30467108,0.021400591,0.19300704,0.13456124,0.006404058,0.10712921,0.47738624,0.35823694,0.002046616,0.24594952,0.99677485,968.3.jpg
0.14254524,0.025211776,0.120678335,0.074848704,0.010615077,0.2931529,0.6552371,0.46960172,0.0035393033,0.36611167,0.99927384,968.4.jpg
0.85612,0.58467644,0.51715606,0.17910342,0.02688333,0.19726789,0.8139317,0.6144621,0.021649918,0.02008426,0.9585378,969.1.jpg
0.6595451,0.016774265,0.5116029,0.030758623,0.007839935,0.024973197,0.13534889,0.18871702,0.04717077,0.0022716345,0.6517389,969.2.jpg
0.5367243,0.27505696,0.05114798,0.055551298,0.0009266157,0.0010837307,0.14531082,0.79640675,0.000102340644,0.0040591597,0.98441595,969.3.jpg
0.024800444,0.02515195,0.545429,0.33773047,0.026229119,0.025663624,0.076638475,0.48307022,0.0034897116,0.54629445,0.9680926,969.4.jpg
0.034225874,0.0031458626,0.013082299,0.059895586,0.0006849533,0.0012864633,0.51046705,0.5894037,3.9753897e-05,0.0012427411,0.9942392,97.1.jpg
0.09748056,0.008107197,0.08067776,0.104318246,0.10971661,0.02659457,0.52777725,0.9240314,0.0011790622,0.03484011,0.98389024,97.2.jpg
0.006163352,0.0014051093,0.024696203,0.022782749,0.00036764808,0.004277248,0.10517913,0.11665475,0.000133287,0.028045794,0.99515295,97.3.jpg
0.07938803,0.003338687,0.12925348,0.015538703,0.00046403627,0.0006135111,0.041885253,0.035479836,2.1537116e-05,0.007673521,0.98389393,97.4.jpg
0.010631986,0.001544022,0.09341066,0.009981982,0.051188324,0.09321704,0.2912802,0.19338912,0.0003097361,0.97028625,0.9568575,970.1.jpg
0.0017066272,0.00026034945,0.053191006,0.0033648082,0.054203067,0.03883631,0.074791834,0.086702645,0.00015842564,0.93824327,0.92330724,970.2.jpg
0.3711601,0.0032105672,0.0053667873,0.007058312,0.0014333049,0.048967693,0.062720396,0.016098795,0.009471262,0.01023797,0.26309696,970.3.jpg
0.9932238,0.3711323,0.02208695,0.050784435,0.0117716845,0.5179956,0.45378295,0.017138869,0.50657606,0.008817783,0.14419664,970.4.jpg
0.8177411,0.08562659,0.118002325,0.0076178457,0.000990792,0.031825803,0.30820408,0.29673126,0.0026690098,0.053537764,0.8963079,971.1.jpg
0.20371771,0.010975015,0.049359478,0.033283185,0.0023647759,0.0032320868,0.06168412,0.43096492,0.0028511144,0.10519847,0.8407638,971.2.jpg
0.99846894,0.5473518,0.049227916,0.0061546834,0.0001699419,0.06784407,0.5991487,0.06573485,0.0059144464,0.00026925906,0.30047175,971.3.jpg
0.092441596,0.0064008725,0.006920512,0.086657405,0.001358368,0.0016598903,0.10207654,0.06107606,0.0005426505,0.09757119,0.9785882,971.4.jpg
0.68400365,0.122744665,0.014858525,0.0052403207,0.0015812682,0.00025584197,0.031670887,0.40799677,0.0006486687,0.0025245228,0.4223292,972.1.jpg
0.021880765,0.002788022,0.010475169,0.0006894059,0.0012909109,2.4229434e-05,0.0028097858,0.4252813,1.7904596e-05,0.00097573665,0.14765562,972.2.jpg
0.4045482,0.08157833,0.10824541,0.028923333,0.027621806,0.017202616,0.3473673,0.39302084,0.010478081,0.034381185,0.84559083,972.3.jpg
0.044730365,0.0012238013,0.06038836,0.037850562,0.003137625,0.011988608,0.4343252,0.31693614,0.009983843,0.1026483,0.92336655,972.4.jpg
0.32013097,0.04847682,0.103843026,0.029755473,0.3697183,0.6774096,0.5153571,0.29751244,0.052339405,0.6294559,0.8412782,973.1.jpg
0.3579784,0.067093626,0.47757143,0.036736675,0.20518488,0.5772784,0.5858954,0.25468144,0.030346926,0.65854526,0.80288875,973.2.jpg
0.3558426,0.0025999274,0.04256498,0.001714777,0.02384804,0.03470649,0.259264,0.2719483,0.00086181215,0.7445353,0.927175,973.3.jpg
0.015439376,0.00066069677,0.017583126,0.0031488112,0.2849546,0.18715498,0.23609218,0.22855085,0.0018297526,0.8257544,0.6975369,973.4.jpg
0.008236063,0.0018666977,0.0059680887,0.122426376,0.0037660222,0.0007905852,0.009982397,0.057921622,0.0002643245,0.12003968,0.9624684,974.1.jpg
0.0016041602,7.139518e-05,0.0053380304,0.028268835,0.00026364572,6.313689e-05,0.0041510346,0.10676597,2.3484437e-05,0.019688757,0.9819542,974.2.jpg
0.044943452,0.0039196555,0.006380568,0.0036796222,0.00014558286,0.00518489,0.4308284,0.07280417,0.00014835488,0.0021324535,0.86909837,974.3.jpg
0.012132314,0.006500881,0.0032307517,0.018932598,0.000132517,0.00048761515,0.04505555,0.06923548,2.2828738e-06,0.005087574,0.98866,974.4.jpg
0.93224347,0.5291264,0.36526108,0.14736438,0.03044354,0.034702193,0.2400906,0.27583557,0.008852198,0.023905752,0.79937273,975.1.jpg
0.617423,0.055855583,0.05674856,0.10982562,0.083699346,0.0073599536,0.27085012,0.59222186,0.027707063,0.054395773,0.799327,975.2.jpg
0.72560424,0.043758187,0.7471731,0.0676454,0.00026381796,0.011082942,0.19384858,0.14583382,0.00074760744,0.0011500551,0.8521803,975.3.jpg
0.002215795,9.698676e-05,0.013595591,0.02658187,0.0013555837,0.0055228523,0.056760598,0.22976707,0.00032314615,0.077284984,0.9861449,975.4.jpg
0.08787472,0.01303626,0.26902232,0.020422483,0.0012024256,0.0028629424,0.15876694,0.34635037,0.00075969414,0.115358725,0.9728491,976.1.jpg
0.02139091,0.015489208,0.055191178,0.032726686,0.00054603076,0.00091453566,0.015225919,0.12841353,0.00031369,0.19022049,0.97806656,976.2.jpg
0.06102067,0.016281348,0.03225608,0.0057292413,0.00011712109,0.0029211366,0.03209104,0.10256346,5.281838e-05,0.0147001315,0.9874494,976.3.jpg
0.07669177,0.08721057,0.32928124,0.041879952,0.015319338,0.118574135,0.25339028,0.24671796,0.00327548,0.33206168,0.98892236,976.4.jpg
0.98580813,0.8002303,0.05646259,0.0106042,0.003935809,0.0075930348,0.18872498,0.53884006,0.00156292,0.0071962234,0.75911033,977.1.jpg
0.0010453614,5.7251596e-05,0.025830666,0.0040969104,0.000858998,4.1643456e-05,0.002921217,0.2907834,6.8133646e-05,0.037874013,0.6742192,977.2.jpg
0.2288356,0.0058904877,0.019011931,0.0010094119,0.000795205,0.00034863284,0.1451318,0.1259172,0.0006570212,0.021603215,0.094827816,977.3.jpg
0.038951214,0.0027732302,0.03926566,0.0036349797,0.0039137043,0.0018570529,0.12297011,0.6565997,0.00012828814,0.053158533,0.5556876,977.4.jpg
0.051473938,0.00035875096,0.0018280745,0.00050044106,9.0597154e-05,0.0010515022,0.05464398,0.22942679,1.2379119e-05,0.030102955,0.9894639,978.1.jpg
0.0031211432,0.00032341923,0.009374661,0.027088396,0.00097155443,0.00042516456,0.030412633,0.25181493,2.0127523e-05,0.32701737,0.9670081,978.2.jpg
0.18779069,0.004760027,0.0040798504,0.002030529,0.00015674932,0.004138108,0.3818,0.05269163,8.741026e-05,0.036910497,0.8930259,978.3.jpg
0.014978122,0.0002827772,0.000687998,0.0011038071,3.4813434e-05,0.0012095988,0.054361273,0.045508284,9.473784e-05,0.107575715,0.8929828,978.4.jpg
0.11732634,0.0024699266,0.011255111,0.018093579,7.137728e-05,0.00023831255,0.040768743,0.10938281,0.00022696545,0.05982298,0.8417312,979.1.jpg
0.8239615,0.14541475,0.08432293,0.035779923,0.008523488,0.02108424,0.59267426,0.52278334,0.018104391,0.07063648,0.80929255,979.2.jpg
0.028823234,0.0045628594,0.03839179,0.078897275,0.0015401872,0.0013880236,0.026560726,0.15876788,0.00016189044,0.051308163,0.80851156,979.3.jpg
0.021788664,0.00016802836,0.010325273,0.057909217,0.00032494907,0.00070047844,0.01721351,0.11377551,0.0005478575,0.09015925,0.79540795,979.4.jpg
0.35695395,0.012889282,0.03191558,0.11116591,0.0013022728,0.01754171,0.3329513,0.24711312,0.0035734756,0.057929605,0.99207675,98.1.jpg
0.0012519384,0.00017160655,0.0376303,0.05504979,0.026660834,0.006514739,0.13929155,0.30569017,0.00010367709,0.105063766,0.98372686,98.2.jpg
0.14386345,0.00052718964,0.0028295976,0.005894032,0.000144886,0.0043649776,0.27341804,0.23894872,0.00012672556,0.009485915,0.9917597,98.3.jpg
0.25281936,0.005854347,0.022341277,0.008481806,0.0024491674,0.08036358,0.77651703,0.52105504,0.0008006697,0.021801364,0.9943376,98.4.jpg
0.75169593,0.492024,0.6324724,0.16734113,0.06725101,0.7727782,0.8454327,0.56174135,0.097294904,0.23167293,0.9594282,980.1.jpg
0.013039556,0.0028051587,0.51684296,0.05124612,0.005464621,0.027680272,0.36779577,0.24751088,0.0018791973,0.50819474,0.9746425,980.2.jpg
0.1087448,0.017471062,0.07392088,0.023607278,0.00036543512,0.05688958,0.5783482,0.30760774,0.00074210006,0.020803794,0.99328786,980.3.jpg
0.097958714,0.017712722,0.050716408,0.014901401,0.0017053237,0.022241367,0.59295934,0.4510076,0.0012617746,0.16851586,0.99774987,980.4.jpg
0.38133457,0.04500141,0.030110067,0.12277666,0.0052422695,0.0021587044,0.6326984,0.4479333,0.005103594,0.0038130537,0.82100093,981.1.jpg
0.4089567,0.07866388,0.17439184,0.09696458,0.10244103,0.014019515,0.8781255,0.7366536,0.050087787,0.015012816,0.6688377,981.2.jpg
0.08287519,0.005853076,0.019394126,0.004148365,0.0036172625,0.0034124204,0.2616371,0.7198895,0.0023671058,0.0016326088,0.90178025,981.3.jpg
0.037774984,0.0030512097,0.0823124,0.0074575683,0.004356978,0.001201144,0.24196117,0.39196584,0.0007100526,0.005647783,0.9733469,981.4.jpg
0.16609074,0.013310039,0.025398668,0.009358842,0.02741688,0.00032919942,0.025146225,0.9235758,0.0009853274,0.0021660817,0.29102027,983.1.jpg
0.024405332,0.011142721,0.1913341,0.056682926,0.047861356,0.00057139626,0.07835509,0.9180099,0.004685579,0.0042788913,0.41062263,983.2.jpg
0.9755746,0.94956553,0.052153014,0.026138844,0.001552436,0.0069903876,0.22552486,0.2778141,0.0028045054,0.00081586296,0.2566759,983.3.jpg
0.40083426,0.06264186,0.26533794,0.102601886,0.01767873,0.006604897,0.45759302,0.7788731,0.078198865,0.0011576302,0.021294158,983.4.jpg
0.001503195,0.00033845645,0.0037372697,0.0007361128,0.0007175947,0.0016601463,0.031364933,0.0023319754,8.049541e-05,0.09409644,0.04452307,984.1.jpg
0.0008085716,0.00042781574,0.0013741074,0.001501988,0.00014874456,0.00012298496,0.051456295,0.0074128034,2.155972e-05,0.11966079,0.08480031,984.2.jpg
0.013955369,0.003003926,0.0016089673,0.0027941002,0.00021232502,0.000373396,0.06378143,0.021719359,3.0963325e-05,0.03913883,0.058976434,984.3.jpg
0.016780699,0.008899746,0.00236034,0.0043250285,0.002408166,0.010216843,0.043724634,0.018002843,0.00011486434,0.3099681,0.09283788,984.4.jpg
0.02404062,0.0022716355,0.023265585,0.0012403339,0.0017650906,0.00017308537,0.010000792,0.6700527,8.858925e-05,0.0073844627,0.9665011,985.1.jpg
0.015378736,0.0012828503,0.01565242,0.0012784651,0.00082676165,8.764848e-05,0.0050489986,0.21902384,4.3237404e-05,0.0076857195,0.9318794,985.2.jpg
0.85834825,0.5992145,0.07119396,0.053464383,0.0060352045,0.0014765757,0.058739055,0.4997361,0.0014034163,0.009850898,0.85485786,985.3.jpg
0.07502356,0.003353716,0.014580969,0.0077288724,0.00095980184,3.2717988e-05,0.004493183,0.11903355,1.973441e-05,0.020240454,0.96847063,985.4.jpg
0.058338884,0.018234693,0.0076778284,0.007825036,0.00025879775,0.00087102986,0.031694885,0.8205422,0.0001082742,0.004558067,0.96919334,986.1.jpg
0.027620947,0.003507298,0.15130241,0.005085011,0.011942273,0.0042320495,0.12745887,0.4823271,0.00044907417,0.020023134,0.9625849,986.2.jpg
0.18646766,0.16793528,0.026135512,0.018231224,0.0005607308,0.0035327643,0.17217837,0.9149057,0.00063612446,0.0026975025,0.95501477,986.3.jpg
0.02278069,0.004874779,0.010930376,0.002476372,0.00042352627,0.0002554498,0.027425358,0.6543517,2.5990128e-05,0.0034716933,0.9842957,986.4.jpg
0.97546357,0.64058393,0.037833452,0.012527229,0.004322434,0.8514018,0.36432734,0.018381173,0.070800595,0.07435078,0.6805755,987.1.jpg
0.115919046,0.0052585797,0.003996972,0.0041713794,0.010454386,0.20083773,0.3759449,0.022986248,0.040688924,0.56518495,0.1973772,987.2.jpg
0.99926084,0.9879556,0.03474195,0.0017535147,0.0010172442,0.46800563,0.12467081,0.010874263,0.015985254,0.0025228362,0.28547737,987.3.jpg
0.5685399,0.2573826,0.31788835,0.016065422,0.026049862,0.61506873,0.09936611,0.14577627,0.03356046,0.56638175,0.7844109,987.4.jpg
0.009982024,0.00021368288,0.023724433,0.0205423,0.043747827,0.0060536447,0.3629056,0.16810505,0.00022715855,0.6383376,0.94173807,988.1.jpg
0.022302404,0.0031939235,0.018003622,0.016794156,0.029167233,0.0036529673,0.2257468,0.64680004,0.0001293741,0.8316617,0.9569471,988.2.jpg
0.5670499,0.1534676,0.041028604,0.019934872,0.0028240504,0.053532954,0.24188979,0.23161592,0.00051303755,0.26676533,0.943759,988.3.jpg
0.11042721,0.0035385317,0.0093608275,0.00055678235,0.0006702972,0.000112223504,0.004413406,0.101657555,6.441642e-06,0.036742404,0.32225323,988.4.jpg
0.61445624,0.07538923,0.008959052,0.0058237268,0.00029374758,0.0015381881,0.14617968,0.22778048,0.00014827441,0.014779032,0.9921976,989.1.jpg
0.05600045,0.0043843864,0.026980106,0.0011782965,0.0044454243,0.00023761943,0.013568078,0.43755937,3.420078e-05,0.0076074316,0.99497,989.2.jpg
0.01701205,0.0004169613,0.001189978,0.0003617012,2.9705558e-05,2.4693427e-05,0.047861736,0.062246684,4.51839e-05,0.0020240308,0.11423661,989.3.jpg
0.046984088,0.00724851,0.015457869,0.0025469325,0.00042695913,0.00012027197,0.019108726,0.18250068,6.887628e-05,0.009805275,0.5701964,989.4.jpg
0.17362498,0.06852899,0.09246436,0.0773674,0.0024885589,0.0009340949,0.076680236,0.20804344,0.0011270752,0.014115658,0.21787116,99.1.jpg
0.017118284,0.0013601338,0.5222974,0.039589956,0.0019621386,0.00046868017,0.13730247,0.20199679,0.0018650574,0.002810419,0.29809156,99.2.jpg
0.12387938,0.055949565,0.090129495,0.0115132,0.0015268698,0.042921737,0.7434284,0.26971996,0.01404106,0.02703067,0.5012331,99.3.jpg
0.13751853,0.03463602,0.4802083,0.048340797,0.013358402,0.023261089,0.5518949,0.14492483,0.03542496,0.02240058,0.4393371,99.4.jpg
0.00400108,0.00048765138,0.009290492,0.02886453,2.2875154e-05,0.001012697,0.008425242,0.14947954,0.0006340916,0.0070748404,0.9688835,990.1.jpg
0.020450002,9.444758e-05,0.033495344,0.011100725,0.00014199872,0.0064624827,0.2824154,0.19349907,7.032687e-05,0.0056331865,0.98483515,990.2.jpg
0.015981985,0.00031569475,0.024815468,0.010866157,0.00020057896,0.004303973,0.43357536,0.5676935,1.1272177e-05,0.0020977147,0.99495983,990.3.jpg
0.30074835,0.0015596309,0.0019756735,0.009247693,1.5489988e-05,0.0004190351,0.21687883,0.15403384,1.77305e-05,0.0009869325,0.9859562,990.4.jpg
0.028897604,0.0011499532,0.0012832487,0.010484326,0.0009513285,0.0001219688,0.0064098462,0.26369888,5.231424e-05,0.5225463,0.9519139,991.1.jpg
0.009927276,0.0021844609,0.006081141,0.0045095636,0.04690135,0.056104895,0.16476078,0.26903394,0.0010002432,0.48650685,0.23268074,991.2.jpg
0.013615341,0.0005358835,0.0021825586,0.00022193676,0.00081436674,0.0056532756,0.061064236,0.08646454,3.214641e-05,0.8542409,0.9142952,991.3.jpg
0.17613833,0.0039801844,0.0018393348,0.002367011,0.0019861043,0.029178105,0.34255233,0.25861067,0.00021341819,0.87318254,0.9849696,991.4.jpg
0.06066252,0.0070502665,0.078279845,0.035154853,0.2293613,0.12331913,0.26061538,0.2563023,0.005217061,0.91445905,0.81320816,992.1.jpg
0.0055448823,0.00029886118,0.012402034,0.0055786367,0.022279875,0.011251381,0.21701215,0.21813309,0.00039211134,0.97409344,0.9570548,992.2.jpg
0.01806469,0.0027005197,0.030821482,0.009624354,0.15398537,0.042642016,0.32085422,0.29499662,0.00092466135,0.9444858,0.75827205,992.3.jpg
0.09280495,0.008314646,0.030398237,0.01639548,0.14038037,0.19621357,0.65627676,0.4902354,0.013168424,0.9676812,0.95119244,992.4.jpg
0.92843205,0.21172173,0.04645066,0.027867042,0.018001394,0.0130219115,0.821042,0.9173481,0.028435173,0.010076498,0.7380998,993.1.jpg
0.3558814,0.062053032,0.22236232,0.13069867,0.003850942,0.0029651425,0.55458236,0.78028595,0.0028432019,0.0031805707,0.6581887,993.2.jpg
0.8301182,0.25530675,0.19226044,0.07574636,0.030500367,0.0005923813,0.22835957,0.6458715,0.00071137235,0.00079331326,0.4307758,993.3.jpg
0.093002506,0.014623314,0.7774255,0.032274343,0.051133726,0.0012978666,0.24054448,0.7928208,0.0018760605,0.009257087,0.29846266,993.4.jpg
0.05136738,0.0014185741,0.0015973245,0.0005846173,2.4496618e-05,8.042858e-05,0.14862682,0.6441731,1.1277425e-05,0.0049854787,0.9232441,995.1.jpg
0.049350105,0.0058147446,0.013951827,0.034224935,0.0021727371,0.00029554236,0.014262192,0.72494465,0.00092733547,0.05099545,0.8756845,995.2.jpg
0.17629814,0.018655982,0.0057992404,0.004542119,0.0050845314,0.0006226589,0.3768317,0.655695,0.00012544166,0.0037739447,0.9230329,995.3.jpg
0.15663482,0.009223848,0.03571118,0.031043194,0.0032802238,0.0028710656,0.3605712,0.48968342,0.0011099137,0.04804871,0.9227821,995.4.jpg
0.069392696,0.0039056987,0.025096321,0.0031800491,0.07757853,0.31586987,0.11649988,0.0787841,0.0005726975,0.95232296,0.55964226,996.1.jpg
0.014511263,0.0010876625,0.005867477,0.000448134,0.092647985,0.52396715,0.04817783,0.01884561,0.0006989727,0.9673633,0.4883369,996.2.jpg
0.31129572,0.061040163,0.008549623,0.0023318,0.25388572,0.51153105,0.24110112,0.09612865,0.0062029767,0.85132444,0.50981694,996.3.jpg
0.049422886,0.006076373,0.0016905046,0.0003985304,0.055716787,0.5978475,0.13507913,0.015231531,0.0009713587,0.9143725,0.20689614,996.4.jpg
0.087493114,0.013642462,0.02651529,0.011502287,0.0036014689,0.009979226,0.30765155,0.6546295,0.0005461325,0.019388024,0.9697425,997.1.jpg
0.0024118563,0.00037439156,0.047658365,0.013297171,0.001145791,0.0019772546,0.05742997,0.31353977,0.000101621794,0.030584835,0.9869227,997.2.jpg
0.10744739,0.021392504,0.13392326,0.022111088,0.011492765,0.006365199,0.308484,0.84731203,0.001254248,0.020030497,0.96461105,997.3.jpg
0.063570656,0.011240814,0.12461682,0.046743046,0.0333067,0.0045454944,0.18313938,0.31125996,0.0023126705,0.06890098,0.9044661,997.4.jpg
0.97181255,0.1275886,0.0063105333,0.0012476934,8.089486e-05,0.015024165,0.54616755,0.0690676,0.00035907363,0.0001354469,0.95903367,998.1.jpg
0.13894674,0.0007114137,0.09609704,0.04003582,0.0009497427,0.0098795155,0.40866384,0.024637,0.032138865,0.0010876283,0.25849727,998.2.jpg
0.88920546,0.14720184,0.12206968,0.023883631,0.009798115,0.038280834,0.5549625,0.4290911,0.009876288,0.009084706,0.17828171,998.3.jpg
0.10464597,0.010531695,0.16790481,0.52049303,0.05709987,0.033633146,0.16387145,0.22787283,0.0428319,0.16202356,0.33691603,998.4.jpg
0.050846513,0.004971205,0.08539387,0.02895428,0.00015597671,0.0016941031,0.07993651,0.276456,0.0003204357,0.010145188,0.95186293,999.1.jpg
0.13986255,0.019891798,0.21960656,0.050283216,0.0060772398,0.016810069,0.41605648,0.4928547,0.001626944,0.09350417,0.9880122,999.2.jpg
0.8672635,0.095968306,0.7029017,0.03299826,0.0007200972,0.016760547,0.6714067,0.1812193,0.0099402005,0.017101774,0.5553278,999.3.jpg
0.10527481,0.046396125,0.021854939,0.031752773,0.060139418,0.003116294,0.49203372,0.6720311,0.0035696288,0.05306398,0.6573094,999.4.jpg
